player_id,season,minutes,goals,assists,january_cutoff,season_start,minutes_played_by_jan,goals_by_jan,assists_by_jan
3333,2019/20,926,2,2,,2019-08-01,573,2,2
3333,2020/21,1061,0,1,,2020-08-01,331,0,1
3333,2021/22,850,0,1,,2021-08-01,531,0,1
3333,2022/23,893,0,1,,2022-08-01,463,0,1
3333,2023/24,778,0,2,,2023-08-01,596,0,2
3333,2024/25,173,0,0,,2024-08-01,172,0,0
3333,2025/26,778,1,1,,2025-08-01,282,1,1
6636,2019/20,770,0,0,,2019-08-01,364,0,0
6636,2020/21,702,0,0,,2020-08-01,702,0,0
8198,2021/22,2459,18,3,,2021-08-01,1208,8,3
8198,2022/23,520,1,0,,2022-08-01,520,1,0
10003,2019/20,430,0,0,,2019-08-01,146,0,0
10003,2020/21,16,0,0,,2020-08-01,16,0,0
12384,2019/20,2352,1,1,,2019-08-01,1023,1,1
13507,2019/20,400,0,0,,2019-08-01,153,0,0
13520,2019/20,240,0,0,,2019-08-01,128,0,0
13520,2020/21,527,0,0,,2020-08-01,141,0,0
13572,2019/20,3420,0,0,,2019-08-01,1800,0,0
13572,2021/22,2340,0,1,,2021-08-01,720,0,1
13573,2019/20,965,0,0,,2019-08-01,369,0,0
14086,2019/20,953,0,0,,2019-08-01,953,0,0
14086,2021/22,1238,0,2,,2021-08-01,732,0,2
14086,2022/23,2038,1,0,,2022-08-01,816,1,0
14086,2023/24,2290,0,0,,2023-08-01,1216,0,0
14086,2024/25,1870,1,3,,2024-08-01,1271,1,3
14221,2019/20,486,0,0,,2019-08-01,386,0,0
14221,2021/22,1549,2,0,,2021-08-01,185,1,0
15773,2019/20,1890,0,1,,2019-08-01,720,0,0
15773,2020/21,273,0,0,,2020-08-01,270,0,0
15930,2019/20,435,0,0,,2019-08-01,360,0,0
16306,2022/23,2127,4,3,,2022-08-01,889,1,2
16306,2023/24,1985,1,2,,2023-08-01,649,1,0
16306,2024/25,1498,1,0,,2024-08-01,838,1,0
16306,2025/26,2589,9,2,,2025-08-01,1148,4,1
16911,2019/20,3420,0,0,,2019-08-01,1800,0,0
16911,2020/21,3420,0,0,,2020-08-01,1440,0,0
16911,2021/22,3330,0,0,,2021-08-01,1620,0,0
17965,2019/20,1808,0,0,,2019-08-01,548,0,0
17965,2020/21,3420,0,0,,2020-08-01,1350,0,0
17965,2021/22,3420,0,0,,2021-08-01,1530,0,0
17965,2022/23,2205,0,0,,2022-08-01,1350,0,0
19948,2020/21,90,0,0,,2020-08-01,90,0,0
19948,2021/22,180,0,0,,2021-08-01,180,0,0
20007,2019/20,589,0,0,,2019-08-01,289,0,0
22614,2019/20,1512,5,5,,2019-08-01,921,3,1
22614,2020/21,531,0,0,,2020-08-01,4,0,0
26267,2019/20,2399,0,1,,2019-08-01,1395,0,0
26267,2020/21,1184,0,2,,2020-08-01,323,0,0
26267,2021/22,958,2,1,,2021-08-01,514,1,1
26399,2019/20,1457,16,4,,2019-08-01,909,10,2
26399,2020/21,558,4,1,,2020-08-01,137,0,0
27511,2019/20,2168,0,1,,2019-08-01,1080,0,0
27511,2020/21,1800,1,1,,2020-08-01,450,0,0
29241,2020/21,1938,2,0,,2020-08-01,973,2,0
29241,2021/22,2651,3,1,,2021-08-01,1283,2,1
29241,2022/23,2352,0,2,,2022-08-01,1163,0,2
29241,2023/24,2528,3,1,,2023-08-01,1652,1,0
29364,2019/20,3108,1,6,,2019-08-01,1710,1,5
29364,2020/21,2534,1,1,,2020-08-01,982,0,0
29364,2021/22,2976,2,1,,2021-08-01,1483,0,0
29364,2022/23,1783,0,2,,2022-08-01,1150,0,1
29391,2019/20,158,0,0,,2019-08-01,158,0,0
29692,2019/20,2119,0,0,,2019-08-01,664,0,0
29692,2020/21,3150,0,0,,2020-08-01,1440,0,0
29692,2021/22,3330,0,0,,2021-08-01,1710,0,0
29692,2022/23,3113,0,0,,2022-08-01,1424,0,0
29692,2023/24,721,0,0,,2023-08-01,270,0,0
29692,2024/25,1161,0,0,,2024-08-01,891,0,0
29975,2019/20,235,0,0,,2019-08-01,57,0,0
31835,2019/20,2685,4,3,,2019-08-01,1256,1,1
31835,2020/21,706,0,0,,2020-08-01,224,0,0
31835,2021/22,327,1,0,,2021-08-01,93,1,0
33027,2019/20,3240,0,0,,2019-08-01,1620,0,0
33027,2021/22,2610,0,0,,2021-08-01,1530,0,0
33713,2019/20,1297,2,3,,2019-08-01,597,0,1
33713,2020/21,1641,3,3,,2020-08-01,942,2,2
33713,2021/22,379,0,0,,2021-08-01,378,0,0
33713,2022/23,1133,2,2,,2022-08-01,112,0,0
33873,2021/22,270,0,0,,2021-08-01,90,0,0
33873,2022/23,90,0,0,,2022-08-01,90,0,0
34130,2019/20,1795,0,0,,2019-08-01,1710,0,0
34322,2019/20,1697,2,0,,2019-08-01,1427,1,0
35416,2019/20,1824,2,2,,2019-08-01,1200,0,2
35416,2020/21,2402,8,1,,2020-08-01,836,4,1
35518,2019/20,1833,6,10,,2019-08-01,1018,3,6
35664,2019/20,1449,1,2,,2019-08-01,820,0,1
36291,2019/20,57,0,0,,2019-08-01,57,0,0
36827,2020/21,767,0,0,,2020-08-01,677,0,0
36859,2019/20,33,0,0,,2019-08-01,13,0,0
37304,2019/20,1399,2,3,,2019-08-01,495,0,2
37304,2020/21,201,0,0,,2020-08-01,183,0,0
37304,2021/22,303,1,0,,2021-08-01,107,0,0
37403,2019/20,686,0,0,,2019-08-01,686,0,0
37838,2019/20,777,0,1,,2019-08-01,670,0,1
37920,2020/21,149,0,1,,2020-08-01,10,0,0
37981,2019/20,57,0,0,,2019-08-01,57,0,0
38094,2020/21,228,0,0,,2020-08-01,93,0,0
38145,2019/20,1510,0,0,,2019-08-01,777,0,0
39015,2019/20,22,0,0,,2019-08-01,22,0,0
39372,2019/20,628,1,0,,2019-08-01,200,1,0
39381,2020/21,922,11,2,,2020-08-01,161,1,0
40423,2019/20,346,0,0,,2019-08-01,256,0,0
40611,2019/20,2744,1,1,,2019-08-01,1214,1,1
40611,2020/21,2599,0,1,,2020-08-01,1339,0,0
40611,2021/22,338,0,0,,2021-08-01,338,0,0
40613,2019/20,2618,0,0,,2019-08-01,1558,0,0
40613,2021/22,1676,1,0,,2021-08-01,555,0,0
40613,2023/24,25,0,0,,2023-08-01,16,0,0
41112,2019/20,1024,0,0,,2019-08-01,976,0,0
41416,2019/20,3104,0,4,,2019-08-01,1648,0,3
41416,2020/21,1471,0,2,,2020-08-01,1111,0,1
41416,2021/22,1437,0,4,,2021-08-01,953,0,2
42412,2019/20,3386,1,2,,2019-08-01,1772,1,2
42412,2020/21,2476,2,2,,2020-08-01,1070,0,1
42412,2021/22,1350,1,1,,2021-08-01,753,1,1
42412,2022/23,1053,0,0,,2022-08-01,810,0,0
42412,2023/24,1396,0,1,,2023-08-01,821,0,1
42412,2024/25,314,0,0,,2024-08-01,290,0,0
42460,2022/23,2111,1,8,,2022-08-01,922,0,4
42460,2023/24,98,0,1,,2023-08-01,98,0,1
42710,2019/20,2958,2,2,,2019-08-01,1710,0,2
42710,2020/21,2241,1,0,,2020-08-01,891,0,0
43250,2019/20,1646,1,1,,2019-08-01,1109,1,1
43530,2019/20,374,1,1,,2019-08-01,282,1,1
43530,2020/21,1590,1,1,,2020-08-01,749,0,1
43530,2021/22,1561,0,1,,2021-08-01,1247,0,1
43530,2022/23,728,2,1,,2022-08-01,620,2,1
43530,2023/24,846,0,1,,2023-08-01,483,0,1
43530,2024/25,355,0,2,,2024-08-01,323,0,2
43763,2019/20,1878,0,4,,2019-08-01,1234,0,3
43763,2020/21,1263,0,2,,2020-08-01,355,0,0
43763,2021/22,727,0,1,,2021-08-01,109,0,0
44068,2019/20,752,0,2,,2019-08-01,422,0,0
44068,2020/21,511,1,2,,2020-08-01,337,0,2
44779,2022/23,1247,1,0,,2022-08-01,551,0,0
44792,2020/21,810,0,0,,2020-08-01,450,0,0
44794,2019/20,190,0,0,,2019-08-01,178,0,0
44983,2019/20,1260,3,1,,2019-08-01,396,2,0
44983,2021/22,164,1,0,,2021-08-01,21,0,0
45026,2019/20,3420,0,0,,2019-08-01,1800,0,0
45026,2020/21,3330,0,0,,2020-08-01,1440,0,0
45333,2019/20,1672,0,0,,2019-08-01,440,0,0
45333,2020/21,823,0,0,,2020-08-01,332,0,0
45494,2019/20,270,0,0,,2019-08-01,180,0,0
45494,2021/22,180,0,0,,2021-08-01,90,0,0
45494,2022/23,271,0,0,,2022-08-01,90,0,0
45671,2019/20,466,2,0,,2019-08-01,290,1,0
45671,2020/21,44,0,0,,2020-08-01,33,0,0
45671,2021/22,6,0,0,,2021-08-01,6,0,0
45693,2019/20,790,1,1,,2019-08-01,399,0,0
45760,2019/20,1189,0,0,,2019-08-01,924,0,0
46001,2019/20,2456,2,1,,2019-08-01,1600,2,1
46001,2020/21,1577,0,0,,2020-08-01,1043,0,0
46001,2021/22,3221,2,1,,2021-08-01,1331,0,1
46220,2020/21,417,0,2,,2020-08-01,214,0,2
46741,2019/20,2811,2,1,,2019-08-01,1530,2,0
46741,2020/21,1396,1,0,,2020-08-01,480,0,0
46972,2019/20,2893,11,3,,2019-08-01,1787,9,3
46972,2021/22,3261,11,3,,2021-08-01,1555,5,0
47713,2019/20,931,0,0,,2019-08-01,421,0,0
47713,2020/21,275,0,0,,2020-08-01,275,0,0
48002,2019/20,2787,2,0,,2019-08-01,1260,2,0
48002,2020/21,2493,3,0,,2020-08-01,1413,2,0
48002,2021/22,922,1,0,,2021-08-01,922,1,0
48002,2022/23,1236,0,0,,2022-08-01,115,0,0
48002,2023/24,634,0,0,,2023-08-01,228,0,0
48066,2019/20,618,0,4,,2019-08-01,497,0,3
48066,2020/21,383,1,0,,2020-08-01,198,0,0
48280,2020/21,1368,10,3,,2020-08-01,296,3,2
48280,2021/22,765,2,1,,2021-08-01,349,2,0
49499,2019/20,2948,4,0,,2019-08-01,1500,2,0
49499,2020/21,2948,2,0,,2020-08-01,1262,1,0
49542,2019/20,1047,3,2,,2019-08-01,260,1,0
49542,2020/21,728,3,0,,2020-08-01,189,1,0
49755,2019/20,2529,0,1,,2019-08-01,1601,0,1
49755,2020/21,258,0,0,,2020-08-01,230,0,0
49755,2021/22,123,0,0,,2021-08-01,32,0,0
50174,2019/20,1759,0,0,,2019-08-01,825,0,0
50174,2021/22,689,0,0,,2021-08-01,689,0,0
50201,2019/20,1258,2,1,,2019-08-01,487,0,0
50201,2020/21,1817,10,1,,2020-08-01,488,3,0
50201,2021/22,1137,4,1,,2021-08-01,999,4,1
50362,2019/20,1190,0,0,,2019-08-01,749,0,0
50362,2020/21,261,0,0,,2020-08-01,212,0,0
50362,2021/22,666,0,0,,2021-08-01,250,0,0
50935,2019/20,107,1,0,,2019-08-01,107,1,0
51152,2020/21,1390,3,3,,2020-08-01,789,2,2
51152,2022/23,2016,14,2,,2022-08-01,1197,10,2
51152,2023/24,32,0,0,,2023-08-01,32,0,0
51226,2019/20,113,0,0,,2019-08-01,113,0,0
51471,2019/20,2074,1,3,,2019-08-01,1315,1,3
51471,2020/21,1818,0,1,,2020-08-01,575,0,1
51471,2021/22,1556,2,5,,2021-08-01,847,1,5
51471,2022/23,1705,1,2,,2022-08-01,632,0,1
51471,2023/24,1548,1,0,,2023-08-01,765,0,0
51471,2024/25,2203,6,2,,2024-08-01,1161,3,0
51471,2025/26,126,0,1,,2025-08-01,4,0,0
52059,2021/22,517,1,0,,2021-08-01,427,1,0
52059,2022/23,1099,0,0,,2022-08-01,637,0,0
52059,2023/24,1087,1,0,,2023-08-01,187,0,0
52119,2019/20,2511,3,2,,2019-08-01,1444,2,0
52119,2020/21,1775,0,1,,2020-08-01,828,0,1
52495,2019/20,3255,0,1,,2019-08-01,1746,0,0
52495,2020/21,2586,0,1,,2020-08-01,1342,0,0
52495,2023/24,318,0,0,,2023-08-01,318,0,0
52570,2021/22,1710,0,0,,2021-08-01,180,0,0
52570,2022/23,1215,0,0,,2022-08-01,90,0,0
52570,2024/25,630,0,0,,2024-08-01,630,0,0
52769,2019/20,2604,9,7,,2019-08-01,1364,4,4
52769,2020/21,1407,1,5,,2020-08-01,890,0,3
52769,2022/23,2144,5,6,,2022-08-01,738,1,2
52769,2023/24,2056,4,2,,2023-08-01,1084,4,1
53360,2019/20,2009,8,2,,2019-08-01,726,3,0
53360,2020/21,1256,1,2,,2020-08-01,557,0,0
53360,2021/22,1371,2,2,,2021-08-01,349,0,1
53360,2023/24,813,2,1,,2023-08-01,698,2,1
53622,2019/20,2017,2,1,,2019-08-01,1109,2,0
53622,2020/21,2031,13,3,,2020-08-01,660,2,0
53622,2021/22,1855,8,3,,2021-08-01,1032,4,2
53622,2022/23,2359,8,5,,2022-08-01,987,2,2
53622,2024/25,2229,1,7,,2024-08-01,1122,0,1
54383,2019/20,2517,5,2,,2019-08-01,1469,4,1
54383,2020/21,2576,0,2,,2020-08-01,696,0,0
54383,2023/24,89,0,0,,2023-08-01,89,0,0
54781,2019/20,1711,2,0,,2019-08-01,995,2,0
55735,2019/20,111,0,0,,2019-08-01,111,0,0
56818,2019/20,1004,0,0,,2019-08-01,742,0,0
57500,2019/20,3230,2,6,,2019-08-01,1610,0,2
57500,2020/21,2191,1,2,,2020-08-01,500,0,1
57500,2021/22,2074,1,2,,2021-08-01,1034,0,2
57500,2022/23,1522,0,0,,2022-08-01,708,0,0
58864,2019/20,3139,22,3,,2019-08-01,1788,13,1
58864,2020/21,2337,10,3,,2020-08-01,1258,3,1
58864,2021/22,1040,4,1,,2021-08-01,1040,4,1
58864,2022/23,551,1,0,,2022-08-01,315,1,0
59377,2019/20,3420,0,0,,2019-08-01,1800,0,0
59377,2020/21,2295,0,1,,2020-08-01,1125,0,0
59377,2021/22,3420,0,0,,2021-08-01,1620,0,0
59377,2022/23,3420,0,0,,2022-08-01,1440,0,0
59606,2019/20,2490,0,0,,2019-08-01,1545,0,0
59606,2021/22,2396,0,1,,2021-08-01,1286,0,1
59641,2020/21,270,0,0,,2020-08-01,270,0,0
60444,2020/21,1858,1,0,,2020-08-01,152,0,0
60444,2021/22,1537,1,4,,2021-08-01,680,1,1
60444,2022/23,1256,0,0,,2022-08-01,805,0,0
60558,2020/21,122,0,0,,2020-08-01,122,0,0
60577,2021/22,168,0,0,,2021-08-01,168,0,0
60744,2019/20,608,0,1,,2019-08-01,608,0,1
61560,2019/20,864,0,3,,2019-08-01,353,0,1
61560,2020/21,1742,1,5,,2020-08-01,611,0,0
61560,2021/22,1127,1,2,,2021-08-01,426,1,0
61560,2022/23,233,1,0,,2022-08-01,28,0,0
61592,2019/20,1586,1,1,,2019-08-01,1075,1,1
61592,2020/21,552,0,0,,2020-08-01,117,0,0
61592,2021/22,546,1,0,,2021-08-01,546,1,0
61592,2022/23,336,1,0,,2022-08-01,103,0,0
61592,2023/24,8,0,0,,2023-08-01,1,0,0
61644,2022/23,494,0,0,,2022-08-01,144,0,0
61651,2019/20,2244,4,5,,2019-08-01,1263,1,2
61651,2020/21,1707,1,1,,2020-08-01,1047,1,1
61651,2021/22,2603,2,5,,2021-08-01,1301,2,3
61651,2022/23,2072,0,2,,2022-08-01,814,0,0
61651,2025/26,1921,1,3,,2025-08-01,1226,1,3
61653,2019/20,1539,3,5,,2019-08-01,763,3,2
61653,2020/21,228,1,1,,2020-08-01,228,1,1
61697,2023/24,2648,0,0,,2023-08-01,1800,0,0
61819,2019/20,127,0,0,,2019-08-01,127,0,0
61832,2020/21,1246,0,0,,2020-08-01,774,0,0
61841,2019/20,2061,0,1,,2019-08-01,841,0,1
61841,2022/23,2948,0,1,,2022-08-01,1485,0,1
61841,2023/24,2157,0,2,,2023-08-01,742,0,2
61841,2024/25,1595,0,0,,2024-08-01,1038,0,0
61841,2025/26,1080,0,2,,2025-08-01,526,0,1
61842,2019/20,1289,1,1,,2019-08-01,782,1,1
61842,2020/21,2259,1,5,,2020-08-01,1024,1,3
61842,2021/22,1458,3,2,,2021-08-01,1270,3,2
61842,2023/24,1209,1,3,,2023-08-01,624,1,2
62121,2020/21,9,0,0,,2020-08-01,9,0,0
62688,2019/20,1263,0,1,,2019-08-01,334,0,1
62688,2020/21,1350,1,0,,2020-08-01,720,1,0
63200,2019/20,1361,6,0,,2019-08-01,1316,6,0
63200,2020/21,1334,3,0,,2020-08-01,789,1,0
63200,2021/22,799,1,0,,2021-08-01,381,0,0
63200,2025/26,41,0,0,,2025-08-01,9,0,0
63494,2019/20,2632,0,3,,2019-08-01,1330,0,1
64399,2019/20,3150,0,0,,2019-08-01,1620,0,0
64399,2020/21,3330,0,0,,2020-08-01,1440,0,0
64399,2021/22,2655,0,0,,2021-08-01,1530,0,0
64399,2022/23,2430,0,0,,2022-08-01,1440,0,0
65278,2019/20,662,1,1,,2019-08-01,312,0,0
65477,2019/20,2234,10,2,,2019-08-01,726,3,0
65976,2020/21,547,2,0,,2020-08-01,137,0,0
66100,2019/20,1860,0,0,,2019-08-01,1127,0,0
66100,2020/21,1767,1,1,,2020-08-01,1308,1,1
66100,2021/22,2899,2,2,,2021-08-01,1464,0,0
66100,2022/23,75,0,0,,2022-08-01,75,0,0
66333,2019/20,1026,1,1,,2019-08-01,611,0,1
66333,2020/21,833,0,0,,2020-08-01,129,0,0
66923,2019/20,362,0,0,,2019-08-01,324,0,0
66934,2019/20,2536,1,1,,2019-08-01,1421,1,0
66934,2020/21,3123,1,0,,2020-08-01,1413,1,0
66934,2021/22,1978,0,1,,2021-08-01,1322,0,1
66934,2022/23,878,1,0,,2022-08-01,707,1,0
66934,2023/24,208,0,0,,2023-08-01,203,0,0
67063,2019/20,817,2,1,,2019-08-01,211,0,0
67063,2020/21,1549,6,3,,2020-08-01,623,2,1
67063,2021/22,1476,6,3,,2021-08-01,296,2,0
67063,2022/23,1856,6,4,,2022-08-01,998,0,3
67063,2023/24,1703,5,1,,2023-08-01,538,2,0
67063,2024/25,2121,10,4,,2024-08-01,1118,6,2
67063,2025/26,2266,13,1,,2025-08-01,1088,8,0
67252,2019/20,935,0,0,,2019-08-01,551,0,0
67416,2019/20,1089,0,0,,2019-08-01,613,0,0
67420,2020/21,3400,0,0,,2020-08-01,1420,0,0
67420,2021/22,2275,2,2,,2021-08-01,809,1,1
67420,2022/23,2049,2,1,,2022-08-01,249,0,1
67421,2020/21,2584,3,1,,2020-08-01,720,1,0
68390,2019/20,1839,0,1,,2019-08-01,891,0,1
68390,2020/21,1612,0,3,,2020-08-01,480,0,1
68390,2021/22,2658,1,1,,2021-08-01,1170,0,1
68390,2022/23,1663,1,0,,2022-08-01,628,0,0
68390,2023/24,662,0,0,,2023-08-01,94,0,0
68390,2024/25,215,0,0,,2024-08-01,196,0,0
68390,2025/26,20,0,0,,2025-08-01,12,0,0
68645,2019/20,1901,0,1,,2019-08-01,1297,0,1
69015,2019/20,988,5,1,,2019-08-01,828,3,1
69015,2020/21,363,0,1,,2020-08-01,224,0,0
69015,2021/22,304,1,0,,2021-08-01,64,0,0
69633,2019/20,1092,2,2,,2019-08-01,888,2,2
69633,2022/23,2063,1,8,,2022-08-01,1186,1,5
69633,2023/24,1140,1,2,,2023-08-01,791,1,1
69633,2024/25,1056,1,2,,2024-08-01,624,0,0
71271,2019/20,873,0,0,,2019-08-01,783,0,0
71271,2020/21,270,0,0,,2020-08-01,180,0,0
71292,2019/20,2124,6,2,,2019-08-01,1032,5,0
71292,2020/21,2617,1,3,,2020-08-01,702,0,0
71292,2021/22,1986,2,1,,2021-08-01,816,1,0
71292,2022/23,576,0,0,,2022-08-01,34,0,0
72476,2019/20,2650,0,0,,2019-08-01,1800,0,0
72476,2020/21,3132,0,0,,2020-08-01,1440,0,0
72476,2021/22,360,0,0,,2021-08-01,270,0,0
72476,2022/23,3240,0,0,,2022-08-01,1350,0,0
72476,2023/24,3420,0,0,,2023-08-01,1800,0,0
72476,2024/25,3420,0,1,,2024-08-01,1710,0,1
72476,2025/26,3420,0,0,,2025-08-01,1620,0,0
73484,2019/20,966,1,0,,2019-08-01,647,1,0
73484,2021/22,1623,0,2,,2021-08-01,728,0,2
73491,2019/20,322,0,0,,2019-08-01,59,0,0
73517,2019/20,537,0,0,,2019-08-01,82,0,0
73547,2019/20,3100,1,1,,2019-08-01,1674,1,0
73547,2020/21,2223,0,0,,2020-08-01,475,0,0
73547,2023/24,1433,1,0,,2023-08-01,1273,1,0
73564,2021/22,90,0,0,,2021-08-01,90,0,0
73564,2023/24,1530,0,0,,2023-08-01,900,0,0
73564,2024/25,180,0,0,,2024-08-01,180,0,0
74223,2019/20,210,0,0,,2019-08-01,175,0,0
74230,2023/24,1751,4,7,,2023-08-01,677,1,5
74230,2024/25,805,3,2,,2024-08-01,180,1,0
74300,2019/20,2514,3,1,,2019-08-01,1696,2,1
74300,2020/21,2364,1,1,,2020-08-01,726,0,0
74300,2021/22,776,0,0,,2021-08-01,489,0,0
74300,2022/23,504,0,0,,2022-08-01,279,0,0
74683,2019/20,1583,0,2,,2019-08-01,250,0,0
74683,2020/21,1101,0,1,,2020-08-01,524,0,0
74683,2021/22,1383,0,4,,2021-08-01,575,0,2
74810,2019/20,2880,1,1,,2019-08-01,1800,0,0
74810,2020/21,2694,2,0,,2020-08-01,810,1,0
74810,2021/22,1840,3,0,,2021-08-01,1080,2,0
74810,2022/23,3272,3,2,,2022-08-01,1390,2,1
74810,2023/24,1276,2,0,,2023-08-01,675,1,0
74810,2024/25,181,0,0,,2024-08-01,175,0,0
74943,2021/22,1923,1,1,,2021-08-01,1094,1,0
74960,2019/20,3420,0,0,,2019-08-01,1800,0,0
74960,2021/22,2340,0,0,,2021-08-01,630,0,0
74960,2023/24,1984,0,0,,2023-08-01,454,0,0
74960,2024/25,900,0,0,,2024-08-01,360,0,0
74960,2025/26,3150,0,0,,2025-08-01,1710,0,0
75067,2020/21,2187,1,0,,2020-08-01,972,1,0
75067,2021/22,1815,0,1,,2021-08-01,1275,0,1
75067,2022/23,1427,1,0,,2022-08-01,837,1,0
75458,2020/21,630,0,0,,2020-08-01,180,0,0
75458,2022/23,280,0,0,,2022-08-01,145,0,0
75458,2023/24,405,0,0,,2023-08-01,90,0,0
75458,2024/25,225,0,0,,2024-08-01,45,0,0
75489,2024/25,788,3,2,,2024-08-01,278,1,1
75489,2025/26,409,0,0,,2025-08-01,409,0,0
76467,2019/20,2241,0,1,,2019-08-01,1286,0,0
76467,2021/22,2150,0,5,,2021-08-01,852,0,2
77100,2019/20,2248,4,4,,2019-08-01,924,4,1
77100,2020/21,1403,3,4,,2020-08-01,447,1,0
77100,2021/22,1774,2,6,,2021-08-01,1125,2,3
77100,2022/23,145,1,0,,2022-08-01,93,0,0
77274,2020/21,1825,2,1,,2020-08-01,563,0,1
77757,2023/24,3406,0,0,,2023-08-01,1710,0,0
77760,2019/20,24,0,0,,2019-08-01,24,0,0
77812,2019/20,1431,0,1,,2019-08-01,756,0,1
78959,2019/20,1550,0,1,,2019-08-01,1225,0,1
79027,2019/20,2828,1,2,,2019-08-01,1530,1,1
79027,2020/21,211,0,0,,2020-08-01,68,0,0
80197,2021/22,783,1,1,,2021-08-01,641,1,0
80197,2022/23,104,0,0,,2022-08-01,104,0,0
80444,2022/23,781,1,0,,2022-08-01,573,0,0
80444,2023/24,24,0,0,,2023-08-01,24,0,0
81512,2019/20,2252,0,2,,2019-08-01,1055,0,1
81512,2021/22,1190,0,0,,2021-08-01,202,0,0
81789,2019/20,558,0,0,,2019-08-01,558,0,0
81796,2019/20,136,0,0,,2019-08-01,136,0,0
82105,2019/20,704,1,0,,2019-08-01,630,1,0
82105,2020/21,691,1,2,,2020-08-01,556,1,2
82105,2021/22,2790,3,3,,2021-08-01,1350,0,0
82105,2022/23,1093,1,0,,2022-08-01,439,0,0
82105,2023/24,782,0,0,,2023-08-01,782,0,0
82243,2019/20,685,0,0,,2019-08-01,685,0,0
82442,2019/20,999,8,0,,2019-08-01,191,0,0
82442,2020/21,747,4,0,,2020-08-01,359,3,0
82863,2021/22,762,0,0,,2021-08-01,474,0,0
82873,2019/20,1803,2,4,,2019-08-01,1245,1,4
82873,2020/21,2480,3,8,,2020-08-01,712,2,2
82873,2021/22,2043,2,4,,2021-08-01,858,0,2
82873,2022/23,3246,9,8,,2022-08-01,1377,5,3
82873,2023/24,3114,4,10,,2023-08-01,1463,3,6
85177,2020/21,1147,0,1,,2020-08-01,792,0,1
85177,2021/22,1351,0,1,,2021-08-01,91,0,0
85177,2022/23,1643,0,0,,2022-08-01,740,0,0
85177,2023/24,1338,0,0,,2023-08-01,641,0,0
85177,2024/25,481,0,0,,2024-08-01,382,0,0
85177,2025/26,597,0,1,,2025-08-01,281,0,0
85475,2019/20,2618,2,3,,2019-08-01,1013,2,2
85475,2020/21,2082,0,0,,2020-08-01,1215,0,0
85475,2021/22,522,0,0,,2021-08-01,522,0,0
85706,2019/20,3346,2,4,,2019-08-01,1800,1,2
85706,2020/21,2700,0,1,,2020-08-01,1170,0,0
85941,2023/24,632,0,0,,2023-08-01,90,0,0
85941,2024/25,1099,0,0,,2024-08-01,540,0,0
86202,2019/20,1710,2,0,,2019-08-01,405,0,0
86202,2020/21,1710,1,0,,2020-08-01,180,0,0
86202,2021/22,3036,3,2,,2021-08-01,1710,2,2
86792,2019/20,182,1,0,,2019-08-01,174,1,0
86792,2020/21,552,0,2,,2020-08-01,52,0,1
87672,2019/20,712,3,0,,2019-08-01,62,0,0
87672,2022/23,58,0,0,,2022-08-01,58,0,0
88103,2020/21,1776,6,5,,2020-08-01,846,3,3
88590,2019/20,1205,0,1,,2019-08-01,170,0,0
88590,2020/21,44,0,0,,2020-08-01,44,0,0
88755,2019/20,2800,13,20,,2019-08-01,1564,7,12
88755,2020/21,2001,6,12,,2020-08-01,1102,2,7
88755,2021/22,2206,15,8,,2021-08-01,833,5,1
88755,2022/23,2425,7,18,,2022-08-01,1315,3,10
88755,2023/24,1228,4,10,,2023-08-01,23,0,0
88755,2024/25,1705,4,7,,2024-08-01,734,2,2
88971,2019/20,111,0,0,,2019-08-01,92,0,0
89231,2019/20,622,1,1,,2019-08-01,356,1,0
89231,2020/21,1368,2,0,,2020-08-01,242,0,0
89231,2021/22,1105,0,1,,2021-08-01,1053,0,1
89231,2023/24,1192,1,3,,2023-08-01,759,0,2
90466,2019/20,2564,2,3,,2019-08-01,1420,1,1
90466,2020/21,2254,6,5,,2020-08-01,759,2,2
90836,2019/20,2430,1,0,,2019-08-01,1440,1,0
90836,2022/23,959,0,0,,2022-08-01,959,0,0
91059,2019/20,2020,6,4,,2019-08-01,1311,3,2
91059,2021/22,2249,5,3,,2021-08-01,1178,5,3
91317,2019/20,3150,2,6,,2019-08-01,1530,0,4
91317,2020/21,3411,3,3,,2020-08-01,1350,1,1
91317,2021/22,2289,0,3,,2021-08-01,1241,0,3
91845,2019/20,2488,11,11,,2019-08-01,1300,5,8
91845,2020/21,3126,17,10,,2020-08-01,1262,11,4
91845,2021/22,3022,23,9,,2021-08-01,1398,8,3
91845,2022/23,2899,10,6,,2022-08-01,1125,3,2
91845,2023/24,2948,17,10,,2023-08-01,1699,12,5
91845,2024/25,2117,7,10,,2024-08-01,1214,5,6
92469,2019/20,1314,2,1,,2019-08-01,270,0,0
92469,2020/21,1351,0,3,,2020-08-01,423,0,0
92469,2021/22,1334,0,2,,2021-08-01,1317,0,2
92469,2022/23,35,0,0,,2022-08-01,3,0,0
92469,2023/24,120,1,0,,2023-08-01,103,0,0
92571,2019/20,2730,3,0,,2019-08-01,1125,3,0
92571,2020/21,3172,0,8,,2020-08-01,1440,0,4
92571,2021/22,2728,2,3,,2021-08-01,1141,1,1
92571,2022/23,2237,0,1,,2022-08-01,1422,0,0
92571,2023/24,432,0,0,,2023-08-01,131,0,0
92571,2024/25,823,0,0,,2024-08-01,50,0,0
92572,2019/20,2383,0,0,,2019-08-01,1104,0,0
92572,2020/21,2255,0,1,,2020-08-01,630,0,1
92572,2021/22,2486,0,0,,2021-08-01,1620,0,0
92572,2022/23,2255,1,0,,2022-08-01,1133,0,0
92572,2023/24,1982,0,1,,2023-08-01,1336,0,1
92738,2020/21,2397,4,5,,2020-08-01,1316,3,5
92738,2021/22,2082,1,2,,2021-08-01,860,1,1
92738,2022/23,266,0,0,,2022-08-01,239,0,0
93128,2022/23,1800,2,1,,2022-08-01,834,1,0
93176,2019/20,121,0,0,,2019-08-01,121,0,0
93720,2019/20,1879,10,6,,2019-08-01,857,5,1
93720,2020/21,1929,13,2,,2020-08-01,776,5,0
93720,2021/22,1787,4,7,,2021-08-01,795,3,3
93831,2019/20,1135,0,0,,2019-08-01,1028,0,0
93905,2019/20,245,0,0,,2019-08-01,121,0,0
94005,2019/20,1699,0,2,,2019-08-01,930,0,2
94005,2020/21,90,0,0,,2020-08-01,90,0,0
94005,2021/22,91,0,0,,2021-08-01,91,0,0
95424,2019/20,2396,1,4,,2019-08-01,1449,1,2
95424,2020/21,1946,1,1,,2020-08-01,993,1,1
95424,2021/22,1755,0,2,,2021-08-01,1035,0,1
95424,2022/23,1956,0,0,,2022-08-01,563,0,0
95424,2023/24,2768,0,4,,2023-08-01,1688,0,1
95424,2024/25,967,0,0,,2024-08-01,938,0,0
95424,2025/26,3097,0,2,,2025-08-01,1607,0,1
95435,2019/20,90,1,1,,2019-08-01,30,0,1
95810,2022/23,3348,1,7,,2022-08-01,1507,1,4
95810,2023/24,2240,1,10,,2023-08-01,1575,0,7
95810,2024/25,1309,0,3,,2024-08-01,482,0,0
95810,2025/26,1592,0,1,,2025-08-01,700,0,0
95976,2019/20,2520,0,0,,2019-08-01,900,0,0
95976,2020/21,2700,0,0,,2020-08-01,1440,0,0
95976,2021/22,1530,0,0,,2021-08-01,1350,0,0
95976,2024/25,450,0,0,,2024-08-01,360,0,0
96341,2021/22,1586,8,1,,2021-08-01,829,5,1
98240,2019/20,1188,2,0,,2019-08-01,765,2,0
98240,2020/21,1893,1,0,,2020-08-01,630,1,0
98240,2021/22,1014,0,1,,2021-08-01,993,0,1
99331,2019/20,1497,1,0,,2019-08-01,934,1,0
99331,2020/21,2575,3,0,,2020-08-01,1125,3,0
99331,2021/22,564,0,0,,2021-08-01,473,0,0
99331,2024/25,1395,0,0,,2024-08-01,871,0,0
99397,2020/21,2250,0,0,,2020-08-01,1350,0,0
99397,2021/22,720,0,0,,2021-08-01,720,0,0
99397,2025/26,1980,0,0,,2025-08-01,450,0,0
101500,2019/20,812,2,1,,2019-08-01,83,0,1
101500,2020/21,1368,3,2,,2020-08-01,167,0,0
101500,2021/22,668,2,3,,2021-08-01,344,1,1
102017,2019/20,2383,4,2,,2019-08-01,1337,2,2
102017,2020/21,2014,7,1,,2020-08-01,640,3,1
102017,2021/22,2279,6,2,,2021-08-01,1357,6,1
102017,2022/23,2134,2,1,,2022-08-01,996,2,0
102017,2023/24,920,0,2,,2023-08-01,386,0,0
102017,2024/25,705,0,0,,2024-08-01,393,0,0
102258,2019/20,1530,0,1,,2019-08-01,1080,0,1
102258,2020/21,3060,1,1,,2020-08-01,990,0,0
102258,2021/22,1773,1,2,,2021-08-01,1425,1,2
104124,2019/20,1771,10,3,,2019-08-01,551,1,1
104124,2020/21,1983,10,5,,2020-08-01,543,3,0
104124,2021/22,2980,10,8,,2021-08-01,1574,7,5
104124,2022/23,1838,5,3,,2022-08-01,720,2,1
104124,2023/24,1711,6,2,,2023-08-01,823,2,2
104124,2024/25,844,1,1,,2024-08-01,844,1,1
105470,2019/20,2545,0,1,,2019-08-01,925,0,0
105470,2020/21,2970,1,0,,2020-08-01,1170,0,0
105470,2021/22,3240,0,1,,2021-08-01,1620,0,0
105470,2022/23,3330,0,1,,2022-08-01,1440,0,1
105470,2023/24,2520,0,0,,2023-08-01,1530,0,0
105470,2024/25,2509,0,0,,2024-08-01,889,0,0
105470,2025/26,2340,0,0,,2025-08-01,1170,0,0
108354,2019/20,3162,9,2,,2019-08-01,1583,5,1
108354,2020/21,2097,1,3,,2020-08-01,715,1,0
108354,2021/22,2025,3,3,,2021-08-01,1234,1,2
108354,2022/23,2722,4,3,,2022-08-01,1071,1,1
108354,2023/24,2551,4,7,,2023-08-01,1550,2,5
108354,2024/25,1663,5,0,,2024-08-01,851,4,0
108725,2019/20,2446,14,1,,2019-08-01,1475,7,0
108725,2020/21,2751,12,3,,2020-08-01,1293,3,0
108725,2021/22,2707,5,0,,2021-08-01,1295,3,0
108725,2022/23,816,3,0,,2022-08-01,417,2,0
108725,2023/24,1807,14,1,,2023-08-01,730,7,1
108725,2024/25,2979,20,3,,2024-08-01,1498,11,1
108725,2025/26,907,3,0,,2025-08-01,545,2,0
109751,2019/20,1383,1,2,,2019-08-01,709,1,1
110864,2020/21,3330,0,1,,2020-08-01,1440,0,0
110864,2023/24,1797,0,0,,2023-08-01,1437,0,0
110864,2024/25,630,0,0,,2024-08-01,630,0,0
110864,2025/26,1080,0,0,,2025-08-01,1080,0,0
110867,2019/20,8,0,0,,2019-08-01,8,0,0
110867,2021/22,90,0,0,,2021-08-01,90,0,0
111051,2019/20,291,0,0,,2019-08-01,71,0,0
111051,2020/21,1458,0,1,,2020-08-01,1109,0,1
111051,2022/23,751,1,0,,2022-08-01,147,0,0
111114,2019/20,562,0,0,,2019-08-01,2,0,0
111114,2020/21,636,0,0,,2020-08-01,540,0,0
111195,2020/21,2282,1,1,,2020-08-01,770,0,0
111195,2021/22,2881,1,1,,2021-08-01,1152,0,1
111195,2022/23,2193,1,1,,2022-08-01,1040,0,1
111195,2023/24,1582,1,1,,2023-08-01,909,0,1
111195,2024/25,1699,0,0,,2024-08-01,1113,0,0
111195,2025/26,1050,1,0,,2025-08-01,494,1,0
111422,2020/21,117,0,0,,2020-08-01,117,0,0
111422,2022/23,766,0,3,,2022-08-01,719,0,3
111455,2019/20,2591,1,2,,2019-08-01,1188,0,1
111455,2020/21,2526,1,2,,2020-08-01,910,1,0
111455,2021/22,2331,1,2,,2021-08-01,738,0,1
111455,2022/23,3004,7,7,,2022-08-01,1349,3,4
111455,2025/26,2901,1,6,,2025-08-01,1602,1,5
111524,2020/21,90,0,0,,2020-08-01,90,0,0
111630,2019/20,1211,2,2,,2019-08-01,623,2,1
111630,2020/21,704,1,0,,2020-08-01,194,0,0
111819,2022/23,2385,0,0,,2022-08-01,675,0,0
111819,2023/24,2880,0,0,,2023-08-01,1530,0,0
111819,2024/25,180,0,0,,2024-08-01,180,0,0
111873,2020/21,3420,0,0,,2020-08-01,1260,0,0
111873,2021/22,3240,0,0,,2021-08-01,1530,0,0
111873,2022/23,3140,0,0,,2022-08-01,1295,0,0
111873,2023/24,3015,0,0,,2023-08-01,1710,0,0
111873,2024/25,3195,0,0,,2024-08-01,1665,0,0
111873,2025/26,2835,0,1,,2025-08-01,1350,0,0
112302,2019/20,1653,3,0,,2019-08-01,874,1,0
112515,2019/20,1432,4,3,,2019-08-01,589,1,3
112515,2020/21,959,2,0,,2020-08-01,225,0,0
112515,2021/22,2172,4,5,,2021-08-01,1171,1,2
112988,2019/20,1559,1,1,,2019-08-01,1018,0,0
112988,2020/21,745,0,1,,2020-08-01,5,0,0
112988,2021/22,1484,1,1,,2021-08-01,214,0,0
112988,2022/23,224,0,0,,2022-08-01,28,0,0
113036,2020/21,1490,0,0,,2020-08-01,1052,0,0
117996,2019/20,135,0,0,,2019-08-01,45,0,0
118534,2019/20,2556,2,0,,2019-08-01,1369,1,0
118534,2020/21,2990,3,1,,2020-08-01,1326,2,0
118534,2021/22,2792,3,2,,2021-08-01,1530,1,2
118534,2022/23,983,1,2,,2022-08-01,22,0,0
118534,2023/24,438,1,0,,2023-08-01,404,1,0
118534,2024/25,1046,3,0,,2024-08-01,810,2,0
118534,2025/26,2590,3,1,,2025-08-01,1505,2,0
119164,2019/20,361,0,0,,2019-08-01,124,0,0
119269,2019/20,1232,1,0,,2019-08-01,801,1,0
119269,2021/22,1434,1,0,,2021-08-01,1134,1,0
119269,2022/23,17,0,0,,2022-08-01,4,0,0
120186,2021/22,1080,0,0,,2021-08-01,810,0,0
120565,2019/20,746,2,0,,2019-08-01,701,2,0
120629,2020/21,3240,0,0,,2020-08-01,1260,0,0
120629,2022/23,307,0,0,,2022-08-01,106,0,0
120629,2023/24,2700,0,0,,2023-08-01,1440,0,0
120629,2024/25,2259,0,0,,2024-08-01,819,0,0
120629,2025/26,1800,0,1,,2025-08-01,1350,0,1
121257,2021/22,1530,0,1,,2021-08-01,741,0,0
121257,2022/23,476,0,0,,2022-08-01,157,0,0
121324,2019/20,3189,2,0,,2019-08-01,1699,0,0
121324,2020/21,2630,0,1,,2020-08-01,1272,0,0
121324,2023/24,484,0,0,,2023-08-01,484,0,0
121385,2019/20,1262,0,0,,2019-08-01,540,0,0
121385,2021/22,2899,1,0,,2021-08-01,1279,1,0
121477,2019/20,2359,2,0,,2019-08-01,1099,0,0
121477,2020/21,1926,3,0,,2020-08-01,90,0,0
121477,2021/22,2754,2,2,,2021-08-01,1161,0,1
121477,2022/23,2135,1,0,,2022-08-01,630,0,0
121477,2023/24,2211,1,1,,2023-08-01,1581,1,0
121477,2024/25,970,0,0,,2024-08-01,970,0,0
122153,2019/20,1205,1,4,,2019-08-01,521,0,2
122153,2020/21,1896,3,5,,2020-08-01,769,1,0
122153,2021/22,1354,1,9,,2021-08-01,633,0,7
123275,2020/21,760,1,1,,2020-08-01,760,1,1
123275,2022/23,972,2,0,,2022-08-01,375,0,0
123275,2023/24,1478,1,4,,2023-08-01,820,1,3
123275,2024/25,613,2,0,,2024-08-01,284,1,0
123275,2025/26,765,2,0,,2025-08-01,232,0,0
123536,2019/20,180,0,0,,2019-08-01,90,0,0
123551,2024/25,2757,1,1,,2024-08-01,1525,1,1
123682,2019/20,2898,8,3,,2019-08-01,1527,5,1
123682,2020/21,2085,12,5,,2020-08-01,1150,8,3
123682,2021/22,1389,8,0,,2021-08-01,1187,6,0
123682,2022/23,1887,18,5,,2022-08-01,820,6,2
123682,2023/24,985,9,1,,2023-08-01,723,7,1
123682,2024/25,357,0,0,,2024-08-01,57,0,0
123682,2025/26,1242,7,1,,2025-08-01,720,4,1
123951,2019/20,2089,2,2,,2019-08-01,989,1,1
124419,2023/24,450,0,0,,2023-08-01,450,0,0
124884,2025/26,585,0,0,,2025-08-01,360,0,0
125314,2021/22,3322,3,2,,2021-08-01,1612,1,2
125314,2022/23,724,1,0,,2022-08-01,515,0,0
125685,2023/24,311,2,1,,2023-08-01,26,0,0
125714,2023/24,3285,0,1,,2023-08-01,1575,0,0
125714,2024/25,3276,0,2,,2024-08-01,1566,0,1
126422,2020/21,2052,0,0,,2020-08-01,1030,0,0
126422,2021/22,2187,0,2,,2021-08-01,1324,0,1
126600,2019/20,2966,1,1,,2019-08-01,1479,1,1
126600,2021/22,2707,1,0,,2021-08-01,1575,0,0
126664,2019/20,3036,0,7,,2019-08-01,1620,0,3
126664,2020/21,2682,0,7,,2020-08-01,702,0,4
126664,2021/22,2443,0,4,,2021-08-01,1170,0,0
126664,2022/23,1500,1,0,,2022-08-01,903,1,0
126664,2023/24,2413,1,3,,2023-08-01,1527,0,2
126664,2024/25,2360,0,5,,2024-08-01,1434,0,3
126664,2025/26,1852,0,6,,2025-08-01,1104,0,3
126665,2022/23,2593,0,1,,2022-08-01,902,0,1
126665,2023/24,1893,4,0,,2023-08-01,1014,1,0
126665,2024/25,3070,0,3,,2024-08-01,1318,0,0
126665,2025/26,2102,2,3,,2025-08-01,1055,2,0
126710,2022/23,136,0,0,,2022-08-01,45,0,0
127032,2019/20,2706,1,5,,2019-08-01,1269,0,3
127032,2020/21,1608,2,3,,2020-08-01,694,1,1
127032,2022/23,1949,1,0,,2022-08-01,606,0,0
127032,2023/24,834,0,2,,2023-08-01,834,0,2
127108,2019/20,441,2,0,,2019-08-01,254,0,0
127187,2019/20,3167,4,2,,2019-08-01,1655,1,0
127187,2020/21,2452,2,3,,2020-08-01,1272,1,2
127187,2021/22,2538,2,4,,2021-08-01,1170,2,4
127187,2022/23,1530,5,2,,2022-08-01,191,0,0
127187,2023/24,2642,7,2,,2023-08-01,1445,6,1
127187,2024/25,2577,3,2,,2024-08-01,1258,0,0
127202,2024/25,3420,0,0,,2024-08-01,1710,0,0
127202,2025/26,2667,0,0,,2025-08-01,1350,0,0
128229,2019/20,449,1,2,,2019-08-01,353,1,2
128229,2020/21,1055,1,1,,2020-08-01,610,1,1
128899,2021/22,765,0,0,,2021-08-01,180,0,0
128900,2019/20,926,0,1,,2019-08-01,386,0,1
128900,2022/23,12,0,0,,2022-08-01,11,0,0
128901,2019/20,3420,0,0,,2019-08-01,1800,0,0
128901,2020/21,3304,1,0,,2020-08-01,1350,0,0
128901,2021/22,3363,4,0,,2021-08-01,1617,1,0
128901,2022/23,2095,1,1,,2022-08-01,1341,1,1
128901,2024/25,1714,1,0,,2024-08-01,632,0,0
128904,2021/22,2495,0,0,,2021-08-01,1325,0,0
128907,2019/20,12,0,0,,2019-08-01,12,0,0
128909,2020/21,876,0,2,,2020-08-01,606,0,1
128909,2023/24,2886,1,1,,2023-08-01,1661,0,1
128969,2019/20,3420,0,0,,2019-08-01,1800,0,0
128969,2020/21,1260,0,0,,2020-08-01,990,0,0
129078,2019/20,2769,4,4,,2019-08-01,1522,2,0
129078,2020/21,1730,2,3,,2020-08-01,397,1,0
129078,2021/22,1832,1,5,,2021-08-01,1141,0,4
129078,2022/23,1,0,0,,2022-08-01,1,0,0
129078,2023/24,132,0,0,,2023-08-01,132,0,0
129476,2019/20,2106,4,5,,2019-08-01,1468,3,2
129588,2019/20,1133,1,2,,2019-08-01,562,0,1
129588,2020/21,723,1,1,,2020-08-01,659,1,1
129588,2022/23,640,1,0,,2022-08-01,280,0,0
129627,2020/21,135,0,0,,2020-08-01,90,0,0
130164,2019/20,3420,0,0,,2019-08-01,1800,0,0
130164,2020/21,2743,0,0,,2020-08-01,1170,0,0
130164,2021/22,3150,0,0,,2021-08-01,1440,0,0
130164,2022/23,3330,0,1,,2022-08-01,1440,0,1
130164,2023/24,3420,0,0,,2023-08-01,1800,0,0
130164,2024/25,3420,0,1,,2024-08-01,1620,0,0
130164,2025/26,3420,0,0,,2025-08-01,1710,0,0
130765,2019/20,1717,5,3,,2019-08-01,541,0,0
130765,2020/21,2774,4,5,,2020-08-01,1039,2,2
130765,2021/22,1470,2,1,,2021-08-01,214,0,0
130765,2022/23,1405,2,1,,2022-08-01,758,1,0
131505,2020/21,1288,7,2,,2020-08-01,754,3,0
131505,2021/22,2270,6,1,,2021-08-01,900,2,0
131505,2022/23,1943,13,1,,2022-08-01,1048,9,1
131789,2019/20,3004,9,8,,2019-08-01,1540,6,4
131789,2020/21,2852,9,7,,2020-08-01,1312,5,3
131789,2021/22,985,5,4,,2021-08-01,434,4,2
131789,2022/23,1212,11,4,,2022-08-01,936,7,3
131978,2019/20,1104,1,4,,2019-08-01,339,0,0
131978,2020/21,1577,3,1,,2020-08-01,495,2,1
131978,2021/22,175,1,0,,2021-08-01,151,0,0
131978,2023/24,2622,5,4,,2023-08-01,1075,2,1
131978,2024/25,567,3,1,,2024-08-01,468,2,1
131978,2025/26,852,3,1,,2025-08-01,115,1,0
131996,2020/21,2335,7,7,,2020-08-01,533,2,2
131996,2021/22,213,0,0,,2021-08-01,70,0,0
131996,2023/24,10,0,0,,2023-08-01,10,0,0
131996,2025/26,639,1,0,,2025-08-01,616,1,0
132098,2019/20,2590,18,2,,2019-08-01,1705,11,2
132098,2020/21,3086,23,14,,2020-08-01,1344,9,10
132098,2021/22,3232,17,9,,2021-08-01,1342,4,1
132098,2022/23,3408,30,3,,2022-08-01,1428,13,1
134270,2019/20,2881,0,0,,2019-08-01,1800,0,0
134270,2020/21,2059,1,0,,2020-08-01,664,0,0
134270,2021/22,2462,1,1,,2021-08-01,662,0,0
134270,2022/23,3116,1,0,,2022-08-01,1407,0,0
134270,2023/24,2732,2,2,,2023-08-01,1169,2,0
134270,2024/25,3330,1,1,,2024-08-01,1620,0,0
134270,2025/26,2199,1,3,,2025-08-01,1258,0,3
134294,2019/20,2814,22,2,,2019-08-01,1371,12,1
134294,2020/21,2185,12,4,,2020-08-01,981,6,3
134294,2021/22,1905,7,6,,2021-08-01,948,3,2
134294,2022/23,1589,8,2,,2022-08-01,728,5,0
134294,2023/24,390,1,0,,2023-08-01,133,0,0
134294,2024/25,270,1,2,,2024-08-01,172,1,1
134425,2019/20,2660,20,4,,2019-08-01,1671,11,2
134425,2020/21,2536,10,8,,2020-08-01,1089,4,4
134425,2021/22,2127,13,6,,2021-08-01,1003,7,1
134425,2022/23,1902,6,3,,2022-08-01,1043,3,2
134425,2023/24,1983,8,4,,2023-08-01,1425,5,3
134425,2024/25,496,0,2,,2024-08-01,146,0,1
135343,2019/20,1672,2,0,,2019-08-01,1198,2,0
135343,2020/21,1245,1,0,,2020-08-01,592,0,0
135343,2021/22,2161,2,2,,2021-08-01,791,0,1
135343,2022/23,3210,1,3,,2022-08-01,1426,1,0
135343,2023/24,3056,4,1,,2023-08-01,1634,0,0
135343,2024/25,2938,4,0,,2024-08-01,1468,2,0
135343,2025/26,1091,0,0,,2025-08-01,925,0,0
135853,2019/20,1378,0,3,,2019-08-01,834,0,3
135853,2020/21,562,1,1,,2020-08-01,212,1,1
135853,2021/22,1788,5,3,,2021-08-01,499,2,1
135853,2022/23,244,1,0,,2022-08-01,122,0,0
136401,2023/24,382,0,0,,2023-08-01,247,0,0
137745,2020/21,620,0,0,,2020-08-01,570,0,0
137745,2021/22,1453,0,0,,2021-08-01,866,0,0
139208,2019/20,3420,5,1,,2019-08-01,1710,3,0
139208,2020/21,371,1,0,,2020-08-01,371,1,0
139208,2021/22,3060,3,4,,2021-08-01,1530,1,2
139208,2022/23,2835,3,1,,2022-08-01,1440,2,0
139208,2023/24,3178,2,2,,2023-08-01,1468,1,2
139208,2024/25,3330,3,1,,2024-08-01,1620,1,1
139208,2025/26,3420,6,0,,2025-08-01,1620,0,0
140191,2019/20,2237,0,3,,2019-08-01,1448,0,1
140191,2020/21,567,1,1,,2020-08-01,320,0,1
140191,2021/22,303,0,0,,2021-08-01,2,0,0
140191,2022/23,531,0,0,,2022-08-01,453,0,0
140579,2019/20,636,1,0,,2019-08-01,114,1,0
141660,2019/20,932,1,0,,2019-08-01,810,0,0
141660,2021/22,356,2,0,,2021-08-01,88,2,0
141660,2022/23,927,0,0,,2022-08-01,867,0,0
142310,2019/20,1980,0,1,,2019-08-01,720,0,1
142310,2020/21,1880,1,1,,2020-08-01,1080,0,0
142310,2022/23,687,0,1,,2022-08-01,243,0,0
142310,2023/24,1443,2,1,,2023-08-01,999,1,0
142310,2024/25,146,0,0,,2024-08-01,113,0,0
143424,2019/20,1493,4,1,,2019-08-01,512,1,0
143424,2020/21,245,1,1,,2020-08-01,22,0,1
143424,2021/22,787,2,1,,2021-08-01,570,0,1
143424,2022/23,335,1,0,,2022-08-01,159,0,0
144028,2019/20,2013,5,3,,2019-08-01,785,2,3
144028,2020/21,2618,5,5,,2020-08-01,937,1,1
144028,2021/22,2809,8,3,,2021-08-01,1451,4,1
144028,2022/23,2257,8,13,,2022-08-01,1327,7,3
144028,2023/24,1646,12,1,,2023-08-01,659,3,1
144028,2024/25,2551,8,8,,2024-08-01,1009,3,3
144028,2025/26,2008,6,6,,2025-08-01,1049,5,4
145466,2020/21,630,0,0,,2020-08-01,450,0,0
145466,2022/23,2900,1,0,,2022-08-01,1528,1,0
145466,2023/24,1505,1,0,,2023-08-01,1144,1,0
145988,2019/20,3280,4,4,,2019-08-01,1735,3,2
145988,2020/21,2614,11,2,,2020-08-01,1251,8,2
145988,2021/22,2762,14,1,,2021-08-01,1393,5,1
145988,2022/23,2294,7,2,,2022-08-01,1329,6,2
146164,2019/20,650,0,0,,2019-08-01,358,0,0
146258,2019/20,1501,2,2,,2019-08-01,1351,2,2
146310,2023/24,1720,1,0,,2023-08-01,624,1,0
146310,2024/25,260,0,0,,2024-08-01,56,0,0
146310,2025/26,170,0,1,,2025-08-01,43,0,1
146509,2020/21,2235,0,2,,2020-08-01,705,0,0
146509,2024/25,335,0,1,,2024-08-01,1,0,0
146690,2019/20,3420,2,4,,2019-08-01,1800,2,4
146690,2020/21,2789,0,2,,2020-08-01,1440,0,1
146690,2023/24,970,0,1,,2023-08-01,835,0,1
146795,2019/20,2063,1,4,,2019-08-01,1374,1,3
146795,2020/21,927,0,3,,2020-08-01,272,0,2
146795,2021/22,1472,2,3,,2021-08-01,601,0,1
146795,2022/23,311,0,0,,2022-08-01,311,0,0
146795,2024/25,306,0,0,,2024-08-01,304,0,0
148153,2019/20,3231,3,3,,2019-08-01,1620,2,2
148153,2020/21,2933,5,0,,2020-08-01,1170,1,0
148153,2021/22,2574,1,0,,2021-08-01,1260,0,0
148153,2022/23,3240,1,0,,2022-08-01,1440,0,0
148153,2023/24,2872,3,1,,2023-08-01,1418,1,0
148153,2024/25,2083,0,0,,2024-08-01,1264,0,0
148153,2025/26,2837,1,0,,2025-08-01,1575,0,0
148252,2022/23,2165,0,0,,2022-08-01,923,0,0
148262,2019/20,1935,2,2,,2019-08-01,1233,2,1
148262,2020/21,1425,2,1,,2020-08-01,825,2,1
148262,2021/22,70,1,0,,2021-08-01,70,1,0
148367,2021/22,3059,3,4,,2021-08-01,1498,1,1
148367,2022/23,1770,1,4,,2022-08-01,511,1,1
148367,2023/24,2514,2,1,,2023-08-01,1550,1,1
148367,2024/25,2830,5,4,,2024-08-01,1231,1,2
148367,2025/26,101,0,0,,2025-08-01,31,0,0
148368,2019/20,705,4,3,,2019-08-01,390,3,2
148368,2020/21,182,0,0,,2020-08-01,8,0,0
148368,2021/22,126,3,1,,2021-08-01,38,2,0
148368,2023/24,600,0,1,,2023-08-01,178,0,0
148455,2019/20,2888,19,10,,2019-08-01,1355,9,4
148455,2020/21,3082,22,5,,2020-08-01,1261,13,3
148455,2021/22,2762,23,14,,2021-08-01,1694,15,10
148455,2022/23,3297,19,12,,2022-08-01,1419,7,4
148455,2023/24,2536,18,10,,2023-08-01,1654,12,7
148455,2024/25,3380,29,18,,2024-08-01,1587,17,13
148455,2025/26,2150,7,7,,2025-08-01,1184,4,3
148928,2021/22,478,0,0,,2021-08-01,162,0,0
149716,2020/21,2477,3,0,,2020-08-01,970,1,0
156501,2023/24,373,0,0,,2023-08-01,133,0,0
156941,2019/20,2456,5,3,,2019-08-01,1680,3,2
156941,2020/21,2032,0,2,,2020-08-01,769,0,1
157490,2020/21,263,0,0,,2020-08-01,263,0,0
157495,2019/20,1496,0,2,,2019-08-01,653,0,1
157495,2020/21,955,2,1,,2020-08-01,506,1,0
157495,2021/22,79,0,0,,2021-08-01,79,0,0
157506,2019/20,1035,3,2,,2019-08-01,859,2,2
157506,2020/21,1426,2,3,,2020-08-01,942,1,1
157506,2021/22,1846,4,2,,2021-08-01,494,2,0
157506,2022/23,2547,3,1,,2022-08-01,1270,0,0
157506,2023/24,1354,2,2,,2023-08-01,1093,1,1
157506,2024/25,94,0,0,,2024-08-01,93,0,0
157509,2019/20,2343,0,0,,2019-08-01,1578,0,0
157509,2020/21,2027,5,0,,2020-08-01,1260,4,0
157509,2021/22,2080,1,0,,2021-08-01,971,1,0
157509,2022/23,1990,2,0,,2022-08-01,1185,1,0
157509,2023/24,2839,3,0,,2023-08-01,1414,1,0
157672,2020/21,3055,0,7,,2020-08-01,1075,0,2
157672,2021/22,2211,0,4,,2021-08-01,1183,0,2
157672,2022/23,2139,0,1,,2022-08-01,864,0,0
157672,2023/24,3139,0,7,,2023-08-01,1707,0,5
157672,2024/25,1061,0,0,,2024-08-01,481,0,0
158764,2020/21,3411,8,2,,2020-08-01,1431,3,1
158764,2021/22,2922,1,1,,2021-08-01,1608,0,1
159239,2019/20,41,1,0,,2019-08-01,41,1,0
159372,2019/20,1505,1,4,,2019-08-01,1189,0,4
159372,2020/21,2,0,0,,2020-08-01,2,0,0
160438,2020/21,1542,1,0,,2020-08-01,874,0,0
160438,2021/22,801,0,2,,2021-08-01,165,0,1
160438,2022/23,111,0,0,,2022-08-01,111,0,0
160438,2023/24,25,0,0,,2023-08-01,1,0,0
161869,2019/20,1821,0,4,,2019-08-01,942,0,4
162029,2019/20,1599,0,1,,2019-08-01,755,0,1
162029,2020/21,826,0,0,,2020-08-01,460,0,0
162029,2021/22,1262,1,2,,2021-08-01,1038,1,2
162029,2022/23,34,0,0,,2022-08-01,10,0,0
163744,2019/20,2453,1,3,,2019-08-01,1018,1,1
163744,2020/21,1539,0,0,,2020-08-01,495,0,0
163744,2021/22,811,0,0,,2021-08-01,487,0,0
163744,2022/23,1218,0,0,,2022-08-01,138,0,0
163744,2024/25,1394,1,0,,2024-08-01,797,0,0
164770,2021/22,1829,1,1,,2021-08-01,654,0,1
164770,2022/23,1917,0,0,,2022-08-01,853,0,0
164770,2023/24,1371,1,0,,2023-08-01,611,1,0
165793,2020/21,1006,3,0,,2020-08-01,283,1,0
165793,2021/22,178,3,0,,2021-08-01,40,1,0
166240,2019/20,86,0,0,,2019-08-01,86,0,0
166240,2021/22,22,0,0,,2021-08-01,22,0,0
167799,2019/20,2750,0,1,,2019-08-01,1637,0,1
167799,2020/21,3420,2,4,,2020-08-01,1350,0,1
167799,2021/22,3199,2,2,,2021-08-01,1429,2,1
167799,2022/23,3133,4,5,,2022-08-01,1335,4,2
167799,2023/24,1293,0,0,,2023-08-01,730,0,0
168157,2019/20,2794,4,0,,2019-08-01,1639,1,0
168157,2020/21,2500,1,0,,2020-08-01,947,0,0
168157,2021/22,1948,2,2,,2021-08-01,692,0,1
168157,2022/23,902,0,0,,2022-08-01,515,0,0
168157,2023/24,119,1,0,,2023-08-01,119,1,0
169801,2023/24,408,1,1,,2023-08-01,74,0,0
170321,2019/20,1229,0,0,,2019-08-01,1216,0,0
170321,2020/21,1256,1,0,,2020-08-01,79,0,0
170321,2023/24,18,0,0,,2023-08-01,4,0,0
170472,2019/20,58,0,0,,2019-08-01,58,0,0
170527,2020/21,2606,6,12,,2020-08-01,1271,4,5
170527,2021/22,1286,4,1,,2021-08-01,545,1,1
170527,2024/25,508,0,3,,2024-08-01,438,0,3
170646,2022/23,75,0,0,,2022-08-01,52,0,0
170934,2020/21,1705,1,1,,2020-08-01,455,0,0
170934,2023/24,2975,4,1,,2023-08-01,1475,4,0
170934,2024/25,1363,1,3,,2024-08-01,1332,1,3
171424,2019/20,1941,11,12,,2019-08-01,905,5,7
171424,2020/21,1955,9,6,,2020-08-01,768,4,1
171424,2021/22,1491,11,5,,2021-08-01,752,5,4
171424,2022/23,1924,5,10,,2022-08-01,548,1,1
171679,2019/20,2841,4,4,,2019-08-01,1340,3,1
171679,2020/21,1239,0,2,,2020-08-01,616,0,1
171679,2021/22,874,2,4,,2021-08-01,99,0,0
171679,2022/23,668,1,0,,2022-08-01,439,0,0
171679,2023/24,1141,1,0,,2023-08-01,415,1,0
171679,2024/25,2112,2,1,,2024-08-01,713,1,1
171679,2025/26,792,0,0,,2025-08-01,603,0,0
173504,2019/20,3420,2,2,,2019-08-01,1800,1,1
173504,2020/21,3240,1,0,,2020-08-01,1170,0,0
173504,2021/22,3107,1,2,,2021-08-01,1350,1,2
173504,2022/23,3420,1,1,,2022-08-01,1530,0,0
173504,2023/24,3420,1,1,,2023-08-01,1800,1,1
173504,2024/25,2924,1,1,,2024-08-01,1612,0,0
173504,2025/26,3330,2,3,,2025-08-01,1710,0,1
173900,2020/21,1156,3,3,,2020-08-01,680,2,2
173900,2021/22,21,0,0,,2021-08-01,21,0,0
174094,2021/22,352,0,0,,2021-08-01,135,0,0
174094,2022/23,10,0,0,,2022-08-01,1,0,0
174915,2020/21,19,0,0,,2020-08-01,19,0,0
175169,2019/20,1279,3,2,,2019-08-01,657,2,1
175169,2020/21,449,1,0,,2020-08-01,208,1,0
175446,2019/20,2892,2,2,,2019-08-01,1613,1,1
175446,2022/23,1262,1,0,,2022-08-01,1007,0,0
175446,2023/24,4,0,0,,2023-08-01,4,0,0
175722,2019/20,1341,0,2,,2019-08-01,611,0,1
175722,2020/21,2520,0,0,,2020-08-01,1260,0,0
175722,2021/22,3072,0,0,,2021-08-01,1452,0,0
175722,2022/23,2816,2,1,,2022-08-01,1374,2,0
175722,2023/24,199,0,0,,2023-08-01,199,0,0
176553,2019/20,1104,1,0,,2019-08-01,307,0,0
176553,2020/21,1343,0,0,,2020-08-01,360,0,0
176553,2021/22,2834,4,0,,2021-08-01,1363,2,0
176553,2022/23,993,0,0,,2022-08-01,285,0,0
176553,2023/24,11,0,0,,2023-08-01,11,0,0
176591,2019/20,332,0,1,,2019-08-01,313,0,1
177065,2019/20,72,1,0,,2019-08-01,72,1,0
177476,2019/20,2505,2,2,,2019-08-01,1385,1,1
177476,2020/21,797,1,0,,2020-08-01,469,1,0
177476,2021/22,920,2,0,,2021-08-01,489,1,0
177476,2022/23,1877,1,0,,2022-08-01,751,0,0
177476,2023/24,2044,2,2,,2023-08-01,1007,2,1
177476,2024/25,683,0,0,,2024-08-01,455,0,0
177476,2025/26,688,0,0,,2025-08-01,223,0,0
177907,2019/20,3420,1,1,,2019-08-01,1800,0,1
177907,2020/21,3048,2,1,,2020-08-01,1350,1,0
177907,2021/22,2515,1,0,,2021-08-01,1396,0,0
177907,2022/23,762,0,0,,2022-08-01,294,0,0
177907,2023/24,1650,2,3,,2023-08-01,836,0,1
177907,2024/25,1756,1,0,,2024-08-01,720,0,0
177907,2025/26,1655,1,2,,2025-08-01,344,1,1
179184,2019/20,224,1,1,,2019-08-01,117,1,1
179184,2020/21,722,2,2,,2020-08-01,424,0,2
181375,2019/20,2263,7,2,,2019-08-01,1403,5,1
181375,2020/21,935,3,0,,2020-08-01,876,3,0
181380,2019/20,932,0,1,,2019-08-01,563,0,1
181380,2020/21,1010,0,2,,2020-08-01,853,0,1
181380,2021/22,647,1,1,,2021-08-01,415,1,0
181380,2025/26,127,0,0,,2025-08-01,127,0,0
181579,2019/20,3420,5,3,,2019-08-01,1800,4,2
181579,2020/21,3420,8,7,,2020-08-01,1440,4,3
181579,2021/22,3217,10,5,,2021-08-01,1507,5,1
181579,2022/23,3372,9,4,,2022-08-01,1530,3,2
181579,2023/24,3004,7,7,,2023-08-01,1594,3,6
181579,2024/25,1440,1,2,,2024-08-01,412,0,0
181579,2025/26,1097,0,1,,2025-08-01,416,0,0
181687,2024/25,196,0,0,,2024-08-01,144,0,0
181778,2019/20,1025,0,0,,2019-08-01,918,0,0
181778,2020/21,88,0,0,,2020-08-01,88,0,0
181778,2021/22,4,0,0,,2021-08-01,4,0,0
181778,2022/23,1322,1,0,,2022-08-01,286,0,0
181778,2023/24,3143,1,2,,2023-08-01,1575,0,1
181778,2024/25,2125,2,1,,2024-08-01,1362,1,1
182712,2019/20,1205,0,0,,2019-08-01,397,0,0
182712,2020/21,2302,2,4,,2020-08-01,900,0,1
182712,2021/22,3228,1,7,,2021-08-01,1698,1,4
182712,2022/23,1278,2,1,,2022-08-01,1143,2,1
182877,2019/20,2640,17,7,,2019-08-01,1108,7,3
182877,2020/21,1488,4,6,,2020-08-01,739,1,4
182877,2021/22,211,1,0,,2021-08-01,203,1,0
182877,2022/23,980,6,2,,2022-08-01,348,3,2
182877,2023/24,444,1,0,,2023-08-01,444,1,0
182894,2019/20,135,0,0,,2019-08-01,135,0,0
182894,2021/22,65,0,0,,2021-08-01,65,0,0
182904,2022/23,2027,0,2,,2022-08-01,663,0,2
182904,2023/24,1155,0,1,,2023-08-01,242,0,1
183288,2019/20,1735,0,0,,2019-08-01,588,0,0
183288,2020/21,2655,1,5,,2020-08-01,892,0,1
183288,2021/22,1604,0,3,,2021-08-01,1093,0,1
183288,2022/23,2556,1,2,,2022-08-01,965,0,1
183288,2023/24,963,0,0,,2023-08-01,695,0,0
183288,2024/25,348,0,0,,2024-08-01,68,0,0
183288,2025/26,3233,1,1,,2025-08-01,1646,0,1
183293,2022/23,1016,0,1,,2022-08-01,35,0,0
183293,2023/24,381,0,0,,2023-08-01,381,0,0
183299,2019/20,676,1,2,,2019-08-01,641,1,2
183299,2020/21,1563,5,0,,2020-08-01,757,2,0
183302,2022/23,284,0,0,,2022-08-01,214,0,0
183318,2019/20,2079,1,0,,2019-08-01,1002,1,0
183318,2020/21,1627,2,0,,2020-08-01,673,0,0
183318,2021/22,2056,1,0,,2021-08-01,1350,1,0
183318,2022/23,214,0,0,,2022-08-01,105,0,0
183318,2023/24,1081,1,0,,2023-08-01,1039,1,0
183318,2025/26,19,0,0,,2025-08-01,19,0,0
183321,2022/23,141,0,1,,2022-08-01,141,0,1
183334,2020/21,3063,17,8,,2020-08-01,1370,10,3
183334,2021/22,559,2,2,,2021-08-01,459,2,2
183334,2022/23,1523,4,2,,2022-08-01,429,0,1
183720,2019/20,2064,4,4,,2019-08-01,1233,3,4
183720,2020/21,1612,10,0,,2020-08-01,397,5,0
183720,2021/22,394,1,1,,2021-08-01,383,1,1
184129,2023/24,1306,1,1,,2023-08-01,79,0,0
184528,2019/20,1019,0,1,,2019-08-01,420,0,0
184528,2020/21,1291,1,0,,2020-08-01,288,0,0
184528,2021/22,1639,0,1,,2021-08-01,544,0,1
184528,2022/23,1,0,0,,2022-08-01,1,0,0
184528,2023/24,910,0,0,,2023-08-01,82,0,0
184528,2024/25,334,0,0,,2024-08-01,240,0,0
184528,2025/26,45,0,0,,2025-08-01,45,0,0
184573,2019/20,3093,1,0,,2019-08-01,1710,1,0
184573,2020/21,2586,1,1,,2020-08-01,1146,1,1
184573,2021/22,2354,0,2,,2021-08-01,1087,0,2
184573,2022/23,1360,0,0,,2022-08-01,350,0,0
184573,2023/24,1332,1,1,,2023-08-01,901,1,1
184573,2024/25,697,0,0,,2024-08-01,59,0,0
184573,2025/26,944,0,1,,2025-08-01,385,0,1
186186,2020/21,2382,5,3,,2020-08-01,935,4,1
186186,2022/23,2485,4,1,,2022-08-01,1359,4,1
186186,2023/24,1423,6,2,,2023-08-01,845,4,0
186186,2024/25,741,1,3,,2024-08-01,273,1,1
186590,2019/20,1118,0,0,,2019-08-01,699,0,0
186590,2020/21,1934,4,0,,2020-08-01,540,0,0
186590,2021/22,1118,1,0,,2021-08-01,411,1,0
186590,2022/23,1848,2,2,,2022-08-01,911,0,2
186590,2023/24,1064,1,0,,2023-08-01,413,0,0
186590,2024/25,545,2,0,,2024-08-01,329,2,0
186590,2025/26,439,0,0,,2025-08-01,353,0,0
186644,2021/22,2045,4,2,,2021-08-01,905,2,0
186644,2022/23,2179,1,1,,2022-08-01,1156,0,1
186901,2020/21,180,0,0,,2020-08-01,90,0,0
186901,2022/23,180,0,0,,2022-08-01,180,0,0
186997,2019/20,741,0,3,,2019-08-01,611,0,3
188077,2022/23,1841,1,1,,2022-08-01,755,1,0
188077,2023/24,2920,0,5,,2023-08-01,1488,0,2
188077,2024/25,2131,2,3,,2024-08-01,1321,1,1
188077,2025/26,986,2,0,,2025-08-01,288,1,0
191217,2019/20,1159,1,0,,2019-08-01,263,0,0
191217,2020/21,2093,1,3,,2020-08-01,1229,0,3
191422,2023/24,454,0,1,,2023-08-01,454,0,1
191614,2019/20,2159,0,0,,2019-08-01,1228,0,0
191614,2020/21,2396,1,0,,2020-08-01,825,0,0
191614,2021/22,2035,4,5,,2021-08-01,1170,2,2
191614,2022/23,1233,2,2,,2022-08-01,435,2,0
192080,2019/20,3420,0,0,,2019-08-01,1800,0,0
192080,2020/21,2880,0,0,,2020-08-01,1260,0,0
192080,2021/22,3240,0,0,,2021-08-01,1350,0,0
192080,2022/23,3262,0,0,,2022-08-01,1530,0,0
192080,2023/24,1346,0,0,,2023-08-01,1256,0,0
192080,2024/25,2520,0,0,,2024-08-01,1350,0,0
192080,2025/26,2417,0,0,,2025-08-01,1157,0,0
192279,2019/20,2970,0,0,,2019-08-01,1800,0,0
192279,2020/21,585,0,0,,2020-08-01,270,0,0
192279,2021/22,360,0,0,,2021-08-01,90,0,0
192279,2022/23,2565,0,0,,2022-08-01,585,0,0
192279,2024/25,2790,0,0,,2024-08-01,1260,0,0
192765,2019/20,1432,0,0,,2019-08-01,361,0,0
192765,2020/21,1340,0,2,,2020-08-01,587,0,2
192765,2021/22,2539,1,1,,2021-08-01,660,0,1
192765,2022/23,2290,2,2,,2022-08-01,996,2,1
192765,2023/24,1086,1,0,,2023-08-01,898,1,0
192765,2024/25,1330,0,0,,2024-08-01,271,0,0
192765,2025/26,138,1,0,,2025-08-01,31,0,0
192875,2021/22,1388,0,0,,2021-08-01,1286,0,0
193098,2023/24,1030,2,0,,2023-08-01,265,1,0
193098,2024/25,960,0,1,,2024-08-01,795,0,1
193116,2019/20,2317,3,3,,2019-08-01,1538,3,2
193116,2020/21,3330,3,6,,2020-08-01,1260,1,5
193116,2021/22,3093,3,4,,2021-08-01,1388,3,2
193116,2022/23,2698,1,3,,2022-08-01,1150,0,0
193116,2023/24,3010,6,4,,2023-08-01,1711,5,2
193116,2024/25,2231,1,4,,2024-08-01,1242,0,3
193116,2025/26,2158,5,5,,2025-08-01,1433,1,3
193469,2019/20,1447,1,0,,2019-08-01,1222,0,0
194460,2020/21,665,1,1,,2020-08-01,342,0,1
195488,2019/20,1612,0,0,,2019-08-01,1252,0,0
195633,2019/20,1946,0,1,,2019-08-01,566,0,0
195633,2020/21,2428,0,1,,2020-08-01,1269,0,1
195633,2021/22,2730,0,3,,2021-08-01,1350,0,1
195633,2023/24,2332,1,1,,2023-08-01,1440,1,1
195633,2024/25,353,0,0,,2024-08-01,218,0,0
195652,2019/20,47,0,0,,2019-08-01,47,0,0
195906,2019/20,132,0,0,,2019-08-01,122,0,0
196522,2019/20,848,4,2,,2019-08-01,151,0,0
196522,2020/21,504,1,1,,2020-08-01,60,1,0
196522,2021/22,34,0,0,,2021-08-01,28,0,0
196722,2023/24,3,0,0,,2023-08-01,3,0,0
196948,2019/20,1752,0,0,,2019-08-01,672,0,0
196948,2020/21,1371,0,0,,2020-08-01,405,0,0
196948,2021/22,1494,0,0,,2021-08-01,999,0,0
197838,2019/20,3034,23,5,,2019-08-01,1710,17,3
197838,2020/21,2844,15,9,,2020-08-01,1212,11,4
197838,2021/22,1805,15,2,,2021-08-01,1321,9,1
197838,2022/23,1852,3,4,,2022-08-01,871,1,4
197838,2024/25,2839,9,4,,2024-08-01,1379,6,3
198516,2022/23,935,0,0,,2022-08-01,605,0,0
198516,2023/24,1455,1,3,,2023-08-01,922,1,3
198516,2024/25,135,0,0,,2024-08-01,45,0,0
199527,2020/21,1621,2,3,,2020-08-01,622,1,1
199527,2021/22,1460,1,2,,2021-08-01,785,1,1
199527,2022/23,1243,4,2,,2022-08-01,497,1,1
199527,2023/24,1193,3,7,,2023-08-01,119,1,3
199527,2024/25,2382,8,12,,2024-08-01,946,3,6
199527,2025/26,1620,3,2,,2025-08-01,918,2,1
200512,2019/20,2755,18,9,,2019-08-01,1509,10,8
200512,2020/21,2812,11,8,,2020-08-01,1242,6,3
200512,2021/22,2825,16,4,,2021-08-01,1624,7,2
201574,2019/20,900,0,0,,2019-08-01,900,0,0
201574,2021/22,810,0,0,,2021-08-01,180,0,0
202886,2020/21,1974,1,0,,2020-08-01,669,1,0
202886,2021/22,1387,0,3,,2021-08-01,694,0,2
202886,2022/23,1542,0,1,,2022-08-01,957,0,0
203026,2022/23,2340,0,0,,2022-08-01,1530,0,0
203026,2024/25,135,0,0,,2024-08-01,135,0,0
203394,2019/20,1489,1,3,,2019-08-01,1149,1,3
203394,2022/23,2718,4,6,,2022-08-01,1426,2,4
203394,2023/24,2639,3,7,,2023-08-01,1332,1,4
203394,2024/25,2026,2,6,,2024-08-01,1164,2,3
203460,2019/20,3234,8,6,,2019-08-01,1614,5,5
203460,2020/21,2185,6,12,,2020-08-01,1260,5,8
203460,2021/22,1916,3,3,,2021-08-01,1067,2,2
203460,2022/23,2063,5,7,,2022-08-01,710,1,2
203460,2023/24,1001,3,1,,2023-08-01,686,3,1
203460,2024/25,715,1,1,,2024-08-01,571,0,1
203460,2025/26,1632,2,6,,2025-08-01,1362,2,4
203655,2022/23,6,0,0,,2022-08-01,6,0,0
203853,2019/20,1273,0,0,,2019-08-01,680,0,0
203853,2020/21,1474,0,0,,2020-08-01,12,0,0
203853,2021/22,1044,0,4,,2021-08-01,506,0,1
203853,2022/23,2136,1,2,,2022-08-01,642,0,1
203853,2023/24,1725,1,2,,2023-08-01,1207,1,1
203853,2024/25,522,0,1,,2024-08-01,236,0,0
203853,2025/26,353,0,0,,2025-08-01,353,0,0
204103,2019/20,2606,4,9,,2019-08-01,1493,4,4
204103,2020/21,2643,2,3,,2020-08-01,940,0,0
204103,2021/22,1063,1,0,,2021-08-01,1012,0,0
204103,2022/23,1484,2,2,,2022-08-01,694,1,0
204103,2023/24,364,2,3,,2023-08-01,40,0,0
204103,2024/25,1770,2,7,,2024-08-01,930,1,3
204103,2025/26,377,0,0,,2025-08-01,251,0,0
204198,2019/20,2706,2,1,,2019-08-01,1176,2,0
204198,2020/21,2408,3,0,,2020-08-01,968,2,0
204198,2021/22,2709,2,0,,2021-08-01,1569,2,0
204294,2021/22,528,1,2,,2021-08-01,307,1,2
204294,2022/23,124,0,0,,2022-08-01,79,0,0
204294,2023/24,730,1,0,,2023-08-01,693,1,0
205503,2019/20,756,0,0,,2019-08-01,731,0,0
206040,2019/20,3252,17,6,,2019-08-01,1673,8,6
206040,2020/21,825,4,0,,2020-08-01,825,4,0
206040,2021/22,2638,6,4,,2021-08-01,1396,3,2
206040,2022/23,841,0,1,,2022-08-01,220,0,0
206040,2023/24,1402,7,0,,2023-08-01,1116,5,0
206040,2024/25,2507,12,3,,2024-08-01,1145,6,2
206040,2025/26,2199,9,3,,2025-08-01,1050,4,2
206225,2019/20,2226,1,2,,2019-08-01,1367,0,1
206225,2020/21,1944,0,0,,2020-08-01,911,0,0
206225,2021/22,1001,1,0,,2021-08-01,1001,1,0
206746,2020/21,1482,0,1,,2020-08-01,129,0,1
206746,2022/23,2575,1,5,,2022-08-01,890,0,4
206746,2023/24,868,1,0,,2023-08-01,606,1,0
206746,2024/25,1779,0,2,,2024-08-01,1266,0,2
206746,2025/26,1795,1,0,,2025-08-01,1297,1,0
207014,2019/20,2262,1,1,,2019-08-01,1162,1,1
207014,2021/22,1058,0,1,,2021-08-01,336,0,1
207014,2022/23,828,1,1,,2022-08-01,92,0,0
207014,2023/24,1900,0,1,,2023-08-01,972,0,0
207014,2024/25,2120,0,4,,2024-08-01,1096,0,3
207014,2025/26,1568,0,0,,2025-08-01,634,0,0
207742,2023/24,1172,1,1,,2023-08-01,1172,1,1
207929,2019/20,1852,8,4,,2019-08-01,1076,6,3
207929,2020/21,618,0,1,,2020-08-01,74,0,0
207929,2021/22,988,1,0,,2021-08-01,657,1,0
207929,2022/23,38,0,0,,2022-08-01,38,0,0
208379,2024/25,630,0,0,,2024-08-01,180,0,0
209212,2019/20,1146,0,1,,2019-08-01,601,0,1
209212,2020/21,1674,2,1,,2020-08-01,1225,2,1
209212,2021/22,1740,0,2,,2021-08-01,850,0,1
209212,2022/23,2728,7,7,,2022-08-01,1379,1,3
209212,2023/24,559,3,1,,2023-08-01,559,3,1
209212,2024/25,163,0,0,,2024-08-01,2,0,0
209781,2019/20,19,0,0,,2019-08-01,1,0,0
210178,2020/21,900,0,0,,2020-08-01,180,0,0
210178,2021/22,180,0,0,,2021-08-01,180,0,0
212829,2019/20,2915,0,1,,2019-08-01,1800,0,1
212829,2020/21,180,0,0,,2020-08-01,180,0,0
212847,2019/20,2670,3,1,,2019-08-01,1296,3,0
212847,2020/21,2595,1,0,,2020-08-01,1350,0,0
212847,2021/22,1432,2,0,,2021-08-01,628,0,0
212847,2022/23,1987,0,0,,2022-08-01,1170,0,0
212847,2023/24,1143,0,0,,2023-08-01,540,0,0
212847,2024/25,888,0,0,,2024-08-01,80,0,0
213268,2019/20,308,2,0,,2019-08-01,106,1,0
213268,2020/21,522,0,1,,2020-08-01,249,0,1
214056,2020/21,719,1,0,,2020-08-01,265,0,0
214056,2021/22,2118,0,0,,2021-08-01,785,0,0
214056,2022/23,1610,0,0,,2022-08-01,1094,0,0
214666,2021/22,1690,1,1,,2021-08-01,15,0,0
214666,2023/24,819,0,0,,2023-08-01,772,0,0
214928,2020/21,1007,1,0,,2020-08-01,153,0,0
215118,2019/20,1103,1,1,,2019-08-01,1103,1,1
215118,2021/22,1001,1,0,,2021-08-01,171,0,0
215118,2022/23,344,0,0,,2022-08-01,100,0,0
215679,2019/20,2,0,0,,2019-08-01,2,0,0
215876,2019/20,2520,3,2,,2019-08-01,1710,2,1
215876,2021/22,992,1,3,,2021-08-01,596,0,2
215876,2024/25,385,0,0,,2024-08-01,148,0,0
217111,2020/21,1177,2,3,,2020-08-01,390,1,3
217111,2021/22,1316,4,3,,2021-08-01,549,1,2
217111,2022/23,653,0,3,,2022-08-01,148,0,0
217115,2019/20,2771,10,3,,2019-08-01,1452,7,1
217115,2020/21,2520,8,2,,2020-08-01,1031,5,1
217115,2021/22,2274,8,2,,2021-08-01,1196,7,0
217115,2022/23,1115,1,0,,2022-08-01,657,1,0
217115,2023/24,1424,6,3,,2023-08-01,801,2,3
218087,2019/20,591,0,0,,2019-08-01,51,0,0
218087,2020/21,1605,1,0,,2020-08-01,598,0,0
218087,2023/24,1363,0,2,,2023-08-01,310,0,0
221025,2019/20,1460,0,1,,2019-08-01,585,0,0
221025,2020/21,1569,0,1,,2020-08-01,522,0,0
221025,2021/22,618,0,1,,2021-08-01,250,0,1
221025,2023/24,504,1,0,,2023-08-01,158,1,0
221624,2021/22,90,0,0,,2021-08-01,90,0,0
222209,2023/24,135,0,0,,2023-08-01,135,0,0
225083,2019/20,1733,3,0,,2019-08-01,1034,3,0
225083,2020/21,2145,0,2,,2020-08-01,1417,0,1
225083,2021/22,1778,2,4,,2021-08-01,673,2,0
225083,2022/23,520,0,1,,2022-08-01,175,0,0
225122,2022/23,709,1,1,,2022-08-01,709,1,1
225122,2024/25,987,2,4,,2024-08-01,453,2,4
225161,2019/20,3060,2,2,,2019-08-01,1560,2,1
225161,2020/21,2680,5,1,,2020-08-01,1063,0,0
225161,2021/22,2662,4,2,,2021-08-01,1345,1,1
225161,2022/23,3023,6,1,,2022-08-01,1440,4,0
225452,2019/20,24,0,0,,2019-08-01,24,0,0
225452,2025/26,27,0,0,,2025-08-01,27,0,0
225693,2019/20,2074,2,3,,2019-08-01,1006,1,1
225693,2020/21,2566,0,1,,2020-08-01,1202,0,1
225693,2021/22,2316,5,1,,2021-08-01,1073,1,1
225693,2022/23,2677,0,2,,2022-08-01,1087,0,0
225984,2020/21,2583,11,6,,2020-08-01,835,1,3
226049,2021/22,360,0,0,,2021-08-01,360,0,0
226973,2020/21,2250,0,2,,2020-08-01,716,0,1
226973,2022/23,2879,3,4,,2022-08-01,1331,2,1
226973,2023/24,1326,0,2,,2023-08-01,792,0,1
226973,2024/25,98,0,0,,2024-08-01,54,0,0
226973,2025/26,89,1,0,,2025-08-01,1,0,0
228948,2022/23,2230,0,2,,2022-08-01,1260,0,0
228948,2023/24,19,0,0,,2023-08-01,19,0,0
230541,2019/20,207,0,0,,2019-08-01,111,0,0
230784,2020/21,1535,0,2,,2020-08-01,277,0,0
230784,2021/22,2033,2,1,,2021-08-01,1238,1,0
230784,2022/23,2486,3,0,,2022-08-01,1125,2,0
230784,2023/24,789,0,0,,2023-08-01,251,0,0
230784,2024/25,2800,4,2,,2024-08-01,1314,2,2
231572,2020/21,2988,1,1,,2020-08-01,1141,0,0
231572,2021/22,2137,0,1,,2021-08-01,1393,0,0
231572,2022/23,2635,0,1,,2022-08-01,829,0,1
231572,2023/24,3093,0,1,,2023-08-01,1640,0,1
231572,2024/25,2896,0,4,,2024-08-01,1411,0,3
232271,2019/20,760,0,2,,2019-08-01,561,0,2
232964,2022/23,8,0,0,,2022-08-01,8,0,0
233124,2019/20,1544,1,0,,2019-08-01,360,0,0
233124,2020/21,630,1,0,,2020-08-01,360,1,0
233124,2021/22,397,1,0,,2021-08-01,261,1,0
234189,2019/20,1951,6,2,,2019-08-01,992,3,1
234189,2020/21,1167,2,1,,2020-08-01,721,0,1
234509,2023/24,3420,0,0,,2023-08-01,1800,0,0
234509,2024/25,3060,0,0,,2024-08-01,1710,0,0
234781,2021/22,1776,9,1,,2021-08-01,569,5,0
234781,2022/23,234,0,0,,2022-08-01,86,0,0
234781,2023/24,110,1,0,,2023-08-01,1,0,0
234781,2024/25,71,0,0,,2024-08-01,71,0,0
234803,2019/20,3114,2,12,,2019-08-01,1637,1,5
234803,2020/21,3386,1,7,,2020-08-01,1440,1,5
234803,2021/22,2541,3,10,,2021-08-01,1217,1,5
234803,2022/23,2590,0,8,,2022-08-01,1017,0,5
234803,2023/24,1692,3,2,,2023-08-01,720,1,0
234803,2024/25,2492,0,1,,2024-08-01,1297,0,0
234803,2025/26,1172,1,0,,2025-08-01,418,0,0
236471,2021/22,338,0,0,,2021-08-01,338,0,0
236490,2020/21,2670,2,1,,2020-08-01,1080,1,0
236490,2023/24,1701,1,1,,2023-08-01,995,1,1
236490,2024/25,3002,2,1,,2024-08-01,1646,2,0
236490,2025/26,1590,0,0,,2025-08-01,270,0,0
236953,2019/20,1294,0,0,,2019-08-01,817,0,0
236953,2021/22,1024,0,0,,2021-08-01,135,0,0
236953,2025/26,8,0,0,,2025-08-01,7,0,0
238223,2019/20,3072,0,0,,2019-08-01,1542,0,0
238223,2020/21,3240,0,1,,2020-08-01,1260,0,0
238223,2021/22,3330,0,0,,2021-08-01,1710,0,0
238223,2022/23,3150,0,1,,2022-08-01,1440,0,1
238223,2023/24,2788,0,0,,2023-08-01,1620,0,0
238223,2024/25,2321,0,4,,2024-08-01,1170,0,1
238266,2022/23,944,1,0,,2022-08-01,485,0,0
239949,2022/23,11,0,0,,2022-08-01,11,0,0
240306,2020/21,3109,18,11,,2020-08-01,1216,10,7
240306,2021/22,3118,10,6,,2021-08-01,1475,5,3
240306,2022/23,3320,8,8,,2022-08-01,1350,2,2
240306,2023/24,3120,10,8,,2023-08-01,1710,3,3
240306,2024/25,3023,8,11,,2024-08-01,1479,4,5
240306,2025/26,3068,9,21,,2025-08-01,1477,5,7
240692,2025/26,1969,0,2,,2025-08-01,1023,0,1
241481,2019/20,763,0,0,,2019-08-01,205,0,0
241481,2020/21,1817,2,0,,2020-08-01,596,1,0
241481,2021/22,117,0,0,,2021-08-01,102,0,0
241481,2022/23,59,0,0,,2022-08-01,45,0,0
241481,2023/24,230,0,0,,2023-08-01,176,0,0
241641,2019/20,2029,6,7,,2019-08-01,1180,5,4
241641,2020/21,2070,2,6,,2020-08-01,554,0,0
241641,2021/22,2860,8,4,,2021-08-01,1615,7,1
241641,2022/23,2202,4,6,,2022-08-01,1156,2,6
241641,2023/24,2582,6,9,,2023-08-01,1359,5,4
241641,2024/25,2668,4,4,,2024-08-01,1554,2,4
241641,2025/26,2888,2,4,,2025-08-01,1238,0,2
242606,2023/24,2060,2,3,,2023-08-01,846,0,1
242606,2025/26,1520,2,2,,2025-08-01,1520,2,2
242631,2019/20,1601,1,0,,2019-08-01,1044,1,0
242631,2020/21,1540,1,2,,2020-08-01,778,0,2
242631,2021/22,2035,2,2,,2021-08-01,712,1,1
242631,2022/23,3382,2,8,,2022-08-01,1513,1,5
242631,2023/24,2346,5,2,,2023-08-01,1254,3,1
242631,2024/25,2998,9,6,,2024-08-01,1665,5,3
242631,2025/26,2436,4,3,,2025-08-01,1340,2,2
243028,2019/20,3058,1,1,,2019-08-01,1798,0,0
243028,2020/21,3101,1,1,,2020-08-01,1350,1,1
243028,2021/22,2631,4,0,,2021-08-01,1165,2,0
243028,2022/23,1773,0,0,,2022-08-01,250,0,0
243028,2024/25,2535,2,0,,2024-08-01,1341,0,0
243589,2020/21,372,0,0,,2020-08-01,133,0,0
243589,2022/23,14,0,0,,2022-08-01,14,0,0
244338,2023/24,1093,0,0,,2023-08-01,731,0,0
245056,2023/24,1120,1,0,,2023-08-01,385,0,0
245056,2024/25,2360,0,2,,2024-08-01,1078,0,1
245056,2025/26,1734,1,3,,2025-08-01,949,1,2
246291,2020/21,1205,1,0,,2020-08-01,81,0,0
246291,2021/22,2343,3,0,,2021-08-01,1088,1,0
246291,2022/23,648,0,0,,2022-08-01,648,0,0
246963,2023/24,2868,11,4,,2023-08-01,1253,3,2
246968,2019/20,2019,8,4,,2019-08-01,1037,4,3
246968,2020/21,1332,2,1,,2020-08-01,541,1,0
246968,2021/22,442,2,3,,2021-08-01,217,0,2
246968,2022/23,379,0,1,,2022-08-01,289,0,1
249089,2019/20,1345,0,0,,2019-08-01,707,0,0
249089,2022/23,1715,0,2,,2022-08-01,1363,0,2
249089,2023/24,2792,0,3,,2023-08-01,1092,0,1
249089,2024/25,2978,1,3,,2024-08-01,1492,1,3
249089,2025/26,872,0,1,,2025-08-01,394,0,0
249126,2019/20,2230,0,0,,2019-08-01,1000,0,0
249126,2020/21,861,0,0,,2020-08-01,373,0,0
249126,2021/22,907,0,1,,2021-08-01,344,0,0
249126,2024/25,1540,0,2,,2024-08-01,1061,0,2
249356,2019/20,1550,0,2,,2019-08-01,798,0,1
249356,2022/23,293,0,0,,2022-08-01,175,0,0
249513,2019/20,2335,0,4,,2019-08-01,1390,0,2
249565,2019/20,2834,3,6,,2019-08-01,1669,3,3
249565,2020/21,3358,6,4,,2020-08-01,1383,3,0
249565,2021/22,2634,6,4,,2021-08-01,1172,5,2
249565,2022/23,2351,3,2,,2022-08-01,1293,3,1
249565,2023/24,1621,2,6,,2023-08-01,557,0,3
249565,2024/25,3032,3,7,,2024-08-01,1596,0,4
249565,2025/26,1863,0,4,,2025-08-01,955,0,3
249994,2021/22,3285,0,1,,2021-08-01,1620,0,1
249994,2022/23,3240,0,0,,2022-08-01,1530,0,0
249994,2023/24,3038,0,0,,2023-08-01,1553,0,0
249994,2024/25,2610,0,0,,2024-08-01,1080,0,0
249994,2025/26,2070,0,0,,2025-08-01,630,0,0
250426,2021/22,1415,2,3,,2021-08-01,1175,2,3
250426,2022/23,1334,2,1,,2022-08-01,884,1,1
250426,2024/25,1254,2,2,,2024-08-01,1084,2,2
250478,2019/20,2295,1,2,,2019-08-01,1151,1,2
250478,2020/21,3405,0,2,,2020-08-01,1260,0,0
250478,2021/22,2873,1,1,,2021-08-01,1343,1,1
250478,2022/23,603,0,0,,2022-08-01,421,0,0
250478,2023/24,78,0,0,,2023-08-01,78,0,0
250478,2024/25,19,0,0,,2024-08-01,11,0,0
251106,2024/25,332,2,1,,2024-08-01,312,2,1
251106,2025/26,214,1,0,,2025-08-01,69,1,0
251664,2021/22,2908,12,5,,2021-08-01,1440,4,2
251664,2022/23,2955,20,4,,2022-08-01,1440,12,3
251845,2021/22,2094,3,2,,2021-08-01,1338,2,2
251845,2022/23,73,0,0,,2022-08-01,71,0,0
251896,2019/20,162,0,0,,2019-08-01,162,0,0
251912,2020/21,2780,2,0,,2020-08-01,1350,1,0
252345,2021/22,846,0,0,,2021-08-01,329,0,0
253341,2019/20,581,0,0,,2019-08-01,77,0,0
253341,2020/21,2558,0,0,,2020-08-01,1125,0,0
253341,2021/22,841,1,0,,2021-08-01,291,0,0
253341,2022/23,562,1,0,,2022-08-01,15,0,0
253677,2019/20,2903,2,2,,2019-08-01,1373,1,1
253677,2020/21,3195,2,2,,2020-08-01,1125,2,1
253677,2021/22,3188,1,3,,2021-08-01,1478,1,1
253677,2022/23,3150,1,2,,2022-08-01,1260,0,0
253677,2023/24,31,0,0,,2023-08-01,31,0,0
253677,2024/25,1121,0,0,,2024-08-01,160,0,0
253677,2025/26,1323,0,1,,2025-08-01,498,0,0
255731,2024/25,934,0,1,,2024-08-01,824,0,1
255755,2020/21,691,0,2,,2020-08-01,429,0,1
255755,2021/22,1660,0,4,,2021-08-01,467,0,0
255788,2024/25,1540,0,2,,2024-08-01,810,0,1
255906,2022/23,1573,0,0,,2022-08-01,1260,0,0
255906,2023/24,417,0,0,,2023-08-01,417,0,0
255916,2019/20,936,1,0,,2019-08-01,674,1,0
255916,2020/21,437,0,0,,2020-08-01,274,0,0
256178,2019/20,1999,0,0,,2019-08-01,467,0,0
256178,2020/21,590,0,0,,2020-08-01,590,0,0
256178,2021/22,330,0,1,,2021-08-01,14,0,0
256178,2022/23,1461,0,0,,2022-08-01,900,0,0
256178,2023/24,1776,0,1,,2023-08-01,835,0,0
256178,2024/25,519,0,0,,2024-08-01,519,0,0
256178,2025/26,600,0,2,,2025-08-01,246,0,2
256977,2020/21,1677,3,2,,2020-08-01,1127,3,2
256977,2021/22,1484,2,3,,2021-08-01,429,0,2
256977,2022/23,1770,6,0,,2022-08-01,1174,3,0
256977,2024/25,46,0,0,,2024-08-01,46,0,0
257455,2022/23,3113,3,0,,2022-08-01,1418,3,0
257455,2023/24,2709,4,1,,2023-08-01,1412,2,1
257455,2025/26,2198,5,2,,2025-08-01,1115,2,2
257805,2021/22,1651,1,2,,2021-08-01,707,1,1
258004,2020/21,2845,1,0,,2020-08-01,1060,0,0
258004,2021/22,2403,2,4,,2021-08-01,1593,2,2
258004,2022/23,1998,0,0,,2022-08-01,872,0,0
258004,2023/24,2557,0,0,,2023-08-01,1297,0,0
258004,2024/25,2269,0,0,,2024-08-01,1086,0,0
258004,2025/26,2140,2,0,,2025-08-01,1535,2,0
258878,2020/21,2954,0,0,,2020-08-01,990,0,0
258878,2022/23,2084,1,0,,2022-08-01,901,1,0
258878,2023/24,1617,2,0,,2023-08-01,542,1,0
258878,2024/25,1405,1,1,,2024-08-01,623,0,0
258878,2025/26,789,0,0,,2025-08-01,557,0,0
258883,2020/21,80,0,0,,2020-08-01,80,0,0
258883,2021/22,1017,0,1,,2021-08-01,100,0,0
258885,2020/21,551,0,0,,2020-08-01,415,0,0
258885,2023/24,500,0,1,,2023-08-01,311,0,0
258889,2019/20,1644,3,1,,2019-08-01,863,0,0
258889,2022/23,2873,6,7,,2022-08-01,1258,3,3
258889,2023/24,3333,19,3,,2023-08-01,1698,12,1
258889,2024/25,2206,9,3,,2024-08-01,1421,6,3
258889,2025/26,1001,3,0,,2025-08-01,31,0,0
258916,2021/22,912,1,1,,2021-08-01,316,0,0
258919,2019/20,3240,0,0,,2019-08-01,1710,0,0
258919,2020/21,1125,0,0,,2020-08-01,225,0,0
258919,2022/23,1620,0,0,,2022-08-01,1350,0,0
258919,2023/24,1620,0,0,,2023-08-01,360,0,0
258919,2024/25,3420,0,0,,2024-08-01,1710,0,0
258919,2025/26,3330,0,0,,2025-08-01,1620,0,0
258923,2019/20,2655,17,9,,2019-08-01,1733,12,5
258923,2020/21,2924,11,11,,2020-08-01,1274,7,5
258923,2021/22,1233,4,2,,2021-08-01,586,2,1
258923,2022/23,2891,17,5,,2022-08-01,1262,6,3
258923,2023/24,2278,7,3,,2023-08-01,1327,3,3
258923,2024/25,1426,6,4,,2024-08-01,982,4,1
260827,2020/21,2730,1,1,,2020-08-01,782,0,0
260827,2021/22,2915,0,3,,2021-08-01,1205,0,1
260827,2022/23,2783,1,0,,2022-08-01,1350,1,0
260827,2023/24,3417,2,3,,2023-08-01,1800,2,1
260827,2024/25,2674,0,0,,2024-08-01,964,0,0
260827,2025/26,2877,0,1,,2025-08-01,1482,0,0
261988,2020/21,543,0,0,,2020-08-01,543,0,0
262226,2020/21,2347,2,3,,2020-08-01,690,1,2
262226,2021/22,2126,1,0,,2021-08-01,1271,0,0
262226,2022/23,3257,2,3,,2022-08-01,1372,1,2
262226,2023/24,2634,1,3,,2023-08-01,1280,0,0
262226,2024/25,1643,0,1,,2024-08-01,448,0,1
262226,2025/26,1842,0,0,,2025-08-01,547,0,0
262300,2024/25,1468,0,1,,2024-08-01,673,0,0
262749,2021/22,2160,0,0,,2021-08-01,810,0,0
262749,2022/23,3420,0,0,,2022-08-01,1530,0,0
262749,2023/24,2880,0,0,,2023-08-01,1350,0,0
262749,2024/25,3420,0,0,,2024-08-01,1620,0,0
262749,2025/26,3330,0,0,,2025-08-01,1710,0,0
262980,2019/20,2709,1,2,,2019-08-01,1408,0,1
262980,2022/23,3255,5,0,,2022-08-01,1530,2,0
262980,2023/24,2404,1,1,,2023-08-01,1310,0,1
262980,2024/25,2277,0,1,,2024-08-01,1005,0,0
262980,2025/26,1724,0,4,,2025-08-01,625,0,2
263236,2019/20,276,0,1,,2019-08-01,276,0,1
263236,2025/26,1491,0,0,,2025-08-01,582,0,0
263856,2019/20,5,0,0,,2019-08-01,5,0,0
264220,2023/24,1664,0,4,,2023-08-01,598,0,1
265078,2019/20,295,2,0,,2019-08-01,295,2,0
270171,2021/22,2308,4,0,,2021-08-01,1010,1,0
270171,2022/23,2210,3,1,,2022-08-01,1113,2,1
270171,2023/24,3073,1,3,,2023-08-01,1553,0,1
270171,2024/25,2267,1,3,,2024-08-01,1317,1,3
270171,2025/26,1437,1,4,,2025-08-01,490,0,1
272622,2019/20,2766,3,1,,2019-08-01,1236,0,0
272622,2020/21,1379,2,0,,2020-08-01,297,0,0
272622,2021/22,962,0,1,,2021-08-01,450,0,0
272622,2022/23,2009,1,0,,2022-08-01,776,1,0
272622,2023/24,1425,0,0,,2023-08-01,801,0,0
272622,2024/25,1335,0,0,,2024-08-01,1020,0,0
272622,2025/26,814,1,0,,2025-08-01,231,0,0
272642,2019/20,1874,3,5,,2019-08-01,824,1,1
272642,2020/21,1567,3,4,,2020-08-01,587,1,1
272642,2021/22,2812,5,5,,2021-08-01,1625,4,3
272642,2022/23,1117,1,5,,2022-08-01,411,1,3
272855,2024/25,1045,4,1,,2024-08-01,267,0,0
272999,2019/20,3034,4,2,,2019-08-01,1589,1,1
272999,2020/21,2438,4,1,,2020-08-01,781,1,1
272999,2021/22,1720,1,0,,2021-08-01,977,0,0
272999,2022/23,2508,11,2,,2022-08-01,1431,9,1
272999,2023/24,1947,3,1,,2023-08-01,1312,3,1
272999,2024/25,150,0,0,,2024-08-01,136,0,0
274839,2019/20,2674,2,1,,2019-08-01,1640,2,0
274839,2020/21,2179,1,4,,2020-08-01,551,0,0
274839,2021/22,1619,0,0,,2021-08-01,1170,0,0
274839,2022/23,1682,0,0,,2022-08-01,713,0,0
274839,2024/25,2337,0,5,,2024-08-01,1223,0,4
275590,2022/23,1274,4,0,,2022-08-01,923,4,0
275590,2023/24,100,1,0,,2023-08-01,93,1,0
277033,2023/24,273,1,1,,2023-08-01,252,1,1
277033,2024/25,948,2,0,,2024-08-01,236,1,0
277033,2025/26,1199,1,3,,2025-08-01,849,1,1
277179,2019/20,422,0,0,,2019-08-01,422,0,0
278166,2023/24,1723,0,0,,2023-08-01,1177,0,0
279455,2019/20,1664,7,0,,2019-08-01,980,6,0
279455,2022/23,1097,2,5,,2022-08-01,276,0,1
279455,2023/24,1614,4,6,,2023-08-01,1040,2,3
279455,2024/25,1159,6,2,,2024-08-01,517,5,0
279455,2025/26,2694,10,7,,2025-08-01,1250,5,4
282429,2020/21,2249,0,4,,2020-08-01,881,0,2
282429,2021/22,1922,2,3,,2021-08-01,1205,1,3
282429,2023/24,1536,0,4,,2023-08-01,412,0,0
282429,2024/25,195,0,0,,2024-08-01,40,0,0
282939,2025/26,564,0,1,,2025-08-01,3,0,0
283628,2020/21,3420,10,1,,2020-08-01,1440,4,0
283628,2021/22,3062,5,1,,2021-08-01,1699,3,1
283628,2022/23,2819,2,3,,2022-08-01,1395,1,1
283628,2023/24,2874,7,2,,2023-08-01,1440,5,1
283628,2024/25,2571,9,2,,2024-08-01,1256,4,1
283628,2025/26,2199,5,0,,2025-08-01,586,2,0
284165,2020/21,1212,1,4,,2020-08-01,593,0,0
284165,2021/22,550,3,1,,2021-08-01,311,0,1
284730,2022/23,2286,0,1,,2022-08-01,882,0,1
284730,2023/24,2514,2,0,,2023-08-01,1261,2,0
284730,2024/25,2014,0,0,,2024-08-01,1277,0,0
284857,2021/22,3092,1,1,,2021-08-01,1292,0,1
284857,2022/23,1678,0,2,,2022-08-01,940,0,2
284857,2023/24,1785,0,2,,2023-08-01,705,0,0
284857,2024/25,2992,5,2,,2024-08-01,1359,1,2
284857,2025/26,2710,1,4,,2025-08-01,1507,0,2
285548,2019/20,1176,1,0,,2019-08-01,901,1,0
285548,2020/21,1198,1,0,,2020-08-01,1080,1,0
285845,2019/20,1383,0,2,,2019-08-01,941,0,2
285845,2020/21,1719,0,1,,2020-08-01,385,0,1
285845,2021/22,264,0,0,,2021-08-01,264,0,0
285845,2022/23,1404,0,1,,2022-08-01,538,0,0
286047,2023/24,3420,0,0,,2023-08-01,1800,0,0
286047,2024/25,2160,0,0,,2024-08-01,1080,0,0
286047,2025/26,2790,0,0,,2025-08-01,1620,0,0
286384,2020/21,915,0,0,,2020-08-01,277,0,0
286384,2021/22,217,0,0,,2021-08-01,217,0,0
286949,2019/20,1818,1,0,,2019-08-01,485,0,0
286949,2021/22,1076,0,1,,2021-08-01,777,0,0
287579,2023/24,932,0,0,,2023-08-01,611,0,0
288255,2020/21,513,1,1,,2020-08-01,251,1,0
288255,2021/22,553,2,0,,2021-08-01,69,1,0
288255,2022/23,163,0,0,,2022-08-01,118,0,0
288255,2023/24,2,0,0,,2023-08-01,2,0,0
288323,2024/25,43,0,0,,2024-08-01,43,0,0
289446,2019/20,2282,2,1,,2019-08-01,1540,0,0
289446,2020/21,1939,2,0,,2020-08-01,1170,2,0
289446,2021/22,847,0,0,,2021-08-01,488,0,0
289446,2022/23,596,2,0,,2022-08-01,146,1,0
289592,2022/23,1555,1,1,,2022-08-01,328,0,0
289592,2023/24,1570,1,0,,2023-08-01,1409,1,0
289592,2024/25,1261,1,0,,2024-08-01,946,1,0
290532,2020/21,1388,1,6,,2020-08-01,304,0,2
290532,2021/22,2184,8,6,,2021-08-01,1380,5,3
290532,2022/23,2071,6,3,,2022-08-01,928,3,1
290532,2023/24,615,0,1,,2023-08-01,542,0,1
290951,2020/21,309,0,0,,2020-08-01,279,0,0
291200,2022/23,1166,0,0,,2022-08-01,162,0,0
291200,2023/24,1457,1,0,,2023-08-01,978,0,0
291422,2019/20,1233,6,4,,2019-08-01,794,5,3
291422,2020/21,289,0,0,,2020-08-01,140,0,0
291739,2021/22,2239,1,2,,2021-08-01,808,0,1
292139,2024/25,1002,4,0,,2024-08-01,916,3,0
292246,2021/22,1822,5,1,,2021-08-01,986,4,0
292246,2022/23,1127,3,1,,2022-08-01,470,0,1
292246,2023/24,2124,12,3,,2023-08-01,1449,10,3
292246,2024/25,649,2,0,,2024-08-01,423,2,0
292246,2025/26,1455,2,2,,2025-08-01,737,1,0
292417,2019/20,608,2,3,,2019-08-01,361,1,1
292417,2020/21,18,0,0,,2020-08-01,18,0,0
292417,2021/22,2351,5,4,,2021-08-01,1246,5,2
292417,2022/23,2511,4,1,,2022-08-01,1414,2,0
292808,2022/23,2787,1,2,,2022-08-01,990,0,0
292808,2024/25,2812,1,0,,2024-08-01,1254,1,0
293194,2025/26,99,0,0,,2025-08-01,26,0,0
293200,2021/22,554,1,0,,2021-08-01,197,1,0
293281,2023/24,1247,6,0,,2023-08-01,449,2,0
293281,2025/26,1023,0,1,,2025-08-01,807,0,1
293283,2020/21,21,0,0,,2020-08-01,21,0,0
293569,2020/21,2813,0,1,,2020-08-01,1260,0,0
293569,2021/22,2953,2,3,,2021-08-01,1200,0,0
293569,2023/24,2252,4,2,,2023-08-01,1501,3,0
294057,2019/20,2629,6,3,,2019-08-01,1607,5,3
294057,2020/21,2105,8,7,,2020-08-01,885,3,4
294057,2021/22,2467,12,8,,2021-08-01,1169,5,3
294057,2022/23,2486,10,9,,2022-08-01,1100,7,4
294057,2023/24,2154,4,9,,2023-08-01,889,3,5
294057,2024/25,1817,9,7,,2024-08-01,1143,8,4
295313,2022/23,1411,10,1,,2022-08-01,573,3,0
295313,2023/24,1046,6,3,,2023-08-01,672,4,2
295313,2024/25,399,1,0,,2024-08-01,216,0,0
295313,2025/26,481,4,2,,2025-08-01,182,0,0
295330,2019/20,961,5,4,,2019-08-01,221,3,2
295330,2020/21,1457,12,2,,2020-08-01,234,0,0
295330,2021/22,1260,4,5,,2021-08-01,588,2,4
295330,2022/23,1121,5,5,,2022-08-01,249,1,1
295331,2019/20,65,0,0,,2019-08-01,50,0,0
295630,2021/22,1166,0,1,,2021-08-01,532,0,1
296422,2023/24,65,0,0,,2023-08-01,48,0,0
296986,2020/21,1339,1,2,,2020-08-01,238,0,0
296986,2021/22,978,1,1,,2021-08-01,797,1,1
297212,2020/21,732,0,0,,2020-08-01,101,0,0
297212,2021/22,87,0,0,,2021-08-01,78,0,0
297212,2025/26,2954,2,0,,2025-08-01,1561,2,0
298477,2019/20,2119,6,0,,2019-08-01,786,3,0
298477,2020/21,1319,1,1,,2020-08-01,822,1,1
298477,2023/24,1285,6,3,,2023-08-01,679,3,1
300716,2019/20,992,1,1,,2019-08-01,299,0,0
300716,2020/21,2301,1,4,,2020-08-01,1341,0,1
300716,2021/22,1919,1,3,,2021-08-01,1109,1,2
300716,2022/23,777,0,1,,2022-08-01,449,0,0
302215,2019/20,813,2,3,,2019-08-01,197,1,1
302215,2020/21,521,0,0,,2020-08-01,398,0,0
302215,2021/22,1175,3,1,,2021-08-01,506,2,1
302215,2022/23,292,0,0,,2022-08-01,51,0,0
303254,2019/20,1293,1,0,,2019-08-01,1229,1,0
303254,2020/21,45,0,0,,2020-08-01,45,0,0
303657,2023/24,180,0,0,,2023-08-01,180,0,0
306024,2019/20,2630,13,1,,2019-08-01,1133,8,0
306024,2020/21,2876,16,3,,2020-08-01,1330,11,1
306024,2021/22,1287,5,2,,2021-08-01,250,3,0
306024,2022/23,1175,2,1,,2022-08-01,410,1,0
306024,2023/24,2186,7,2,,2023-08-01,1084,3,0
306024,2024/25,1613,3,2,,2024-08-01,1331,2,1
306024,2025/26,2730,14,1,,2025-08-01,1119,8,0
309400,2020/21,1520,4,5,,2020-08-01,805,1,2
309400,2021/22,1811,8,4,,2021-08-01,857,2,2
309400,2022/23,2579,7,1,,2022-08-01,978,4,1
309400,2023/24,2640,13,7,,2023-08-01,1175,4,1
309400,2024/25,1875,9,3,,2024-08-01,1482,7,2
309400,2025/26,583,2,3,,2025-08-01,30,0,0
314183,2020/21,1132,1,0,,2020-08-01,867,1,0
314210,2019/20,2026,1,0,,2019-08-01,918,1,0
314210,2020/21,1426,0,1,,2020-08-01,337,0,0
314210,2021/22,233,1,0,,2021-08-01,155,1,0
314210,2022/23,527,0,0,,2022-08-01,308,0,0
314210,2023/24,214,0,0,,2023-08-01,57,0,0
314241,2025/26,1759,1,0,,2025-08-01,876,1,0
314288,2025/26,1073,6,1,,2025-08-01,511,4,0
314353,2019/20,3176,4,13,,2019-08-01,1663,2,8
314353,2020/21,3033,2,7,,2020-08-01,1142,0,2
314353,2021/22,2854,2,12,,2021-08-01,1504,2,8
314353,2022/23,2931,2,9,,2022-08-01,1158,1,0
314353,2023/24,2163,3,4,,2023-08-01,1412,2,3
314353,2024/25,2377,3,7,,2024-08-01,1316,1,4
314366,2020/21,114,0,0,,2020-08-01,114,0,0
314367,2025/26,1065,1,3,,2025-08-01,273,0,1
314875,2020/21,2577,8,5,,2020-08-01,1230,4,2
314875,2021/22,2993,12,12,,2021-08-01,1593,3,9
314875,2022/23,3237,6,6,,2022-08-01,1523,2,1
314875,2023/24,3022,16,6,,2023-08-01,1618,11,2
314875,2024/25,2980,13,10,,2024-08-01,1659,5,5
314875,2025/26,3409,9,11,,2025-08-01,1710,6,1
315131,2020/21,81,0,0,,2020-08-01,81,0,0
315779,2019/20,1727,9,6,,2019-08-01,1010,5,2
315779,2020/21,1737,4,2,,2020-08-01,605,1,0
315779,2021/22,1286,6,2,,2021-08-01,595,2,0
315779,2022/23,813,1,1,,2022-08-01,497,1,1
315858,2025/26,3060,0,0,,2025-08-01,1350,0,0
315867,2022/23,928,3,0,,2022-08-01,846,2,0
315969,2019/20,1771,4,1,,2019-08-01,1454,3,1
315969,2020/21,2128,4,1,,2020-08-01,856,2,1
315969,2021/22,2391,1,1,,2021-08-01,1196,1,0
315969,2022/23,1151,1,0,,2022-08-01,637,0,0
315969,2023/24,1892,7,1,,2023-08-01,1112,5,0
315969,2024/25,17,0,0,,2024-08-01,17,0,0
316125,2019/20,2375,3,3,,2019-08-01,1430,1,3
316125,2020/21,2291,3,5,,2020-08-01,1082,2,4
316125,2021/22,541,3,1,,2021-08-01,540,3,1
316125,2022/23,1408,2,3,,2022-08-01,417,1,2
316125,2023/24,757,0,1,,2023-08-01,338,0,1
316264,2021/22,2793,7,4,,2021-08-01,1159,4,3
316264,2022/23,3150,15,8,,2022-08-01,1261,7,5
316264,2023/24,3104,8,10,,2023-08-01,1511,4,3
316264,2024/25,2332,3,8,,2024-08-01,911,1,2
316264,2025/26,1371,1,7,,2025-08-01,718,1,2
318077,2019/20,1508,1,1,,2019-08-01,989,1,0
318508,2025/26,800,0,1,,2025-08-01,142,0,0
318523,2021/22,1625,0,1,,2021-08-01,614,0,0
318523,2022/23,1837,2,2,,2022-08-01,919,2,2
319301,2019/20,2291,3,6,,2019-08-01,1579,3,6
319301,2020/21,912,3,1,,2020-08-01,323,1,0
319301,2021/22,2499,4,5,,2021-08-01,1185,1,2
319301,2022/23,807,2,1,,2022-08-01,540,1,0
319301,2025/26,553,0,0,,2025-08-01,352,0,0
319745,2019/20,1700,0,2,,2019-08-01,664,0,2
319745,2020/21,1614,0,3,,2020-08-01,858,0,1
319859,2021/22,1600,0,1,,2021-08-01,656,0,1
319859,2022/23,2831,5,6,,2022-08-01,1264,1,3
319859,2023/24,2221,3,3,,2023-08-01,1000,3,2
319859,2024/25,852,0,2,,2024-08-01,481,0,1
319859,2025/26,2252,3,1,,2025-08-01,623,2,0
319900,2023/24,1416,10,0,,2023-08-01,820,5,0
320141,2019/20,3037,1,1,,2019-08-01,1710,1,1
320141,2020/21,1816,1,0,,2020-08-01,360,0,0
320141,2021/22,2498,1,0,,2021-08-01,1418,1,0
320141,2022/23,529,1,0,,2022-08-01,72,0,0
320411,2019/20,2533,1,1,,2019-08-01,1505,0,1
320411,2022/23,2787,7,1,,2022-08-01,1247,4,1
320411,2023/24,1393,2,2,,2023-08-01,1167,2,2
320411,2024/25,176,0,0,,2024-08-01,168,0,0
321247,2019/20,2463,1,7,,2019-08-01,1504,0,6
321247,2021/22,1901,4,6,,2021-08-01,970,1,2
321247,2022/23,2422,5,2,,2022-08-01,812,1,0
321247,2024/25,89,0,0,,2024-08-01,48,0,0
321247,2025/26,1760,6,2,,2025-08-01,676,4,2
322702,2023/24,110,0,0,,2023-08-01,73,0,0
322985,2023/24,2924,4,6,,2023-08-01,1444,2,2
324223,2024/25,1073,0,1,,2024-08-01,265,0,0
324358,2020/21,3329,14,5,,2020-08-01,1260,6,2
324358,2021/22,2955,11,2,,2021-08-01,1361,5,1
324358,2022/23,3136,15,6,,2022-08-01,1263,3,3
324358,2023/24,3226,19,13,,2023-08-01,1763,9,8
324358,2024/25,2610,16,8,,2024-08-01,1280,8,4
324358,2025/26,2854,16,3,,2025-08-01,1398,6,1
324882,2019/20,1835,0,0,,2019-08-01,1062,0,0
324882,2020/21,751,0,0,,2020-08-01,104,0,0
324882,2021/22,904,0,0,,2021-08-01,757,0,0
324882,2023/24,1133,0,0,,2023-08-01,1133,0,0
325443,2025/26,2231,14,1,,2025-08-01,1167,5,0
326029,2025/26,645,4,1,,2025-08-01,621,4,1
326031,2024/25,2128,2,0,,2024-08-01,1224,1,0
326031,2025/26,1170,1,0,,2025-08-01,1170,1,0
328658,2021/22,1987,1,2,,2021-08-01,566,0,0
328658,2022/23,766,0,0,,2022-08-01,504,0,0
328658,2023/24,1833,2,1,,2023-08-01,727,0,1
328658,2024/25,1443,0,0,,2024-08-01,721,0,0
328658,2025/26,1809,0,1,,2025-08-01,702,0,1
328784,2020/21,1131,0,0,,2020-08-01,909,0,0
328784,2021/22,1574,0,0,,2021-08-01,180,0,0
328784,2022/23,3177,0,0,,2022-08-01,1395,0,0
329145,2022/23,205,0,0,,2022-08-01,180,0,0
329145,2023/24,1811,0,0,,2023-08-01,904,0,0
329145,2024/25,828,0,0,,2024-08-01,828,0,0
330659,2023/24,1935,7,1,,2023-08-01,815,2,0
330659,2024/25,2356,12,6,,2024-08-01,1135,6,2
330659,2025/26,953,2,0,,2025-08-01,848,2,0
331560,2021/22,1684,0,1,,2021-08-01,1296,0,1
331560,2022/23,653,0,1,,2022-08-01,435,0,0
331560,2023/24,1143,2,1,,2023-08-01,630,1,1
331560,2024/25,6,0,0,,2024-08-01,6,0,0
331726,2019/20,2222,15,4,,2019-08-01,1493,12,3
331726,2020/21,1034,6,2,,2020-08-01,779,6,2
332341,2019/20,2501,6,2,,2019-08-01,1378,5,2
332341,2021/22,440,0,0,,2021-08-01,440,0,0
332705,2022/23,2157,0,0,,2022-08-01,1257,0,0
332705,2024/25,1965,0,3,,2024-08-01,484,0,0
332705,2025/26,1779,2,2,,2025-08-01,1203,2,1
333014,2020/21,1121,1,1,,2020-08-01,1016,1,1
333014,2023/24,3006,1,2,,2023-08-01,1476,1,1
333014,2024/25,2227,0,0,,2024-08-01,958,0,0
333014,2025/26,2911,0,1,,2025-08-01,1552,0,0
333241,2019/20,2698,2,2,,2019-08-01,1523,1,2
333241,2020/21,1988,4,2,,2020-08-01,888,1,2
333241,2021/22,2559,4,1,,2021-08-01,1210,1,1
333241,2022/23,2663,6,2,,2022-08-01,1239,2,2
333241,2023/24,1282,2,1,,2023-08-01,1056,2,1
333241,2024/25,2404,4,3,,2024-08-01,1505,4,1
333241,2025/26,1956,2,1,,2025-08-01,1051,1,0
334526,2022/23,413,0,0,,2022-08-01,82,0,0
335721,2020/21,3196,0,0,,2020-08-01,1312,0,0
335721,2021/22,2880,0,0,,2021-08-01,1530,0,0
335721,2022/23,3067,2,5,,2022-08-01,1307,0,2
335721,2023/24,2995,4,4,,2023-08-01,1478,1,1
335721,2024/25,1198,0,2,,2024-08-01,694,0,1
335721,2025/26,704,0,1,,2025-08-01,289,0,1
336077,2025/26,540,0,0,,2025-08-01,540,0,0
336367,2024/25,270,0,0,,2024-08-01,270,0,0
336869,2022/23,2330,1,2,,2022-08-01,1176,1,1
337321,2019/20,31,0,0,,2019-08-01,31,0,0
337333,2021/22,1,0,0,,2021-08-01,1,0,0
337787,2022/23,1,0,0,,2022-08-01,1,0,0
338070,2021/22,874,0,2,,2021-08-01,488,0,1
338070,2022/23,767,0,4,,2022-08-01,393,0,3
338070,2023/24,677,0,3,,2023-08-01,664,0,3
338070,2024/25,833,0,1,,2024-08-01,249,0,0
338424,2024/25,1581,7,2,,2024-08-01,496,1,0
338424,2025/26,1027,4,3,,2025-08-01,924,3,3
338629,2025/26,433,0,0,,2025-08-01,2,0,0
338635,2023/24,585,0,0,,2023-08-01,383,0,0
339314,2022/23,619,5,0,,2022-08-01,94,0,0
339340,2022/23,1393,0,0,,2022-08-01,746,0,0
339340,2024/25,99,0,0,,2024-08-01,90,0,0
339340,2025/26,15,0,0,,2025-08-01,2,0,0
339556,2021/22,2784,3,0,,2021-08-01,1378,2,0
339556,2022/23,3246,0,2,,2022-08-01,1527,0,1
339556,2023/24,402,0,1,,2023-08-01,402,0,1
339556,2025/26,1329,0,0,,2025-08-01,521,0,0
340321,2022/23,1383,4,2,,2022-08-01,761,3,1
340321,2023/24,23,0,0,,2023-08-01,10,0,0
340322,2020/21,742,1,1,,2020-08-01,97,0,0
340322,2021/22,811,0,1,,2021-08-01,450,0,0
340324,2020/21,414,2,1,,2020-08-01,310,1,1
340324,2021/22,826,5,1,,2021-08-01,38,0,0
340324,2022/23,1071,4,2,,2022-08-01,321,2,0
340324,2023/24,1072,5,2,,2023-08-01,965,5,1
340324,2024/25,1025,3,2,,2024-08-01,579,0,1
340324,2025/26,416,2,0,,2025-08-01,416,2,0
340325,2019/20,627,1,0,,2019-08-01,411,0,0
340325,2020/21,70,0,0,,2020-08-01,70,0,0
340325,2021/22,19,0,0,,2021-08-01,19,0,0
340325,2022/23,202,3,2,,2022-08-01,64,2,1
340325,2023/24,257,0,0,,2023-08-01,102,0,0
340325,2024/25,488,1,1,,2024-08-01,488,1,1
340325,2025/26,118,0,1,,2025-08-01,32,0,0
340328,2024/25,1617,4,1,,2024-08-01,1029,2,1
340329,2019/20,842,1,1,,2019-08-01,547,0,0
340329,2020/21,1214,8,0,,2020-08-01,221,0,0
340329,2021/22,2045,2,0,,2021-08-01,1053,0,0
340329,2022/23,2578,3,6,,2022-08-01,1269,2,2
340329,2023/24,419,1,0,,2023-08-01,136,0,0
340329,2024/25,1073,0,2,,2024-08-01,537,0,1
340329,2025/26,980,0,2,,2025-08-01,233,0,0
340456,2024/25,2849,0,2,,2024-08-01,1433,0,2
340456,2025/26,984,0,0,,2025-08-01,443,0,0
340918,2020/21,180,0,0,,2020-08-01,90,0,0
340918,2021/22,180,0,0,,2021-08-01,90,0,0
340918,2023/24,900,0,0,,2023-08-01,180,0,0
340918,2024/25,900,0,0,,2024-08-01,720,0,0
340918,2025/26,3330,0,0,,2025-08-01,1620,0,0
340950,2019/20,2298,7,1,,2019-08-01,1371,3,0
340950,2020/21,1113,9,0,,2020-08-01,501,5,0
340950,2021/22,2374,15,6,,2021-08-01,1313,10,1
340950,2022/23,1133,7,4,,2022-08-01,196,0,1
340950,2023/24,1151,10,3,,2023-08-01,645,5,0
340950,2024/25,1194,6,4,,2024-08-01,574,4,3
341051,2019/20,946,0,0,,2019-08-01,242,0,0
341051,2020/21,2649,0,3,,2020-08-01,1440,0,2
341051,2021/22,2632,1,2,,2021-08-01,1167,0,2
341051,2022/23,2653,1,0,,2022-08-01,1135,1,0
341051,2024/25,2922,0,2,,2024-08-01,1513,0,2
341051,2025/26,1380,1,0,,2025-08-01,773,1,0
341092,2024/25,104,0,0,,2024-08-01,18,0,0
341092,2025/26,318,2,1,,2025-08-01,212,2,1
341317,2020/21,1273,1,1,,2020-08-01,614,0,1
341429,2019/20,2431,0,0,,2019-08-01,1350,0,0
341429,2020/21,1486,0,0,,2020-08-01,450,0,0
341429,2021/22,1626,2,0,,2021-08-01,839,1,0
341429,2022/23,852,0,0,,2022-08-01,554,0,0
341429,2023/24,76,0,0,,2023-08-01,76,0,0
341501,2019/20,889,1,1,,2019-08-01,446,0,1
341501,2020/21,314,0,0,,2020-08-01,70,0,0
341501,2021/22,287,0,0,,2021-08-01,135,0,0
341501,2024/25,130,0,0,,2024-08-01,130,0,0
341647,2020/21,275,0,2,,2020-08-01,204,0,2
342046,2019/20,187,0,0,,2019-08-01,187,0,0
342046,2020/21,403,0,0,,2020-08-01,47,0,0
342046,2021/22,505,0,0,,2021-08-01,505,0,0
342046,2024/25,1717,0,1,,2024-08-01,774,0,0
342046,2025/26,1202,1,0,,2025-08-01,707,0,0
342048,2020/21,1237,1,0,,2020-08-01,1029,1,0
342385,2024/25,1155,0,1,,2024-08-01,895,0,0
342385,2025/26,177,0,0,,2025-08-01,166,0,0
343052,2020/21,1612,10,1,,2020-08-01,453,2,0
343052,2021/22,681,1,2,,2021-08-01,501,0,1
343475,2019/20,2646,0,0,,2019-08-01,1490,0,0
343475,2020/21,2683,0,2,,2020-08-01,779,0,0
343475,2021/22,2031,0,0,,2021-08-01,1221,0,0
343475,2022/23,803,0,1,,2022-08-01,122,0,0
343475,2023/24,1123,0,0,,2023-08-01,91,0,0
344009,2024/25,697,2,0,,2024-08-01,134,0,0
344069,2025/26,2378,5,3,,2025-08-01,1273,3,2
344152,2021/22,1566,6,3,,2021-08-01,942,4,3
344152,2022/23,1806,5,2,,2022-08-01,787,3,2
344152,2023/24,1555,7,0,,2023-08-01,1251,6,0
344152,2024/25,142,0,0,,2024-08-01,142,0,0
344152,2025/26,2,0,0,,2025-08-01,2,0,0
344381,2023/24,439,3,0,,2023-08-01,131,1,0
344381,2024/25,910,3,2,,2024-08-01,390,2,1
344596,2021/22,546,0,0,,2021-08-01,90,0,0
344605,2021/22,1100,0,1,,2021-08-01,948,0,1
344605,2022/23,1634,0,0,,2022-08-01,837,0,0
344605,2024/25,2170,0,0,,2024-08-01,742,0,0
344830,2019/20,34,0,0,,2019-08-01,24,0,0
344830,2023/24,1987,4,0,,2023-08-01,730,1,0
345468,2020/21,165,0,0,,2020-08-01,18,0,0
345911,2025/26,2361,2,1,,2025-08-01,1235,2,1
346018,2019/20,2305,1,0,,2019-08-01,1155,0,0
346018,2020/21,1834,0,1,,2020-08-01,1018,0,0
346018,2021/22,263,0,0,,2021-08-01,263,0,0
346018,2022/23,9,0,0,,2022-08-01,7,0,0
346314,2021/22,1448,3,1,,2021-08-01,838,2,0
346314,2022/23,1603,0,0,,2022-08-01,722,0,0
346314,2024/25,1974,3,1,,2024-08-01,1063,3,0
346314,2025/26,2782,3,0,,2025-08-01,1562,3,0
346478,2021/22,739,0,0,,2021-08-01,593,0,0
346478,2022/23,147,0,0,,2022-08-01,67,0,0
346482,2020/21,102,0,0,,2020-08-01,17,0,0
346483,2019/20,2875,7,6,,2019-08-01,1643,5,3
346483,2020/21,2894,6,6,,2020-08-01,1261,1,4
346483,2021/22,2364,11,10,,2021-08-01,1156,7,5
346483,2022/23,1655,3,2,,2022-08-01,1126,3,2
346483,2023/24,514,1,0,,2023-08-01,401,0,0
346483,2024/25,621,1,0,,2024-08-01,247,0,0
346483,2025/26,1017,3,0,,2025-08-01,788,3,0
346707,2019/20,1373,1,1,,2019-08-01,831,0,1
346707,2020/21,1408,0,1,,2020-08-01,645,0,0
346707,2021/22,1460,1,1,,2021-08-01,845,1,1
346707,2022/23,2516,1,4,,2022-08-01,1232,1,2
346707,2023/24,2747,6,2,,2023-08-01,1085,2,1
346707,2024/25,787,0,0,,2024-08-01,711,0,0
346707,2025/26,1006,2,2,,2025-08-01,880,1,2
346779,2019/20,1106,4,3,,2019-08-01,634,0,1
346779,2020/21,2674,9,5,,2020-08-01,1355,4,4
346779,2021/22,2042,7,3,,2021-08-01,870,3,1
346779,2022/23,1997,5,3,,2022-08-01,1247,4,1
346890,2025/26,1569,8,1,,2025-08-01,936,2,0
348026,2025/26,2787,3,4,,2025-08-01,1440,1,2
348623,2019/20,2054,0,3,,2019-08-01,1008,0,2
348623,2020/21,2289,1,0,,2020-08-01,532,1,0
348623,2021/22,2134,2,1,,2021-08-01,517,0,0
348623,2022/23,509,0,0,,2022-08-01,320,0,0
348623,2024/25,5,0,0,,2024-08-01,5,0,0
348795,2019/20,1487,0,2,,2019-08-01,268,0,0
348795,2020/21,950,1,1,,2020-08-01,437,1,1
348795,2021/22,233,0,0,,2021-08-01,210,0,0
348795,2023/24,494,2,2,,2023-08-01,411,2,2
349066,2022/23,1526,10,2,,2022-08-01,244,2,0
349066,2023/24,2266,21,2,,2023-08-01,963,8,0
349066,2024/25,2774,23,6,,2024-08-01,1383,12,4
349066,2025/26,702,3,1,,2025-08-01,507,2,1
349503,2024/25,854,1,1,,2024-08-01,611,1,1
349599,2022/23,2684,1,6,,2022-08-01,815,0,1
349599,2023/24,1245,2,3,,2023-08-01,540,2,3
349599,2024/25,2403,1,1,,2024-08-01,1153,0,1
349701,2020/21,2162,0,0,,2020-08-01,1080,0,0
349701,2022/23,3089,0,1,,2022-08-01,1289,0,0
349701,2023/24,3270,0,6,,2023-08-01,1662,0,3
349701,2024/25,3167,0,10,,2024-08-01,1710,0,7
349701,2025/26,1492,1,0,,2025-08-01,331,0,0
351749,2020/21,2429,1,2,,2020-08-01,1125,0,2
351749,2021/22,1595,0,1,,2021-08-01,1000,0,1
351749,2022/23,291,0,0,,2022-08-01,1,0,0
351749,2023/24,396,0,0,,2023-08-01,89,0,0
351749,2024/25,1240,0,0,,2024-08-01,673,0,0
351755,2020/21,2930,1,3,,2020-08-01,1328,1,2
352041,2025/26,1440,0,0,,2025-08-01,1170,0,0
353032,2025/26,2802,1,1,,2025-08-01,1207,1,1
354352,2019/20,2041,0,2,,2019-08-01,1270,0,2
354361,2020/21,2585,0,3,,2020-08-01,1194,0,2
354362,2022/23,1506,5,2,,2022-08-01,1186,4,2
354362,2023/24,1007,1,1,,2023-08-01,147,0,0
354362,2024/25,1653,2,0,,2024-08-01,692,2,0
354362,2025/26,1892,1,1,,2025-08-01,1149,1,1
355861,2019/20,628,0,0,,2019-08-01,407,0,0
355861,2023/24,589,1,0,,2023-08-01,436,1,0
355915,2021/22,1846,1,0,,2021-08-01,534,0,0
355915,2022/23,2365,0,1,,2022-08-01,658,0,0
355915,2023/24,2792,5,0,,2023-08-01,1172,3,0
355915,2024/25,1420,1,1,,2024-08-01,976,1,0
355915,2025/26,1873,4,1,,2025-08-01,1189,2,1
356141,2024/25,1553,0,0,,2024-08-01,724,0,0
356141,2025/26,1909,0,1,,2025-08-01,1174,0,1
357119,2021/22,990,0,0,,2021-08-01,540,0,0
357119,2022/23,1551,0,0,,2022-08-01,111,0,0
357119,2023/24,1573,0,0,,2023-08-01,792,0,0
357119,2024/25,2565,1,2,,2024-08-01,975,1,1
357119,2025/26,3100,1,0,,2025-08-01,1521,0,0
357147,2019/20,66,0,0,,2019-08-01,60,0,0
357147,2021/22,1797,0,0,,2021-08-01,458,0,0
357147,2022/23,2155,1,2,,2022-08-01,1166,0,1
357147,2023/24,3174,2,3,,2023-08-01,1554,1,1
357147,2024/25,2813,0,3,,2024-08-01,1677,0,1
357147,2025/26,2616,1,3,,2025-08-01,1229,1,2
357158,2019/20,645,0,0,,2019-08-01,298,0,0
357158,2020/21,172,0,0,,2020-08-01,172,0,0
357158,2022/23,24,0,0,,2022-08-01,24,0,0
357162,2025/26,2114,0,2,,2025-08-01,1139,0,1
357565,2019/20,2486,3,2,,2019-08-01,1345,2,1
357565,2020/21,2748,2,2,,2020-08-01,1182,0,0
357565,2021/22,2888,7,2,,2021-08-01,1384,2,1
357565,2022/23,2921,2,6,,2022-08-01,1305,1,3
357565,2023/24,2938,8,9,,2023-08-01,1363,4,2
357565,2024/25,73,0,0,,2024-08-01,66,0,0
357565,2025/26,1514,1,0,,2025-08-01,294,0,0
357656,2020/21,1,0,0,,2020-08-01,1,0,0
357658,2022/23,1035,0,0,,2022-08-01,855,0,0
357658,2024/25,450,0,0,,2024-08-01,270,0,0
357662,2019/20,3420,1,3,,2019-08-01,1710,0,0
357662,2020/21,2880,2,1,,2020-08-01,1440,0,1
357662,2021/22,3178,1,4,,2021-08-01,1620,1,3
357662,2022/23,3272,4,2,,2022-08-01,1530,1,2
357662,2023/24,3231,7,9,,2023-08-01,1745,3,1
357662,2024/25,2833,4,7,,2024-08-01,1286,1,3
357662,2025/26,3099,4,7,,2025-08-01,1519,2,5
357885,2019/20,2179,2,5,,2019-08-01,1017,1,3
357885,2020/21,2584,5,4,,2020-08-01,1197,2,2
357885,2021/22,2802,6,4,,2021-08-01,1358,4,3
357885,2022/23,1503,3,1,,2022-08-01,794,1,0
357885,2023/24,419,0,0,,2023-08-01,239,0,0
361093,2022/23,3129,0,0,,2022-08-01,1239,0,0
361093,2023/24,1378,2,2,,2023-08-01,585,1,1
361093,2025/26,1839,1,1,,2025-08-01,659,0,0
361260,2021/22,924,0,0,,2021-08-01,744,0,0
361914,2022/23,1595,2,0,,2022-08-01,75,0,0
361914,2023/24,1859,1,0,,2023-08-01,1417,1,0
361914,2025/26,180,0,0,,2025-08-01,180,0,0
362108,2025/26,2639,0,0,,2025-08-01,1475,0,0
363205,2019/20,2027,14,8,,2019-08-01,910,6,3
363205,2020/21,2059,9,4,,2020-08-01,630,2,1
363205,2021/22,1878,8,9,,2021-08-01,1231,2,8
363205,2022/23,2075,11,7,,2022-08-01,1226,5,6
363205,2023/24,1483,4,5,,2023-08-01,941,3,1
363205,2024/25,603,3,0,,2024-08-01,423,2,0
363205,2025/26,421,3,0,,2025-08-01,66,1,0
364135,2019/20,835,2,2,,2019-08-01,432,0,1
364135,2020/21,13,0,0,,2020-08-01,13,0,0
364135,2021/22,1,0,0,,2021-08-01,1,0,0
364258,2019/20,678,0,0,,2019-08-01,145,0,0
364258,2020/21,205,0,0,,2020-08-01,115,0,0
364409,2023/24,1848,2,0,,2023-08-01,777,1,0
365108,2025/26,1176,1,1,,2025-08-01,1006,1,1
365172,2021/22,1161,5,3,,2021-08-01,286,2,3
365172,2022/23,1179,4,4,,2022-08-01,700,3,3
365172,2024/25,721,1,0,,2024-08-01,202,1,0
366930,2022/23,341,0,1,,2022-08-01,106,0,1
366930,2023/24,48,0,1,,2023-08-01,15,0,1
369316,2024/25,387,1,0,,2024-08-01,387,1,0
369316,2025/26,3134,1,0,,2025-08-01,1425,0,0
369567,2022/23,45,0,0,,2022-08-01,45,0,0
369567,2023/24,159,2,0,,2023-08-01,159,2,0
369567,2025/26,14,0,0,,2025-08-01,14,0,0
369684,2022/23,1961,3,1,,2022-08-01,1136,0,1
369962,2025/26,246,0,0,,2025-08-01,200,0,0
371021,2024/25,1620,0,0,,2024-08-01,1530,0,0
371436,2021/22,428,0,0,,2021-08-01,338,0,0
371814,2020/21,1455,1,1,,2020-08-01,270,0,0
371814,2022/23,66,0,0,,2022-08-01,66,0,0
371851,2025/26,1893,1,2,,2025-08-01,715,1,1
372240,2021/22,833,0,0,,2021-08-01,199,0,0
372240,2022/23,19,0,0,,2022-08-01,18,0,0
372246,2024/25,1404,1,1,,2024-08-01,725,0,1
374139,2021/22,1716,0,2,,2021-08-01,817,0,0
374139,2022/23,1367,1,1,,2022-08-01,114,0,0
375885,2023/24,1038,0,0,,2023-08-01,827,0,0
375885,2024/25,590,0,1,,2024-08-01,214,0,0
375885,2025/26,2080,2,2,,2025-08-01,870,2,2
376856,2021/22,448,0,0,,2021-08-01,448,0,0
377393,2021/22,2272,1,1,,2021-08-01,983,0,1
377468,2023/24,2650,2,0,,2023-08-01,1215,1,0
378710,2019/20,3080,13,3,,2019-08-01,1728,6,3
378710,2020/21,2872,7,3,,2020-08-01,911,2,3
378710,2021/22,2528,10,5,,2021-08-01,888,3,2
378710,2022/23,1006,1,4,,2022-08-01,438,0,3
378710,2023/24,1492,11,4,,2023-08-01,920,6,3
378710,2024/25,500,4,1,,2024-08-01,88,0,1
378710,2025/26,1960,11,4,,2025-08-01,1075,7,3
379807,2021/22,906,0,0,,2021-08-01,347,0,0
379807,2022/23,1175,1,1,,2022-08-01,411,0,0
380350,2023/24,1636,0,0,,2023-08-01,704,0,0
380350,2024/25,960,0,0,,2024-08-01,835,0,0
380350,2025/26,103,0,0,,2025-08-01,103,0,0
381362,2019/20,1790,5,1,,2019-08-01,1719,4,1
381753,2025/26,1324,0,3,,2025-08-01,392,0,0
381963,2023/24,413,0,0,,2023-08-01,393,0,0
381963,2025/26,37,0,0,,2025-08-01,19,0,0
381967,2021/22,1132,0,0,,2021-08-01,819,0,0
381967,2022/23,732,0,0,,2022-08-01,196,0,0
381967,2023/24,1310,1,3,,2023-08-01,410,0,1
383109,2021/22,506,0,0,,2021-08-01,303,0,0
384461,2021/22,1703,0,3,,2021-08-01,1050,0,3
384461,2023/24,613,0,0,,2023-08-01,47,0,0
384461,2024/25,9,0,0,,2024-08-01,8,0,0
385848,2024/25,1,0,0,,2024-08-01,1,0,0
386047,2023/24,2581,2,0,,2023-08-01,1597,1,0
386047,2024/25,852,1,0,,2024-08-01,351,1,0
387331,2020/21,61,0,0,,2020-08-01,61,0,0
387626,2021/22,755,1,2,,2021-08-01,424,1,2
387626,2022/23,1984,4,4,,2022-08-01,919,3,2
387626,2023/24,2076,10,9,,2023-08-01,864,6,5
387626,2024/25,1144,1,2,,2024-08-01,835,0,2
388165,2021/22,1273,7,1,,2021-08-01,285,2,0
388165,2022/23,1600,7,3,,2022-08-01,679,3,1
388165,2023/24,2508,12,3,,2023-08-01,1552,4,1
388165,2024/25,2929,19,5,,2024-08-01,1144,9,1
388165,2025/26,521,1,1,,2025-08-01,150,1,0
389253,2023/24,2572,0,0,,2023-08-01,1183,0,0
390664,2021/22,601,0,0,,2021-08-01,258,0,0
391005,2021/22,1233,1,1,,2021-08-01,420,0,0
391005,2022/23,1102,0,0,,2022-08-01,611,0,0
391005,2023/24,1988,1,2,,2023-08-01,733,0,1
391005,2024/25,1097,0,2,,2024-08-01,650,0,1
391065,2023/24,44,0,0,,2023-08-01,44,0,0
391065,2025/26,16,0,1,,2025-08-01,16,0,1
391719,2019/20,18,0,0,,2019-08-01,14,0,0
392085,2023/24,830,2,0,,2023-08-01,501,1,0
392179,2023/24,438,0,0,,2023-08-01,105,0,0
392179,2025/26,1540,0,0,,2025-08-01,1074,0,0
392591,2023/24,1992,4,1,,2023-08-01,1010,1,1
392591,2024/25,239,0,0,,2024-08-01,239,0,0
392757,2021/22,3223,2,1,,2021-08-01,1620,2,0
392757,2022/23,3330,1,0,,2022-08-01,1350,0,0
392757,2023/24,2023,0,1,,2023-08-01,1710,0,1
392757,2024/25,3060,3,2,,2024-08-01,1620,2,1
392757,2025/26,3150,3,4,,2025-08-01,1530,2,3
392763,2020/21,344,0,0,,2020-08-01,201,0,0
392765,2019/20,97,0,0,,2019-08-01,97,0,0
392765,2020/21,1449,2,4,,2020-08-01,154,0,1
392765,2021/22,1920,10,2,,2021-08-01,1187,8,2
392765,2022/23,162,0,2,,2022-08-01,47,0,0
392765,2023/24,346,0,2,,2023-08-01,117,0,1
392765,2024/25,2060,6,3,,2024-08-01,1102,3,2
392765,2025/26,1928,3,0,,2025-08-01,662,3,0
392768,2019/20,851,1,5,,2019-08-01,386,0,3
392768,2020/21,1058,2,3,,2020-08-01,304,1,1
392768,2021/22,966,1,3,,2021-08-01,757,1,2
392768,2023/24,1857,8,1,,2023-08-01,484,1,0
392768,2024/25,2205,5,3,,2024-08-01,1327,2,2
392768,2025/26,1848,3,4,,2025-08-01,1032,3,1
392770,2019/20,19,0,0,,2019-08-01,9,0,0
392771,2020/21,2091,0,0,,2020-08-01,793,0,0
392771,2025/26,3123,1,1,,2025-08-01,1413,1,0
392775,2019/20,342,0,0,,2019-08-01,162,0,0
392775,2021/22,1053,0,2,,2021-08-01,165,0,0
392775,2022/23,811,2,0,,2022-08-01,663,2,0
392775,2024/25,580,4,2,,2024-08-01,5,0,0
392775,2025/26,1822,3,3,,2025-08-01,1109,2,2
393323,2022/23,2383,1,3,,2022-08-01,1369,1,2
393323,2025/26,2470,4,5,,2025-08-01,1005,1,3
393325,2021/22,1579,2,1,,2021-08-01,899,0,0
394327,2022/23,1781,0,1,,2022-08-01,757,0,0
394327,2023/24,1661,0,1,,2023-08-01,1353,0,1
394327,2024/25,1728,1,0,,2024-08-01,588,0,0
394327,2025/26,1418,1,3,,2025-08-01,1246,1,3
395516,2023/24,2186,6,8,,2023-08-01,1298,4,4
396174,2020/21,270,1,0,,2020-08-01,180,1,0
396638,2022/23,563,4,0,,2022-08-01,24,0,0
396638,2023/24,198,0,2,,2023-08-01,198,0,2
397033,2023/24,440,1,0,,2023-08-01,440,1,0
397033,2024/25,2629,4,2,,2024-08-01,1010,0,1
397033,2025/26,2545,0,2,,2025-08-01,1325,0,1
397102,2020/21,261,0,0,,2020-08-01,252,0,0
398065,2019/20,2090,6,8,,2019-08-01,1082,1,5
398065,2020/21,1950,9,4,,2020-08-01,1103,5,1
398065,2021/22,2105,6,10,,2021-08-01,1032,2,2
398065,2022/23,2718,13,1,,2022-08-01,1251,6,0
398065,2023/24,794,5,3,,2023-08-01,185,1,1
398065,2024/25,1754,9,5,,2024-08-01,764,5,1
398065,2025/26,1961,7,1,,2025-08-01,832,3,0
398184,2020/21,1307,7,2,,2020-08-01,572,2,1
398184,2021/22,305,2,1,,2021-08-01,305,2,1
398402,2022/23,307,1,0,,2022-08-01,160,0,0
399434,2022/23,1749,5,4,,2022-08-01,1289,2,4
399434,2023/24,2133,3,4,,2023-08-01,1179,2,4
399434,2024/25,1940,3,6,,2024-08-01,1145,1,4
399434,2025/26,2743,7,4,,2025-08-01,1521,4,2
399776,2023/24,2463,2,0,,2023-08-01,1518,2,0
399776,2024/25,2020,0,0,,2024-08-01,1550,0,0
399776,2025/26,1676,0,0,,2025-08-01,954,0,0
400536,2024/25,2385,0,0,,2024-08-01,1395,0,0
400536,2025/26,1620,0,1,,2025-08-01,360,0,0
401173,2021/22,1901,3,3,,2021-08-01,851,1,0
401173,2022/23,1700,6,3,,2022-08-01,723,2,1
401173,2023/24,76,0,0,,2023-08-01,76,0,0
401173,2024/25,1765,3,5,,2024-08-01,787,2,4
401173,2025/26,873,0,2,,2025-08-01,219,0,0
401320,2020/21,2103,0,0,,2020-08-01,910,0,0
401320,2023/24,2895,3,4,,2023-08-01,1388,0,3
401320,2024/25,3123,0,2,,2024-08-01,1413,0,0
401356,2023/24,2383,1,1,,2023-08-01,1254,0,1
401356,2024/25,1782,0,1,,2024-08-01,887,0,0
401922,2025/26,1074,3,4,,2025-08-01,395,2,4
402733,2023/24,802,0,2,,2023-08-01,311,0,1
403151,2020/21,2430,0,0,,2020-08-01,450,0,0
403151,2021/22,3330,0,0,,2021-08-01,1530,0,0
403151,2022/23,2070,0,0,,2022-08-01,1440,0,0
403151,2023/24,1434,0,0,,2023-08-01,1434,0,0
403151,2024/25,2880,0,0,,2024-08-01,1530,0,0
403151,2025/26,3041,0,1,,2025-08-01,1625,0,1
403898,2023/24,1238,0,1,,2023-08-01,1238,0,1
404584,2021/22,203,0,1,,2021-08-01,192,0,1
404842,2022/23,2655,0,0,,2022-08-01,1465,0,0
404842,2023/24,2471,2,0,,2023-08-01,1348,2,0
404842,2024/25,3084,1,2,,2024-08-01,1376,0,0
404842,2025/26,2961,0,1,,2025-08-01,1436,0,0
405385,2024/25,1557,1,1,,2024-08-01,935,1,1
406008,2019/20,784,0,0,,2019-08-01,559,0,0
406008,2021/22,369,0,0,,2021-08-01,90,0,0
406008,2022/23,45,0,0,,2022-08-01,45,0,0
406040,2020/21,2756,4,4,,2020-08-01,1011,2,2
406040,2021/22,1457,6,0,,2021-08-01,715,3,0
406560,2020/21,1122,0,0,,2020-08-01,569,0,0
406560,2023/24,340,0,0,,2023-08-01,191,0,0
406634,2024/25,938,2,3,,2024-08-01,307,1,0
406634,2025/26,203,1,0,,2025-08-01,178,1,0
406635,2019/20,893,5,2,,2019-08-01,150,0,1
406635,2020/21,1614,9,5,,2020-08-01,505,2,1
406635,2021/22,2134,9,5,,2021-08-01,921,5,3
406635,2022/23,1842,11,5,,2022-08-01,930,7,3
406635,2023/24,2871,19,8,,2023-08-01,1519,5,6
406635,2024/25,1781,7,2,,2024-08-01,966,1,1
406635,2025/26,2085,7,5,,2025-08-01,1319,7,2
406638,2019/20,74,0,0,,2019-08-01,12,0,0
406638,2021/22,1349,0,0,,2021-08-01,1155,0,0
406638,2022/23,1496,1,0,,2022-08-01,129,0,0
406638,2023/24,694,0,0,,2023-08-01,437,0,0
406638,2024/25,1122,0,0,,2024-08-01,705,0,0
407021,2023/24,399,1,0,,2023-08-01,399,1,0
410225,2019/20,2029,5,6,,2019-08-01,772,3,1
410225,2021/22,1865,5,2,,2021-08-01,1032,5,0
410225,2024/25,2721,8,7,,2024-08-01,1186,4,3
410225,2025/26,2177,9,1,,2025-08-01,1012,3,1
410425,2019/20,1262,1,0,,2019-08-01,360,0,0
410425,2020/21,3114,1,0,,2020-08-01,1331,1,0
410425,2021/22,2116,1,2,,2021-08-01,1123,0,1
410425,2022/23,1004,0,0,,2022-08-01,692,0,0
410425,2023/24,2083,0,0,,2023-08-01,1216,0,0
410425,2024/25,1406,2,0,,2024-08-01,897,2,0
410436,2020/21,360,0,0,,2020-08-01,90,0,0
410708,2020/21,2076,1,0,,2020-08-01,482,0,0
410708,2021/22,2051,1,0,,2021-08-01,838,0,0
410708,2022/23,2203,2,1,,2022-08-01,1344,2,1
410708,2025/26,2937,0,1,,2025-08-01,1358,0,0
411295,2020/21,2364,6,9,,2020-08-01,746,2,2
411295,2021/22,2923,11,3,,2021-08-01,1352,8,1
411537,2025/26,1776,11,0,,2025-08-01,666,5,0
412660,2019/20,538,0,0,,2019-08-01,74,0,0
412660,2020/21,265,1,1,,2020-08-01,41,0,0
412660,2021/22,11,0,0,,2021-08-01,11,0,0
412669,2021/22,1342,2,1,,2021-08-01,801,0,0
413032,2020/21,1012,0,0,,2020-08-01,114,0,0
413032,2021/22,1018,0,2,,2021-08-01,589,0,1
413032,2022/23,816,0,0,,2022-08-01,494,0,0
413039,2021/22,2916,4,7,,2021-08-01,1323,3,1
413039,2022/23,2928,9,8,,2022-08-01,1272,3,1
413039,2023/24,1961,9,6,,2023-08-01,1288,7,3
413039,2024/25,3417,20,8,,2024-08-01,1617,10,2
413039,2025/26,2625,11,3,,2025-08-01,1406,6,1
413220,2019/20,1010,0,1,,2019-08-01,110,0,1
413220,2020/21,2070,2,2,,2020-08-01,1440,1,2
413220,2022/23,1254,0,1,,2022-08-01,1254,0,1
413220,2024/25,2921,2,2,,2024-08-01,1556,2,1
413220,2025/26,1896,2,1,,2025-08-01,160,0,0
413403,2019/20,2042,1,2,,2019-08-01,645,0,1
413403,2020/21,3195,2,0,,2020-08-01,1035,2,0
413403,2021/22,2481,2,0,,2021-08-01,1489,2,0
413403,2022/23,3323,0,0,,2022-08-01,1351,0,0
413403,2023/24,3074,1,0,,2023-08-01,1760,0,0
413403,2024/25,2937,2,0,,2024-08-01,1452,1,0
413403,2025/26,3036,0,0,,2025-08-01,1596,0,0
413507,2024/25,3330,5,2,,2024-08-01,1620,2,1
413507,2025/26,3375,0,0,,2025-08-01,1710,0,0
414908,2025/26,874,1,1,,2025-08-01,874,1,1
415381,2024/25,1008,1,5,,2024-08-01,467,1,2
415381,2025/26,1908,2,3,,2025-08-01,1182,0,3
415912,2023/24,1501,1,0,,2023-08-01,406,1,0
415912,2024/25,2037,0,0,,2024-08-01,1178,0,0
415912,2025/26,2532,3,0,,2025-08-01,911,0,0
415970,2022/23,2216,1,0,,2022-08-01,803,0,0
415970,2023/24,440,0,0,,2023-08-01,440,0,0
415970,2025/26,497,0,0,,2025-08-01,154,0,0
417346,2020/21,2855,8,8,,2020-08-01,1253,3,4
417346,2021/22,2647,8,1,,2021-08-01,1109,0,1
417346,2022/23,2727,5,7,,2022-08-01,1006,1,3
417346,2023/24,2219,3,3,,2023-08-01,1120,2,3
417346,2024/25,2083,1,1,,2024-08-01,942,0,0
417346,2025/26,263,0,0,,2025-08-01,263,0,0
418560,2022/23,2777,36,8,,2022-08-01,1221,21,3
418560,2023/24,2558,27,4,,2023-08-01,1295,14,3
418560,2024/25,2743,22,3,,2024-08-01,1710,14,1
418560,2025/26,2959,27,8,,2025-08-01,1557,19,4
419025,2022/23,1,0,0,,2022-08-01,1,0,0
419930,2019/20,238,0,0,,2019-08-01,145,0,0
420002,2021/22,1149,5,1,,2021-08-01,169,1,0
420002,2022/23,754,2,0,,2022-08-01,292,1,0
420002,2023/24,2285,16,5,,2023-08-01,800,2,3
420002,2024/25,2656,14,2,,2024-08-01,1426,4,1
420002,2025/26,2223,12,0,,2025-08-01,1473,7,0
420210,2025/26,1685,0,0,,2025-08-01,713,0,0
420243,2023/24,71,0,0,,2023-08-01,50,0,0
420243,2024/25,2423,1,3,,2024-08-01,1311,1,1
420243,2025/26,2457,3,6,,2025-08-01,1462,2,4
420808,2024/25,647,3,1,,2024-08-01,175,1,1
421637,2021/22,1051,0,0,,2021-08-01,869,0,0
421637,2022/23,843,0,2,,2022-08-01,438,0,1
421637,2023/24,1153,1,2,,2023-08-01,733,0,1
421637,2024/25,23,0,0,,2024-08-01,23,0,0
421637,2025/26,88,0,1,,2025-08-01,88,0,1
423440,2025/26,3002,5,1,,2025-08-01,1594,3,1
423744,2019/20,192,0,0,,2019-08-01,9,0,0
423744,2020/21,259,0,0,,2020-08-01,8,0,0
423744,2021/22,1858,0,1,,2021-08-01,1056,0,1
423744,2022/23,507,0,1,,2022-08-01,104,0,0
423744,2023/24,2126,0,1,,2023-08-01,1190,0,1
423744,2024/25,98,0,0,,2024-08-01,98,0,0
424015,2022/23,1277,0,0,,2022-08-01,925,0,0
424015,2023/24,1000,0,2,,2023-08-01,946,0,2
424015,2024/25,345,0,1,,2024-08-01,40,0,0
424015,2025/26,240,0,0,,2025-08-01,74,0,0
425306,2023/24,1530,0,0,,2023-08-01,1350,0,0
425334,2020/21,2378,0,2,,2020-08-01,1135,0,2
425334,2021/22,3380,4,3,,2021-08-01,1605,1,0
425334,2022/23,1821,0,1,,2022-08-01,1032,0,0
425334,2023/24,2143,2,2,,2023-08-01,1267,2,1
425334,2024/25,2077,1,1,,2024-08-01,902,1,0
425334,2025/26,3022,3,3,,2025-08-01,1595,3,1
425902,2022/23,1839,0,2,,2022-08-01,1124,0,1
425902,2023/24,1986,1,1,,2023-08-01,896,0,0
425902,2024/25,1904,2,1,,2024-08-01,1305,1,0
425902,2025/26,603,0,2,,2025-08-01,300,0,1
425918,2023/24,945,1,3,,2023-08-01,293,0,0
425918,2024/25,1117,1,0,,2024-08-01,323,0,0
426192,2024/25,448,0,0,,2024-08-01,448,0,0
427568,2019/20,3330,0,1,,2019-08-01,1800,0,1
427568,2020/21,3420,0,0,,2020-08-01,1440,0,0
427568,2021/22,3060,0,0,,2021-08-01,1440,0,0
427568,2022/23,3420,0,0,,2022-08-01,1440,0,0
427568,2023/24,540,0,0,,2023-08-01,450,0,0
427568,2024/25,2700,0,0,,2024-08-01,1080,0,0
427568,2025/26,1003,0,0,,2025-08-01,553,0,0
429014,2019/20,126,0,0,,2019-08-01,120,0,0
429014,2021/22,7,0,0,,2021-08-01,7,0,0
429014,2022/23,3159,5,8,,2022-08-01,1219,2,2
429014,2023/24,3162,5,10,,2023-08-01,1687,2,3
429014,2024/25,2824,7,10,,2024-08-01,1175,3,3
429014,2025/26,3113,15,4,,2025-08-01,1609,3,1
429915,2025/26,1414,2,3,,2025-08-01,872,2,0
429983,2024/25,2603,14,4,,2024-08-01,1543,7,2
429983,2025/26,2315,4,1,,2025-08-01,1262,1,0
430310,2024/25,162,0,0,,2024-08-01,65,0,0
430310,2025/26,157,0,0,,2025-08-01,157,0,0
431755,2022/23,2079,2,7,,2022-08-01,705,1,5
431755,2023/24,2766,8,3,,2023-08-01,1675,5,2
431755,2024/25,2391,7,4,,2024-08-01,1501,5,4
432164,2025/26,2315,6,4,,2025-08-01,978,1,1
432914,2025/26,438,0,0,,2025-08-01,360,0,0
433177,2019/20,1753,1,5,,2019-08-01,676,0,1
433177,2020/21,2561,5,4,,2020-08-01,1165,2,1
433177,2021/22,2994,11,7,,2021-08-01,1404,5,4
433177,2022/23,3194,14,11,,2022-08-01,1359,6,6
433177,2023/24,2936,16,9,,2023-08-01,1668,6,6
433177,2024/25,1736,6,11,,2024-08-01,1276,5,11
433177,2025/26,2226,7,7,,2025-08-01,1325,4,4
433183,2023/24,1214,0,0,,2023-08-01,405,0,0
433183,2024/25,476,0,1,,2024-08-01,370,0,1
433186,2021/22,45,0,0,,2021-08-01,45,0,0
433188,2019/20,122,1,0,,2019-08-01,14,0,0
433188,2020/21,1178,1,2,,2020-08-01,671,0,0
433188,2021/22,856,1,1,,2021-08-01,322,1,1
433188,2022/23,1039,3,1,,2022-08-01,169,0,0
433188,2023/24,1166,1,1,,2023-08-01,487,0,1
433188,2024/25,1711,3,4,,2024-08-01,811,3,3
433188,2025/26,1930,1,2,,2025-08-01,817,0,0
434207,2019/20,1261,3,2,,2019-08-01,675,2,1
434207,2020/21,791,2,1,,2020-08-01,537,1,1
434207,2021/22,155,0,0,,2021-08-01,155,0,0
434223,2021/22,620,1,1,,2021-08-01,281,0,0
434224,2024/25,3119,1,1,,2024-08-01,1440,1,1
434224,2025/26,3087,1,2,,2025-08-01,1620,0,2
434675,2023/24,1646,8,5,,2023-08-01,787,2,1
434675,2024/25,1938,10,5,,2024-08-01,903,5,2
434675,2025/26,2749,7,5,,2025-08-01,1143,4,3
435338,2020/21,1997,2,0,,2020-08-01,1052,2,0
435338,2021/22,3067,5,0,,2021-08-01,1419,2,0
435338,2022/23,3411,3,0,,2022-08-01,1440,2,0
435338,2023/24,3044,4,0,,2023-08-01,1464,1,0
435338,2024/25,2365,3,3,,2024-08-01,1359,3,2
435338,2025/26,2751,3,4,,2025-08-01,1086,2,2
435648,2024/25,1394,3,2,,2024-08-01,698,3,1
435648,2025/26,609,2,1,,2025-08-01,439,2,0
438001,2023/24,820,0,0,,2023-08-01,200,0,0
438001,2024/25,1682,0,0,,2024-08-01,972,0,0
438001,2025/26,2553,3,2,,2025-08-01,844,2,1
442248,2021/22,2697,1,1,,2021-08-01,1438,1,1
442248,2022/23,2700,3,0,,2022-08-01,810,0,0
442248,2023/24,2521,2,0,,2023-08-01,1710,1,0
442248,2024/25,1913,2,0,,2024-08-01,1440,2,0
442248,2025/26,321,0,0,,2025-08-01,231,0,0
442531,2020/21,2745,0,0,,2020-08-01,1080,0,0
442531,2021/22,3060,0,0,,2021-08-01,1710,0,0
442531,2022/23,855,0,0,,2022-08-01,765,0,0
444208,2019/20,661,3,2,,2019-08-01,259,1,0
444208,2020/21,57,0,0,,2020-08-01,13,0,0
444208,2023/24,18,0,0,,2023-08-01,18,0,0
444211,2020/21,173,0,0,,2020-08-01,112,0,0
444211,2021/22,133,0,0,,2021-08-01,70,0,0
444211,2024/25,682,1,0,,2024-08-01,241,0,0
444523,2022/23,2172,4,3,,2022-08-01,765,0,2
444523,2023/24,2639,4,6,,2023-08-01,1523,2,5
444523,2024/25,2385,4,0,,2024-08-01,1289,3,0
444523,2025/26,1522,4,1,,2025-08-01,1459,4,1
445939,2025/26,699,3,3,,2025-08-01,206,0,1
447661,2019/20,2608,3,2,,2019-08-01,1143,2,0
447661,2020/21,2791,0,2,,2020-08-01,1137,0,1
447661,2021/22,2722,2,3,,2021-08-01,1145,0,3
447661,2022/23,2932,6,6,,2022-08-01,1019,1,3
447661,2023/24,3002,9,5,,2023-08-01,1658,6,3
447661,2025/26,922,1,0,,2025-08-01,311,0,0
447995,2024/25,385,1,0,,2024-08-01,131,0,0
448854,2021/22,2590,10,6,,2021-08-01,1264,8,5
448854,2022/23,716,2,2,,2022-08-01,370,1,1
450050,2023/24,957,2,1,,2023-08-01,520,2,1
450050,2024/25,1684,2,7,,2024-08-01,778,1,2
450050,2025/26,1250,1,1,,2025-08-01,691,1,0
450936,2019/20,1008,2,2,,2019-08-01,777,2,1
450936,2020/21,2106,3,2,,2020-08-01,733,2,1
450936,2021/22,486,1,1,,2021-08-01,486,1,1
451276,2023/24,2111,3,2,,2023-08-01,1531,2,2
451276,2024/25,2497,6,7,,2024-08-01,1132,2,3
451276,2025/26,3233,6,7,,2025-08-01,1523,2,1
451677,2021/22,328,0,0,,2021-08-01,282,0,0
453704,2021/22,1080,0,0,,2021-08-01,810,0,0
455661,2025/26,1914,8,3,,2025-08-01,1182,7,1
456877,2020/21,31,0,0,,2020-08-01,22,0,0
458178,2024/25,838,1,0,,2024-08-01,337,1,0
459463,2021/22,1141,5,2,,2021-08-01,651,2,1
460939,2025/26,1636,5,2,,2025-08-01,1177,4,2
461833,2024/25,1124,1,0,,2024-08-01,792,0,0
461883,2023/24,2300,1,0,,2023-08-01,1116,0,0
461883,2024/25,3074,1,0,,2024-08-01,1620,0,0
461883,2025/26,2532,1,1,,2025-08-01,1358,1,0
462250,2024/25,363,1,1,,2024-08-01,348,1,1
462832,2021/22,36,0,0,,2021-08-01,36,0,0
463603,2023/24,1338,0,1,,2023-08-01,460,0,1
463603,2024/25,333,0,0,,2024-08-01,247,0,0
463603,2025/26,471,0,0,,2025-08-01,246,0,0
463605,2025/26,1275,0,0,,2025-08-01,1260,0,0
465555,2023/24,1986,0,0,,2023-08-01,366,0,0
465555,2025/26,3420,0,0,,2025-08-01,1710,0,0
465606,2022/23,7,0,0,,2022-08-01,7,0,0
465717,2020/21,1108,2,0,,2020-08-01,36,1,0
465717,2023/24,2793,3,0,,2023-08-01,1220,1,0
465717,2025/26,2805,1,4,,2025-08-01,1579,0,2
465830,2019/20,1748,0,2,,2019-08-01,1405,0,2
466794,2019/20,790,0,0,,2019-08-01,167,0,0
466794,2020/21,380,0,0,,2020-08-01,200,0,0
466805,2025/26,1567,1,0,,2025-08-01,1227,1,0
466810,2023/24,511,2,0,,2023-08-01,287,2,0
467563,2022/23,1885,0,2,,2022-08-01,996,0,1
467623,2023/24,1909,5,3,,2023-08-01,896,4,3
467623,2025/26,1372,3,2,,2025-08-01,874,2,1
468002,2020/21,518,1,0,,2020-08-01,141,1,0
468002,2021/22,1398,1,0,,2021-08-01,758,1,0
468002,2022/23,861,0,0,,2022-08-01,488,0,0
468002,2023/24,539,0,0,,2023-08-01,1,0,0
468002,2024/25,1349,1,2,,2024-08-01,593,0,1
468066,2024/25,1978,1,1,,2024-08-01,769,0,0
468198,2022/23,1229,2,0,,2022-08-01,1060,2,0
468198,2024/25,2020,3,0,,2024-08-01,1041,2,0
468249,2023/24,2318,0,2,,2023-08-01,1138,0,0
469050,2021/22,1670,2,0,,2021-08-01,450,0,0
469050,2022/23,1812,0,0,,2022-08-01,1203,0,0
469050,2023/24,2650,1,1,,2023-08-01,1193,1,1
469050,2024/25,3420,2,5,,2024-08-01,1620,2,2
469050,2025/26,2972,1,2,,2025-08-01,1546,0,0
469781,2022/23,2495,2,0,,2022-08-01,1120,0,0
469781,2023/24,2247,4,5,,2023-08-01,1207,2,2
469781,2024/25,1107,0,0,,2024-08-01,921,0,0
469781,2025/26,3290,0,5,,2025-08-01,1580,0,3
469958,2023/24,1020,2,0,,2023-08-01,1009,2,0
470596,2024/25,112,0,0,,2024-08-01,50,0,0
470607,2022/23,2941,8,3,,2022-08-01,1279,2,0
470607,2023/24,2333,5,10,,2023-08-01,1081,1,4
470607,2024/25,2179,11,5,,2024-08-01,1362,7,3
470607,2025/26,1723,2,1,,2025-08-01,606,2,0
471690,2019/20,3240,0,2,,2019-08-01,1620,0,0
471690,2021/22,2882,0,2,,2021-08-01,1620,0,1
471690,2023/24,1234,0,1,,2023-08-01,997,0,1
471690,2024/25,85,0,0,,2024-08-01,85,0,0
472423,2019/20,1513,0,2,,2019-08-01,422,0,1
472423,2020/21,2367,1,2,,2020-08-01,1083,1,2
472423,2021/22,1865,5,9,,2021-08-01,1115,4,5
472423,2022/23,1244,1,1,,2022-08-01,611,1,1
472423,2023/24,421,0,2,,2023-08-01,391,0,1
472423,2024/25,1063,1,1,,2024-08-01,241,0,0
472423,2025/26,1960,2,5,,2025-08-01,1247,2,4
473050,2023/24,330,2,1,,2023-08-01,258,1,0
473050,2024/25,2301,11,2,,2024-08-01,848,4,2
473050,2025/26,2758,8,4,,2025-08-01,1418,6,1
473169,2025/26,1934,7,1,,2025-08-01,465,2,1
474701,2021/22,126,0,0,,2021-08-01,119,0,0
474701,2022/23,1415,4,2,,2022-08-01,488,4,0
474701,2024/25,780,1,1,,2024-08-01,690,1,1
474701,2025/26,2484,5,4,,2025-08-01,968,0,2
475188,2021/22,2105,1,2,,2021-08-01,435,0,1
475188,2022/23,2316,2,2,,2022-08-01,1319,2,2
475188,2024/25,258,0,1,,2024-08-01,55,0,0
475188,2025/26,2638,8,6,,2025-08-01,1262,4,3
475411,2020/21,2265,0,1,,2020-08-01,990,0,1
475411,2022/23,1367,1,0,,2022-08-01,360,0,0
475411,2024/25,1176,0,0,,2024-08-01,1017,0,0
475411,2025/26,1726,0,1,,2025-08-01,759,0,0
475959,2023/24,2329,4,2,,2023-08-01,1204,0,0
475959,2024/25,3280,5,0,,2024-08-01,1573,4,0
475959,2025/26,1374,2,2,,2025-08-01,1220,2,2
476237,2019/20,1183,0,0,,2019-08-01,848,0,0
476237,2020/21,897,1,0,,2020-08-01,522,0,0
476237,2021/22,405,0,0,,2021-08-01,99,0,0
476344,2021/22,2289,1,1,,2021-08-01,1104,0,1
476344,2022/23,1736,2,1,,2022-08-01,903,0,1
476344,2023/24,1155,1,0,,2023-08-01,777,1,0
476352,2022/23,2220,0,1,,2022-08-01,568,0,0
476701,2024/25,1792,1,2,,2024-08-01,713,0,0
476701,2025/26,881,0,0,,2025-08-01,552,0,0
477758,2019/20,3072,0,4,,2019-08-01,1521,0,1
477758,2020/21,3060,2,4,,2020-08-01,1170,1,0
477758,2021/22,1794,0,0,,2021-08-01,1260,0,0
477758,2022/23,1436,0,0,,2022-08-01,184,0,0
477758,2023/24,1782,0,2,,2023-08-01,795,0,1
477758,2024/25,3155,2,5,,2024-08-01,1535,2,0
477758,2025/26,2084,0,3,,2025-08-01,1013,0,1
478573,2023/24,1121,1,0,,2023-08-01,602,0,0
478573,2024/25,3169,0,4,,2024-08-01,1561,0,2
478573,2025/26,2996,5,3,,2025-08-01,1412,4,2
479999,2020/21,2563,4,6,,2020-08-01,912,1,2
479999,2021/22,602,1,1,,2021-08-01,36,0,0
479999,2022/23,2645,10,4,,2022-08-01,1283,3,3
479999,2023/24,2066,11,4,,2023-08-01,996,3,1
479999,2024/25,2603,8,8,,2024-08-01,1257,2,2
479999,2025/26,1900,7,2,,2025-08-01,1000,4,2
480116,2022/23,2041,0,2,,2022-08-01,630,0,2
480116,2023/24,1556,0,1,,2023-08-01,682,0,0
480116,2024/25,301,0,1,,2024-08-01,297,0,1
480692,2022/23,997,4,2,,2022-08-01,615,3,2
480692,2023/24,2646,8,5,,2023-08-01,1097,3,1
480692,2024/25,2413,13,7,,2024-08-01,1060,8,3
480762,2022/23,2117,1,0,,2022-08-01,1205,0,0
480762,2023/24,648,0,1,,2023-08-01,377,0,1
480762,2024/25,1754,2,1,,2024-08-01,1402,0,1
480762,2025/26,1231,0,0,,2025-08-01,275,0,0
480763,2019/20,66,0,0,,2019-08-01,66,0,0
480987,2019/20,911,1,0,,2019-08-01,811,1,0
480987,2022/23,2198,0,0,,2022-08-01,1252,0,0
480987,2023/24,613,0,1,,2023-08-01,175,0,0
483348,2022/23,5,0,0,,2022-08-01,3,0,0
483348,2024/25,1791,1,2,,2024-08-01,321,0,1
483348,2025/26,2056,0,0,,2025-08-01,1168,0,0
484387,2019/20,572,2,0,,2019-08-01,360,2,0
484387,2020/21,377,0,0,,2020-08-01,209,0,0
484547,2025/26,1040,0,2,,2025-08-01,204,0,1
484551,2021/22,23,0,0,,2021-08-01,23,0,0
485424,2019/20,925,2,2,,2019-08-01,585,2,1
485424,2020/21,1238,1,0,,2020-08-01,670,1,0
485424,2021/22,455,0,0,,2021-08-01,430,0,0
485424,2022/23,705,0,2,,2022-08-01,569,0,1
485583,2020/21,574,0,0,,2020-08-01,119,0,0
485583,2021/22,307,0,0,,2021-08-01,192,0,0
485583,2025/26,428,0,0,,2025-08-01,428,0,0
485585,2023/24,201,0,0,,2023-08-01,201,0,0
485585,2024/25,1127,1,2,,2024-08-01,290,0,0
485585,2025/26,1599,0,2,,2025-08-01,608,0,1
485706,2022/23,2496,1,2,,2022-08-01,1218,0,1
485706,2023/24,2090,2,0,,2023-08-01,1316,1,0
485706,2024/25,1624,3,0,,2024-08-01,912,2,0
485706,2025/26,1764,2,0,,2025-08-01,892,2,0
486049,2023/24,1594,3,10,,2023-08-01,698,2,5
486049,2024/25,1514,3,6,,2024-08-01,699,2,3
486049,2025/26,1786,5,7,,2025-08-01,943,1,5
486144,2024/25,900,0,0,,2024-08-01,180,0,0
486604,2024/25,11,0,0,,2024-08-01,11,0,0
487465,2019/20,927,3,3,,2019-08-01,288,0,2
487465,2020/21,2560,5,6,,2020-08-01,1270,4,3
487465,2022/23,970,0,1,,2022-08-01,606,0,0
487465,2023/24,1519,2,9,,2023-08-01,897,1,7
487465,2024/25,2269,4,6,,2024-08-01,911,1,2
487465,2025/26,2643,5,6,,2025-08-01,1467,5,3
487469,2020/21,513,0,1,,2020-08-01,108,0,1
487969,2025/26,1669,1,1,,2025-08-01,679,0,0
488362,2020/21,2532,2,2,,2020-08-01,1070,2,0
488362,2022/23,1616,3,1,,2022-08-01,508,1,1
488362,2023/24,3136,5,7,,2023-08-01,1601,0,4
488656,2022/23,104,0,0,,2022-08-01,64,0,0
488935,2024/25,144,0,0,,2024-08-01,54,0,0
489359,2025/26,1318,2,0,,2025-08-01,698,2,0
490307,2021/22,994,2,5,,2021-08-01,546,1,2
490307,2022/23,211,0,1,,2022-08-01,211,0,1
491296,2023/24,149,0,0,,2023-08-01,135,0,0
493003,2024/25,3232,4,6,,2024-08-01,1536,2,2
493003,2025/26,2404,4,3,,2025-08-01,1260,3,2
494237,2025/26,1159,6,0,,2025-08-01,948,4,0
494880,2024/25,350,0,0,,2024-08-01,93,0,0
494880,2025/26,938,0,0,,2025-08-01,350,0,0
495666,2022/23,2416,2,1,,2022-08-01,1426,2,1
495666,2023/24,3420,2,1,,2023-08-01,1800,1,1
495666,2024/25,3041,2,0,,2024-08-01,1470,2,0
495666,2025/26,2615,1,0,,2025-08-01,1175,0,0
497291,2023/24,1503,2,2,,2023-08-01,743,2,0
497291,2024/25,1971,0,1,,2024-08-01,896,0,0
497291,2025/26,1177,1,1,,2025-08-01,395,0,0
500689,2025/26,916,1,1,,2025-08-01,516,0,0
502676,2025/26,868,0,0,,2025-08-01,450,0,0
502821,2024/25,985,2,1,,2024-08-01,541,1,1
502821,2025/26,1708,1,2,,2025-08-01,1264,1,2
503679,2020/21,660,0,0,,2020-08-01,120,0,0
503680,2020/21,249,0,0,,2020-08-01,172,0,0
503680,2021/22,7,0,1,,2021-08-01,7,0,1
503680,2022/23,1876,1,0,,2022-08-01,1094,0,0
503680,2023/24,1634,0,1,,2023-08-01,428,0,1
503680,2024/25,2592,1,3,,2024-08-01,905,0,1
503680,2025/26,3206,2,3,,2025-08-01,1710,1,1
503686,2025/26,2148,2,2,,2025-08-01,1120,2,1
503688,2021/22,148,0,0,,2021-08-01,148,0,0
503733,2020/21,88,0,0,,2020-08-01,88,0,0
503733,2021/22,2286,4,2,,2021-08-01,698,0,1
503733,2022/23,1578,4,0,,2022-08-01,1076,3,0
503733,2023/24,2906,11,10,,2023-08-01,1492,6,4
503733,2024/25,2446,6,6,,2024-08-01,1447,4,5
503733,2025/26,1814,6,2,,2025-08-01,863,2,1
503743,2024/25,3131,8,11,,2024-08-01,1567,6,4
503743,2025/26,3285,10,7,,2025-08-01,1690,7,3
503749,2020/21,615,0,0,,2020-08-01,112,0,0
503749,2021/22,2479,6,1,,2021-08-01,1005,2,0
503749,2022/23,2646,6,7,,2022-08-01,1026,2,2
503749,2023/24,851,1,1,,2023-08-01,480,1,0
503749,2024/25,1628,1,5,,2024-08-01,649,0,2
503749,2025/26,1445,2,3,,2025-08-01,466,0,0
503795,2021/22,900,0,0,,2021-08-01,489,0,0
503883,2025/26,2880,0,0,,2025-08-01,1170,0,0
503975,2022/23,173,0,0,,2022-08-01,137,0,0
503977,2024/25,2828,1,0,,2024-08-01,1491,1,0
503980,2021/22,736,2,4,,2021-08-01,270,1,2
503980,2022/23,202,0,2,,2022-08-01,188,0,1
503981,2021/22,2203,1,2,,2021-08-01,1616,1,1
503981,2023/24,1306,1,0,,2023-08-01,608,0,0
503981,2024/25,2843,0,1,,2024-08-01,1230,0,0
503981,2025/26,1328,0,1,,2025-08-01,977,0,1
503987,2023/24,1053,5,2,,2023-08-01,230,2,0
503987,2024/25,2047,7,4,,2024-08-01,1123,5,3
503987,2025/26,1217,3,1,,2025-08-01,430,0,0
503988,2022/23,7,0,0,,2022-08-01,7,0,0
503990,2024/25,772,0,0,,2024-08-01,525,0,0
504148,2019/20,621,0,1,,2019-08-01,31,0,0
504148,2020/21,890,1,3,,2020-08-01,890,1,3
504148,2021/22,1556,0,2,,2021-08-01,647,0,1
504148,2022/23,441,0,0,,2022-08-01,276,0,0
504148,2023/24,914,0,3,,2023-08-01,173,0,2
504148,2024/25,860,2,2,,2024-08-01,348,2,2
504581,2023/24,501,0,0,,2023-08-01,501,0,0
504849,2022/23,2318,7,6,,2022-08-01,490,2,1
504849,2023/24,1488,3,4,,2023-08-01,1322,3,4
504849,2024/25,2609,10,4,,2024-08-01,1553,3,2
504849,2025/26,1722,3,1,,2025-08-01,594,1,1
505194,2020/21,970,1,0,,2020-08-01,270,0,0
505194,2021/22,1912,0,1,,2021-08-01,900,0,1
505194,2022/23,1071,0,0,,2022-08-01,452,0,0
505194,2023/24,919,0,0,,2023-08-01,919,0,0
505194,2024/25,1113,0,0,,2024-08-01,90,0,0
505219,2019/20,8,0,0,,2019-08-01,8,0,0
505219,2022/23,796,0,1,,2022-08-01,137,0,0
505219,2023/24,3005,1,2,,2023-08-01,1608,1,1
505219,2024/25,1595,0,1,,2024-08-01,251,0,0
505219,2025/26,3414,2,7,,2025-08-01,1704,2,3
505653,2020/21,1356,4,3,,2020-08-01,436,1,0
505653,2021/22,564,0,0,,2021-08-01,37,0,0
505653,2023/24,262,0,0,,2023-08-01,262,0,0
506189,2022/23,757,0,0,,2022-08-01,267,0,0
506189,2024/25,2155,1,0,,2024-08-01,1373,1,0
507254,2021/22,8,0,0,,2021-08-01,8,0,0
507700,2019/20,1006,1,1,,2019-08-01,359,1,0
507700,2020/21,187,0,0,,2020-08-01,6,0,0
507700,2021/22,2123,0,1,,2021-08-01,1059,0,0
511815,2020/21,187,0,1,,2020-08-01,112,0,1
512354,2022/23,31,0,0,,2022-08-01,31,0,0
512385,2022/23,876,5,0,,2022-08-01,456,2,0
512385,2023/24,691,2,2,,2023-08-01,360,2,1
512385,2024/25,230,1,1,,2024-08-01,204,1,1
513245,2024/25,1241,0,1,,2024-08-01,588,0,0
513970,2024/25,498,0,0,,2024-08-01,356,0,0
514285,2025/26,1830,0,5,,2025-08-01,1339,0,4
515544,2025/26,3039,2,1,,2025-08-01,1474,0,1
517894,2023/24,2454,12,7,,2023-08-01,1684,6,5
517894,2024/25,2603,15,6,,2024-08-01,1563,10,4
517894,2025/26,2503,10,4,,2025-08-01,1211,3,1
520624,2022/23,2734,4,5,,2022-08-01,1179,3,3
520624,2023/24,3269,7,8,,2023-08-01,1585,1,2
520624,2024/25,3287,5,6,,2024-08-01,1661,1,4
520624,2025/26,2460,9,6,,2025-08-01,1571,6,3
521964,2025/26,2964,4,0,,2025-08-01,1353,2,0
525247,2019/20,184,0,0,,2019-08-01,180,0,0
525247,2020/21,1307,0,1,,2020-08-01,732,0,1
525247,2021/22,2689,1,0,,2021-08-01,1620,1,0
525247,2022/23,3308,0,0,,2022-08-01,1530,0,0
525247,2023/24,3420,2,0,,2023-08-01,1800,1,0
525247,2024/25,3349,0,2,,2024-08-01,1639,0,2
525247,2025/26,1558,0,0,,2025-08-01,1443,0,0
525287,2020/21,305,1,0,,2020-08-01,12,0,0
525287,2022/23,1101,5,2,,2022-08-01,329,0,0
525287,2023/24,306,2,0,,2023-08-01,306,2,0
525287,2024/25,13,0,0,,2024-08-01,3,0,0
527425,2024/25,1187,0,0,,2024-08-01,557,0,0
528888,2022/23,1,0,0,,2022-08-01,1,0,0
528892,2024/25,378,0,0,,2024-08-01,378,0,0
531957,2021/22,126,0,0,,2021-08-01,126,0,0
531957,2022/23,70,0,0,,2022-08-01,70,0,0
532178,2021/22,232,0,2,,2021-08-01,12,0,0
532178,2022/23,411,1,2,,2022-08-01,275,1,2
532776,2025/26,1082,3,2,,2025-08-01,406,1,0
532826,2019/20,1313,10,1,,2019-08-01,365,3,0
532826,2020/21,1826,7,2,,2020-08-01,625,1,0
532826,2021/22,1278,5,1,,2021-08-01,976,4,1
533086,2023/24,1,0,0,,2023-08-01,1,0,0
533662,2021/22,24,0,0,,2021-08-01,24,0,0
533662,2022/23,44,0,0,,2022-08-01,44,0,0
533662,2023/24,1840,4,1,,2023-08-01,1323,3,0
533662,2024/25,1433,2,0,,2024-08-01,923,2,0
533916,2021/22,905,1,0,,2021-08-01,585,1,0
533916,2022/23,603,0,1,,2022-08-01,427,0,0
533916,2023/24,224,1,1,,2023-08-01,190,1,0
534033,2020/21,1115,1,1,,2020-08-01,128,1,0
534033,2021/22,2115,5,2,,2021-08-01,481,2,1
534033,2022/23,2886,10,2,,2022-08-01,1257,5,0
534033,2023/24,2612,5,5,,2023-08-01,1094,1,1
534033,2024/25,2609,5,5,,2024-08-01,1237,1,2
534033,2025/26,2663,2,4,,2025-08-01,1190,0,2
534700,2020/21,455,0,0,,2020-08-01,270,0,0
534700,2021/22,707,0,0,,2021-08-01,629,0,0
535955,2021/22,1171,1,1,,2021-08-01,619,0,1
535955,2023/24,455,0,0,,2023-08-01,94,0,0
536507,2022/23,16,0,0,,2022-08-01,16,0,0
536835,2023/24,388,1,1,,2023-08-01,36,0,0
536835,2024/25,1903,8,8,,2024-08-01,1145,2,7
536835,2025/26,2346,2,4,,2025-08-01,1206,2,3
537382,2021/22,87,0,0,,2021-08-01,85,0,0
537382,2022/23,148,0,1,,2022-08-01,6,0,0
537382,2023/24,201,0,0,,2023-08-01,175,0,0
537598,2022/23,501,1,2,,2022-08-01,244,1,1
537598,2023/24,292,1,2,,2023-08-01,238,1,2
537860,2023/24,1579,5,2,,2023-08-01,807,3,1
537860,2024/25,146,0,0,,2024-08-01,146,0,0
538971,2023/24,331,0,0,,2023-08-01,123,0,0
538977,2024/25,1666,5,3,,2024-08-01,1044,2,2
538977,2025/26,1791,3,4,,2025-08-01,1200,1,3
540664,2025/26,552,0,2,,2025-08-01,190,0,0
540941,2022/23,979,0,0,,2022-08-01,260,0,0
540941,2023/24,836,0,2,,2023-08-01,234,0,0
540941,2024/25,2930,2,11,,2024-08-01,1286,2,5
540941,2025/26,2058,4,4,,2025-08-01,1050,1,3
541231,2024/25,2588,0,1,,2024-08-01,1175,0,0
541231,2025/26,2761,0,2,,2025-08-01,1530,0,0
541628,2025/26,165,1,0,,2025-08-01,129,1,0
542586,2020/21,3150,0,0,,2020-08-01,1440,0,0
542586,2021/22,3385,0,0,,2021-08-01,1620,0,0
542586,2022/23,3060,0,0,,2022-08-01,1440,0,0
543164,2023/24,111,0,0,,2023-08-01,1,0,0
543387,2022/23,2786,0,3,,2022-08-01,1144,0,1
543387,2023/24,922,0,0,,2023-08-01,922,0,0
543387,2024/25,445,0,0,,2024-08-01,306,0,0
543499,2023/24,2489,8,6,,2023-08-01,964,6,1
543499,2024/25,2603,5,3,,2024-08-01,1167,3,1
543499,2025/26,1546,2,6,,2025-08-01,1437,2,6
546543,2022/23,1698,9,3,,2022-08-01,784,5,2
546543,2023/24,2045,11,8,,2023-08-01,1055,5,5
546543,2024/25,1118,5,3,,2024-08-01,724,2,2
546712,2023/24,412,0,0,,2023-08-01,317,0,0
548470,2023/24,2470,1,0,,2023-08-01,1131,1,0
548729,2023/24,1973,5,1,,2023-08-01,1386,3,1
552655,2019/20,6,0,0,,2019-08-01,5,0,0
553875,2023/24,3093,3,7,,2023-08-01,1708,0,6
553875,2024/25,2609,2,6,,2024-08-01,1537,2,3
553875,2025/26,2798,1,2,,2025-08-01,1419,0,1
554251,2023/24,533,0,0,,2023-08-01,278,0,0
556385,2023/24,2398,2,3,,2023-08-01,1418,1,2
556385,2024/25,1932,0,1,,2024-08-01,1437,0,1
556385,2025/26,1342,0,1,,2025-08-01,607,0,1
557459,2023/24,2343,3,0,,2023-08-01,945,1,0
557459,2024/25,1018,0,2,,2024-08-01,790,0,2
557459,2025/26,3043,4,1,,2025-08-01,1520,3,0
557612,2022/23,542,1,2,,2022-08-01,222,0,1
559263,2022/23,341,2,0,,2022-08-01,333,2,0
559263,2024/25,445,2,1,,2024-08-01,420,1,1
559263,2025/26,100,1,0,,2025-08-01,100,1,0
559794,2024/25,1170,0,4,,2024-08-01,515,0,2
560694,2022/23,580,1,0,,2022-08-01,560,1,0
563963,2021/22,2972,0,0,,2021-08-01,1532,0,0
563963,2022/23,1973,0,1,,2022-08-01,1440,0,1
564529,2024/25,2489,0,1,,2024-08-01,1490,0,1
565093,2023/24,1890,0,0,,2023-08-01,810,0,0
565093,2024/25,3240,0,1,,2024-08-01,1530,0,0
565093,2025/26,3420,0,0,,2025-08-01,1710,0,0
565822,2021/22,345,0,0,,2021-08-01,250,0,0
565822,2022/23,1611,1,2,,2022-08-01,970,1,1
565822,2023/24,1335,3,6,,2023-08-01,398,1,1
565822,2024/25,360,1,2,,2024-08-01,39,0,0
565822,2025/26,110,0,0,,2025-08-01,97,0,0
566723,2021/22,1135,2,5,,2021-08-01,291,1,2
566723,2022/23,2756,2,11,,2022-08-01,925,1,4
566723,2023/24,1278,10,6,,2023-08-01,675,5,1
566799,2023/24,2520,0,0,,2023-08-01,1800,0,0
566799,2025/26,360,0,0,,2025-08-01,270,0,0
566931,2025/26,1757,2,5,,2025-08-01,838,1,2
567576,2022/23,398,0,1,,2022-08-01,97,0,0
567576,2023/24,1024,0,2,,2023-08-01,408,0,1
567576,2024/25,2743,2,6,,2024-08-01,1139,0,5
567576,2025/26,3335,4,4,,2025-08-01,1710,1,1
568005,2021/22,45,0,0,,2021-08-01,21,0,0
568005,2022/23,169,0,1,,2022-08-01,58,0,0
568005,2024/25,8,0,0,,2024-08-01,8,0,0
568006,2025/26,320,0,0,,2025-08-01,90,0,0
568157,2025/26,2092,2,2,,2025-08-01,1101,1,1
568177,2021/22,122,0,0,,2021-08-01,122,0,0
568177,2022/23,358,0,1,,2022-08-01,101,0,0
568177,2023/24,2628,22,11,,2023-08-01,1154,8,4
568177,2024/25,3200,15,9,,2024-08-01,1662,12,6
568177,2025/26,1965,10,1,,2025-08-01,504,3,0
568559,2024/25,1251,0,0,,2024-08-01,981,0,0
568559,2025/26,516,0,0,,2025-08-01,5,0,0
568693,2023/24,2085,3,3,,2023-08-01,1176,2,2
568693,2024/25,1914,3,2,,2024-08-01,1001,1,2
568693,2025/26,1389,2,4,,2025-08-01,705,2,2
570336,2025/26,13,0,0,,2025-08-01,2,0,0
571743,2022/23,287,1,1,,2022-08-01,287,1,1
571743,2023/24,534,1,2,,2023-08-01,387,1,1
571743,2024/25,332,0,0,,2024-08-01,126,0,0
571743,2025/26,849,1,1,,2025-08-01,490,1,1
576024,2022/23,1454,9,1,,2022-08-01,360,3,0
576024,2023/24,2659,11,9,,2023-08-01,1597,6,6
576314,2022/23,292,0,0,,2022-08-01,2,0,0
576314,2023/24,2368,0,0,,2023-08-01,1108,0,0
576314,2024/25,2961,1,1,,2024-08-01,1431,0,1
576314,2025/26,3211,3,3,,2025-08-01,1620,3,1
578391,2020/21,1405,1,1,,2020-08-01,440,1,0
578391,2021/22,1828,1,4,,2021-08-01,719,0,1
578391,2022/23,1070,1,0,,2022-08-01,715,1,0
578391,2023/24,2343,2,1,,2023-08-01,1155,0,0
578391,2024/25,3128,4,7,,2024-08-01,1550,3,5
578391,2025/26,976,0,2,,2025-08-01,205,0,0
578539,2022/23,443,0,0,,2022-08-01,75,0,0
578539,2023/24,2091,1,1,,2023-08-01,741,0,0
578539,2024/25,1925,1,0,,2024-08-01,536,0,0
578539,2025/26,2826,1,0,,2025-08-01,1523,0,0
583189,2021/22,1214,2,2,,2021-08-01,14,0,0
583189,2022/23,421,0,1,,2022-08-01,373,0,1
583189,2023/24,2434,5,9,,2023-08-01,1363,4,6
583189,2024/25,2510,6,11,,2024-08-01,1050,3,3
583189,2025/26,1313,0,1,,2025-08-01,679,0,1
583199,2023/24,1828,3,3,,2023-08-01,1010,1,2
583199,2024/25,342,3,0,,2024-08-01,26,0,0
583199,2025/26,289,0,1,,2025-08-01,149,0,0
583255,2023/24,2113,8,2,,2023-08-01,854,3,1
583255,2024/25,3210,11,6,,2024-08-01,1571,5,2
583255,2025/26,3205,17,4,,2025-08-01,1620,9,3
583990,2022/23,8,0,0,,2022-08-01,8,0,0
584769,2019/20,3345,2,6,,2019-08-01,1725,1,4
584769,2020/21,3072,2,5,,2020-08-01,1167,0,1
584769,2021/22,3112,0,1,,2021-08-01,1418,0,1
584769,2022/23,2499,7,3,,2022-08-01,788,2,1
584769,2023/24,2898,3,6,,2023-08-01,1369,2,4
584769,2024/25,1371,4,8,,2024-08-01,1143,3,5
584769,2025/26,1169,0,1,,2025-08-01,346,0,1
585323,2024/25,540,0,0,,2024-08-01,180,0,0
585323,2025/26,378,0,0,,2025-08-01,84,0,0
585550,2022/23,2880,0,0,,2022-08-01,1530,0,0
585959,2025/26,88,0,0,,2025-08-01,82,0,0
586834,2023/24,132,0,0,,2023-08-01,132,0,0
587002,2023/24,11,0,0,,2023-08-01,11,0,0
588989,2025/26,1124,1,0,,2025-08-01,915,0,0
591193,2020/21,81,0,0,,2020-08-01,69,0,0
591949,2022/23,1931,0,1,,2022-08-01,684,0,0
591949,2023/24,720,0,0,,2023-08-01,720,0,0
591949,2025/26,686,0,0,,2025-08-01,427,0,0
595809,2023/24,941,3,0,,2023-08-01,509,1,0
595809,2024/25,1528,8,0,,2024-08-01,212,1,0
595809,2025/26,1565,9,1,,2025-08-01,782,1,0
596446,2020/21,31,0,0,,2020-08-01,31,0,0
596446,2024/25,2746,1,3,,2024-08-01,1710,1,2
597659,2021/22,140,0,0,,2021-08-01,95,0,0
598577,2025/26,2390,5,4,,2025-08-01,1184,1,2
601883,2022/23,2478,1,1,,2022-08-01,984,0,1
601883,2023/24,834,0,2,,2023-08-01,473,0,1
601883,2024/25,1672,1,6,,2024-08-01,529,0,3
601883,2025/26,2865,1,7,,2025-08-01,1324,1,4
602105,2022/23,1818,4,2,,2022-08-01,649,3,0
602105,2023/24,1323,1,1,,2023-08-01,909,0,0
602105,2024/25,135,0,0,,2024-08-01,84,0,0
605184,2024/25,1833,0,0,,2024-08-01,812,0,0
605184,2025/26,1819,0,1,,2025-08-01,1162,0,1
606718,2022/23,981,1,0,,2022-08-01,289,0,0
606718,2023/24,2776,1,3,,2023-08-01,1285,0,2
606718,2024/25,2615,0,1,,2024-08-01,1265,0,1
606718,2025/26,1427,0,0,,2025-08-01,953,0,0
607223,2025/26,1786,4,12,,2025-08-01,644,2,7
607224,2023/24,131,1,0,,2023-08-01,131,1,0
607224,2025/26,1231,1,4,,2025-08-01,399,0,1
607226,2025/26,1270,2,1,,2025-08-01,734,1,0
608175,2023/24,2937,2,8,,2023-08-01,1322,1,4
608832,2025/26,678,1,0,,2025-08-01,217,0,0
609556,2023/24,784,0,0,,2023-08-01,521,0,0
609556,2024/25,124,1,0,,2024-08-01,28,0,0
609556,2025/26,811,7,0,,2025-08-01,213,1,0
610442,2023/24,2171,10,2,,2023-08-01,1034,1,0
610442,2024/25,2014,4,1,,2024-08-01,893,2,1
610581,2024/25,125,0,0,,2024-08-01,123,0,0
610849,2020/21,39,0,0,,2020-08-01,39,0,0
610849,2024/25,2616,12,2,,2024-08-01,1369,7,2
610849,2025/26,1101,1,1,,2025-08-01,460,0,0
611793,2023/24,75,0,0,,2023-08-01,15,0,0
611793,2024/25,449,0,1,,2024-08-01,87,0,1
611793,2025/26,2104,0,3,,2025-08-01,394,0,0
612517,2025/26,1578,0,2,,2025-08-01,167,0,0
614082,2021/22,9,0,0,,2021-08-01,9,0,0
614258,2022/23,1220,0,2,,2022-08-01,282,0,0
614258,2023/24,1798,1,1,,2023-08-01,1510,1,1
614258,2024/25,3150,2,1,,2024-08-01,1620,0,1
614603,2022/23,68,0,0,,2022-08-01,68,0,0
617755,2025/26,134,0,0,,2025-08-01,134,0,0
620322,2023/24,1756,0,6,,2023-08-01,802,0,3
620322,2024/25,1858,0,1,,2024-08-01,1151,0,1
620322,2025/26,2268,2,3,,2025-08-01,1056,2,2
620598,2023/24,1055,1,0,,2023-08-01,875,0,0
621193,2024/25,853,1,1,,2024-08-01,333,0,1
621993,2021/22,381,1,0,,2021-08-01,381,1,0
623570,2024/25,2440,9,0,,2024-08-01,1429,3,0
623570,2025/26,2789,6,3,,2025-08-01,1350,4,2
624258,2024/25,748,0,2,,2024-08-01,230,0,0
624258,2025/26,933,0,2,,2025-08-01,674,0,1
626724,2021/22,1638,3,1,,2021-08-01,492,1,1
626724,2023/24,2047,9,3,,2023-08-01,1054,7,2
626724,2024/25,1953,10,6,,2024-08-01,951,4,5
626724,2025/26,2674,15,8,,2025-08-01,1454,6,3
627248,2023/24,227,1,0,,2023-08-01,168,1,0
627442,2025/26,1637,11,1,,2025-08-01,862,2,1
627626,2022/23,1351,2,4,,2022-08-01,268,0,1
627626,2025/26,524,0,3,,2025-08-01,309,0,2
628451,2022/23,2231,1,0,,2022-08-01,559,1,0
628451,2023/24,32,0,0,,2023-08-01,32,0,0
628451,2024/25,802,0,1,,2024-08-01,481,0,1
628451,2025/26,377,0,0,,2025-08-01,105,0,0
632349,2023/24,1190,2,0,,2023-08-01,263,0,0
632349,2024/25,488,0,0,,2024-08-01,225,0,0
633530,2022/23,1456,0,1,,2022-08-01,947,0,1
633992,2025/26,2936,5,6,,2025-08-01,1311,2,3
635336,2021/22,1420,0,0,,2021-08-01,335,0,0
644401,2022/23,316,0,1,,2022-08-01,285,0,1
644401,2023/24,1441,3,1,,2023-08-01,578,2,0
644401,2024/25,3100,1,4,,2024-08-01,1383,0,2
644401,2025/26,1970,3,3,,2025-08-01,734,2,1
645686,2024/25,475,0,0,,2024-08-01,214,0,0
645686,2025/26,1048,0,0,,2025-08-01,420,0,0
646658,2023/24,526,0,0,,2023-08-01,287,0,0
646738,2022/23,152,0,0,,2022-08-01,152,0,0
646750,2025/26,989,0,0,,2025-08-01,430,0,0
646991,2025/26,3150,0,0,,2025-08-01,1620,0,0
648046,2022/23,950,6,2,,2022-08-01,36,1,0
648046,2023/24,1365,6,0,,2023-08-01,940,6,0
648046,2024/25,388,1,0,,2024-08-01,220,1,0
648195,2023/24,2215,3,2,,2023-08-01,1267,2,0
648195,2024/25,2949,6,7,,2024-08-01,1331,3,4
648195,2025/26,3121,10,4,,2025-08-01,1548,5,1
649020,2022/23,407,0,1,,2022-08-01,382,0,1
649020,2023/24,803,0,0,,2023-08-01,382,0,0
649317,2023/24,462,5,0,,2023-08-01,148,2,0
649317,2024/25,626,7,0,,2024-08-01,592,7,0
649452,2023/24,1732,0,2,,2023-08-01,1051,0,1
654253,2024/25,174,0,0,,2024-08-01,45,0,0
654539,2025/26,3380,1,5,,2025-08-01,1670,0,1
654982,2024/25,2197,2,3,,2024-08-01,724,1,1
655488,2019/20,656,3,0,,2019-08-01,366,1,0
655488,2020/21,586,2,1,,2020-08-01,156,0,0
655488,2021/22,1867,6,6,,2021-08-01,692,4,2
655488,2022/23,2805,15,5,,2022-08-01,1364,7,2
655488,2023/24,2029,6,4,,2023-08-01,1299,2,2
655488,2024/25,2299,8,4,,2024-08-01,1040,4,2
655488,2025/26,1073,1,4,,2025-08-01,413,1,0
657817,2023/24,37,0,0,,2023-08-01,12,0,0
658536,2023/24,2232,6,1,,2023-08-01,1144,4,1
658536,2024/25,1093,2,2,,2024-08-01,427,2,1
658536,2025/26,658,1,1,,2025-08-01,468,1,1
659089,2023/24,3330,1,0,,2023-08-01,1710,0,0
659089,2024/25,3114,0,1,,2024-08-01,1710,0,0
659459,2021/22,294,0,1,,2021-08-01,122,0,1
659459,2022/23,345,0,0,,2022-08-01,43,0,0
659459,2023/24,223,1,1,,2023-08-01,126,1,0
659813,2025/26,1792,1,2,,2025-08-01,744,0,0
660860,2025/26,194,0,0,,2025-08-01,194,0,0
660867,2022/23,800,4,2,,2022-08-01,93,0,0
660867,2023/24,472,0,2,,2023-08-01,69,0,2
660867,2024/25,1165,2,3,,2024-08-01,287,0,0
661053,2021/22,388,1,0,,2021-08-01,90,1,0
661053,2023/24,3117,3,1,,2023-08-01,1530,0,0
661053,2024/25,2510,0,1,,2024-08-01,816,0,0
661207,2023/24,295,1,1,,2023-08-01,107,0,1
661207,2025/26,1037,0,1,,2025-08-01,467,0,1
661427,2025/26,1048,0,2,,2025-08-01,704,0,2
663225,2023/24,1,0,0,,2023-08-01,1,0,0
663244,2024/25,840,3,2,,2024-08-01,534,0,2
663244,2025/26,11,0,0,,2025-08-01,11,0,0
663264,2022/23,7,0,0,,2022-08-01,7,0,0
663581,2023/24,2672,1,0,,2023-08-01,1507,0,0
665390,2021/22,4,0,0,,2021-08-01,4,0,0
665390,2023/24,3,0,0,,2023-08-01,3,0,0
665390,2024/25,800,2,0,,2024-08-01,326,0,0
667121,2024/25,799,2,0,,2024-08-01,368,1,0
667121,2025/26,958,3,0,,2025-08-01,331,1,0
667287,2024/25,1968,2,1,,2024-08-01,926,0,0
667287,2025/26,1925,3,3,,2025-08-01,1349,1,0
668268,2022/23,1,0,0,,2022-08-01,1,0,0
669366,2022/23,23,0,0,,2022-08-01,23,0,0
669366,2023/24,1,0,0,,2023-08-01,1,0,0
670688,2023/24,196,0,0,,2023-08-01,46,0,0
670848,2022/23,36,0,0,,2022-08-01,3,0,0
670848,2023/24,75,0,0,,2023-08-01,57,0,0
670850,2023/24,1,0,0,,2023-08-01,1,0,0
670858,2022/23,658,0,0,,2022-08-01,73,0,0
670858,2023/24,775,1,0,,2023-08-01,92,0,0
670858,2024/25,2193,0,5,,2024-08-01,1500,0,3
670858,2025/26,2180,1,1,,2025-08-01,790,0,1
670859,2023/24,11,0,0,,2023-08-01,11,0,0
670882,2025/26,490,0,2,,2025-08-01,448,0,2
672381,2021/22,208,0,1,,2021-08-01,22,0,0
673492,2024/25,893,0,0,,2024-08-01,362,0,0
673492,2025/26,1341,1,0,,2025-08-01,709,0,0
676318,2023/24,165,0,1,,2023-08-01,165,0,1
680806,2022/23,559,0,0,,2022-08-01,311,0,0
680806,2024/25,64,0,0,,2024-08-01,64,0,0
683571,2025/26,1408,3,1,,2025-08-01,492,1,0
683620,2025/26,45,0,0,,2025-08-01,45,0,0
683895,2025/26,1101,0,0,,2025-08-01,1011,0,0
684210,2022/23,1247,3,1,,2022-08-01,390,2,0
684210,2023/24,153,0,0,,2023-08-01,153,0,0
684210,2025/26,2735,8,4,,2025-08-01,1150,4,2
687626,2022/23,3141,1,1,,2022-08-01,1338,1,0
687626,2023/24,2874,1,3,,2023-08-01,1367,0,0
687626,2024/25,3356,1,4,,2024-08-01,1687,1,3
687626,2025/26,2802,3,1,,2025-08-01,1253,3,1
689637,2024/25,90,0,0,,2024-08-01,90,0,0
693095,2024/25,2205,1,0,,2024-08-01,900,0,0
695454,2024/25,6,0,0,,2024-08-01,6,0,0
696181,2025/26,401,0,0,,2025-08-01,84,0,0
696346,2022/23,86,0,0,,2022-08-01,86,0,0
696346,2024/25,1,0,0,,2024-08-01,1,0,0
696589,2023/24,158,0,0,,2023-08-01,4,0,0
696589,2024/25,564,0,1,,2024-08-01,382,0,0
696589,2025/26,1486,0,3,,2025-08-01,761,0,2
697280,2025/26,8,0,0,,2025-08-01,8,0,0
698151,2023/24,1,0,0,,2023-08-01,1,0,0
698164,2025/26,1167,0,1,,2025-08-01,917,0,1
698678,2022/23,1315,0,1,,2022-08-01,583,0,1
698678,2023/24,732,0,0,,2023-08-01,392,0,0
698678,2025/26,2366,1,2,,2025-08-01,982,0,0
700106,2024/25,681,1,4,,2024-08-01,274,0,0
700106,2025/26,716,1,1,,2025-08-01,550,1,1
701057,2022/23,903,0,0,,2022-08-01,190,0,0
701057,2023/24,807,2,0,,2023-08-01,365,1,0
701057,2024/25,1893,1,2,,2024-08-01,1296,1,2
701057,2025/26,402,0,1,,2025-08-01,205,0,1
708072,2025/26,1026,2,0,,2025-08-01,1005,2,0
709726,2025/26,1811,11,4,,2025-08-01,1048,8,2
709767,2024/25,28,0,0,,2024-08-01,12,0,0
711337,2024/25,2336,10,5,,2024-08-01,1300,5,4
711337,2025/26,2762,6,3,,2025-08-01,1278,2,1
711544,2024/25,1569,2,0,,2024-08-01,34,0,0
711544,2025/26,3124,1,1,,2025-08-01,1580,0,1
711999,2023/24,297,0,0,,2023-08-01,270,0,0
711999,2024/25,1663,1,1,,2024-08-01,368,0,0
711999,2025/26,2351,3,2,,2025-08-01,1148,3,1
712099,2022/23,22,0,0,,2022-08-01,22,0,0
712117,2022/23,7,0,0,,2022-08-01,7,0,0
716276,2024/25,442,0,0,,2024-08-01,442,0,0
716276,2025/26,2143,0,0,,2025-08-01,691,0,0
717411,2023/24,674,0,0,,2023-08-01,347,0,0
717411,2024/25,1443,0,0,,2024-08-01,410,0,0
717411,2025/26,2667,1,2,,2025-08-01,1313,0,2
719673,2022/23,24,0,0,,2022-08-01,2,0,0
719673,2023/24,13,0,0,,2023-08-01,13,0,0
719673,2025/26,105,0,1,,2025-08-01,53,0,1
724783,2025/26,25,0,0,,2025-08-01,21,0,0
727089,2025/26,2896,0,1,,2025-08-01,1416,0,0
730861,2023/24,1976,0,1,,2023-08-01,1165,0,1
730861,2024/25,3342,2,6,,2024-08-01,1641,1,2
730861,2025/26,2261,2,1,,2025-08-01,1215,1,0
730893,2020/21,1710,1,1,,2020-08-01,630,0,0
730893,2021/22,3103,0,2,,2021-08-01,1702,0,1
730893,2022/23,2896,0,2,,2022-08-01,1014,0,2
730893,2023/24,3210,2,3,,2023-08-01,1629,1,2
730893,2024/25,3103,0,5,,2024-08-01,1658,0,3
730893,2025/26,3255,1,2,,2025-08-01,1615,1,0
732165,2024/25,12,0,0,,2024-08-01,12,0,0
734425,2023/24,51,0,0,,2023-08-01,51,0,0
735570,2023/24,2659,2,1,,2023-08-01,1391,0,0
735570,2024/25,2989,3,1,,2024-08-01,1528,2,1
735570,2025/26,2835,1,1,,2025-08-01,1462,0,0
735571,2023/24,1599,9,1,,2023-08-01,316,0,0
735571,2024/25,950,8,1,,2024-08-01,566,3,1
735571,2025/26,997,1,1,,2025-08-01,353,1,1
739443,2024/25,169,0,0,,2024-08-01,130,0,0
739443,2025/26,3287,22,1,,2025-08-01,1495,11,1
741238,2024/25,2593,3,2,,2024-08-01,1542,2,1
741238,2025/26,1684,1,7,,2025-08-01,742,1,4
741257,2025/26,2327,1,0,,2025-08-01,982,0,0
742451,2024/25,233,0,1,,2024-08-01,217,0,1
743384,2025/26,1564,4,2,,2025-08-01,887,2,2
743413,2025/26,2649,5,3,,2025-08-01,1316,1,3
743498,2023/24,2108,3,3,,2023-08-01,571,3,1
743498,2024/25,849,1,0,,2024-08-01,162,0,0
743498,2025/26,981,0,2,,2025-08-01,540,0,1
743591,2024/25,1772,1,10,,2024-08-01,914,1,4
743591,2025/26,821,1,2,,2025-08-01,484,0,2
743597,2023/24,225,0,1,,2023-08-01,45,0,0
743600,2023/24,7,0,0,,2023-08-01,7,0,0
743600,2025/26,1255,1,0,,2025-08-01,441,0,0
744149,2024/25,1327,0,2,,2024-08-01,626,0,0
744149,2025/26,2563,1,5,,2025-08-01,1305,0,2
745181,2025/26,979,1,0,,2025-08-01,693,1,0
745191,2024/25,280,1,0,,2024-08-01,212,1,0
745461,2023/24,986,1,1,,2023-08-01,986,1,1
745851,2023/24,9,0,0,,2023-08-01,9,0,0
746695,2024/25,1406,1,1,,2024-08-01,103,0,0
746739,2023/24,942,0,0,,2023-08-01,407,0,0
746740,2024/25,105,1,0,,2024-08-01,26,0,0
747009,2024/25,496,1,1,,2024-08-01,229,1,0
747009,2025/26,789,1,0,,2025-08-01,297,1,0
747153,2023/24,1,0,0,,2023-08-01,1,0,0
748319,2024/25,771,2,3,,2024-08-01,9,0,0
748319,2025/26,685,0,1,,2025-08-01,662,0,1
763079,2025/26,1429,0,0,,2025-08-01,251,0,0
776890,2023/24,2810,14,5,,2023-08-01,1454,7,2
776890,2024/25,2240,10,5,,2024-08-01,1377,9,3
780630,2023/24,326,0,0,,2023-08-01,85,0,0
790992,2023/24,202,1,0,,2023-08-01,2,0,0
796300,2024/25,13,0,0,,2024-08-01,13,0,0
796305,2023/24,3,0,0,,2023-08-01,2,0,0
800176,2024/25,2485,0,0,,2024-08-01,982,0,0
800176,2025/26,2766,1,0,,2025-08-01,1337,0,0
801734,2025/26,1342,4,1,,2025-08-01,277,2,0
805714,2024/25,176,0,0,,2024-08-01,176,0,0
808509,2023/24,1797,2,2,,2023-08-01,661,0,0
808509,2024/25,276,0,0,,2024-08-01,15,0,0
811779,2022/23,561,3,2,,2022-08-01,154,1,0
811779,2023/24,2576,7,4,,2023-08-01,1069,3,2
811779,2024/25,2196,6,2,,2024-08-01,1013,3,1
811779,2025/26,1268,1,4,,2025-08-01,765,1,3
817612,2022/23,10,0,0,,2022-08-01,10,0,0
817612,2023/24,74,0,0,,2023-08-01,74,0,0
820374,2023/24,1940,3,1,,2023-08-01,450,0,0
820374,2024/25,1656,0,0,,2024-08-01,1030,0,0
820374,2025/26,1654,1,2,,2025-08-01,212,0,0
821522,2024/25,1,0,0,,2024-08-01,1,0,0
823231,2023/24,1220,1,2,,2023-08-01,454,0,0
823231,2024/25,2011,7,4,,2024-08-01,811,3,3
823231,2025/26,2282,7,8,,2025-08-01,1067,3,4
823486,2025/26,3264,1,1,,2025-08-01,1571,0,0
834742,2022/23,24,0,0,,2022-08-01,1,0,0
842341,2025/26,2938,0,0,,2025-08-01,1448,0,0
845289,2023/24,3,0,0,,2023-08-01,1,0,0
845321,2024/25,1,0,0,,2024-08-01,1,0,0
848509,2025/26,1837,0,1,,2025-08-01,923,0,0
848682,2024/25,121,0,0,,2024-08-01,114,0,0
852024,2023/24,385,0,0,,2023-08-01,385,0,0
854721,2024/25,22,0,0,,2024-08-01,8,0,0
854721,2025/26,6,0,0,,2025-08-01,6,0,0
855256,2023/24,1010,1,1,,2023-08-01,343,1,1
855256,2024/25,751,0,0,,2024-08-01,260,0,0
855256,2025/26,2860,3,1,,2025-08-01,1256,1,0
856479,2024/25,90,0,0,,2024-08-01,90,0,0
864121,2024/25,577,0,2,,2024-08-01,577,0,2
864799,2022/23,529,1,0,,2022-08-01,36,1,0
865993,2023/24,148,0,0,,2023-08-01,91,0,0
866246,2024/25,1205,0,1,,2024-08-01,221,0,0
866246,2025/26,967,1,3,,2025-08-01,733,1,2
866655,2024/25,1874,2,1,,2024-08-01,1078,2,0
866655,2025/26,350,0,0,,2025-08-01,275,0,0
867688,2023/24,871,3,0,,2023-08-01,531,2,0
867688,2024/25,1848,5,3,,2024-08-01,843,1,0
867688,2025/26,1751,4,4,,2025-08-01,505,1,2
867711,2024/25,1,0,0,,2024-08-01,1,0,0
874080,2023/24,8,0,0,,2023-08-01,8,0,0
874538,2024/25,3,0,0,,2024-08-01,3,0,0
876631,2025/26,1409,2,3,,2025-08-01,373,0,1
879768,2024/25,10,0,0,,2024-08-01,9,0,0
880245,2024/25,2922,2,4,,2024-08-01,1404,1,1
880245,2025/26,3026,3,4,,2025-08-01,1331,2,1
888493,2023/24,45,1,0,,2023-08-01,45,1,0
890290,2024/25,2422,3,2,,2024-08-01,790,2,0
890719,2022/23,1,0,0,,2022-08-01,1,0,0
890719,2024/25,889,4,2,,2024-08-01,108,1,0
890719,2025/26,165,0,0,,2025-08-01,165,0,0
890721,2024/25,1371,1,0,,2024-08-01,232,0,0
890721,2025/26,698,0,0,,2025-08-01,279,0,0
897481,2024/25,28,0,0,,2024-08-01,28,0,0
900195,2025/26,1038,1,2,,2025-08-01,566,0,1
900601,2023/24,11,0,0,,2023-08-01,3,0,0
904802,2025/26,1143,0,0,,2025-08-01,167,0,0
911424,2025/26,2,0,0,,2025-08-01,2,0,0
914269,2025/26,1,0,0,,2025-08-01,1,0,0
922563,2024/25,663,0,0,,2024-08-01,34,0,0
922563,2025/26,660,0,1,,2025-08-01,314,0,0
922693,2024/25,1744,0,0,,2024-08-01,507,0,0
922693,2025/26,1480,2,2,,2025-08-01,440,1,0
922764,2023/24,24,0,0,,2023-08-01,24,0,0
922769,2023/24,1208,1,3,,2023-08-01,608,1,1
922769,2024/25,304,1,0,,2024-08-01,11,0,0
922769,2025/26,1494,1,4,,2025-08-01,841,1,2
923831,2024/25,1164,0,0,,2024-08-01,241,0,0
923831,2025/26,1739,0,2,,2025-08-01,1050,0,2
926309,2025/26,40,0,0,,2025-08-01,6,0,0
926952,2025/26,1445,4,4,,2025-08-01,982,1,2
927768,2025/26,1406,0,0,,2025-08-01,322,0,0
933017,2025/26,166,0,0,,2025-08-01,45,0,0
933018,2025/26,56,0,0,,2025-08-01,46,0,0
933900,2024/25,26,0,0,,2024-08-01,26,0,0
936874,2025/26,353,0,0,,2025-08-01,143,0,0
937941,2025/26,1915,8,0,,2025-08-01,932,2,0
938158,2024/25,70,0,0,,2024-08-01,23,0,0
938158,2025/26,266,0,1,,2025-08-01,248,0,1
942497,2024/25,95,0,0,,2024-08-01,95,0,0
947411,2025/26,766,1,1,,2025-08-01,321,0,0
950091,2025/26,132,1,1,,2025-08-01,132,1,1
953135,2025/26,58,0,0,,2025-08-01,58,0,0
954104,2024/25,4,0,0,,2024-08-01,4,0,0
954105,2025/26,8,0,0,,2025-08-01,8,0,0
955357,2025/26,1683,13,0,,2025-08-01,494,5,0
967319,2025/26,40,0,0,,2025-08-01,29,0,0
967346,2025/26,756,2,0,,2025-08-01,286,1,0
973085,2023/24,1320,0,0,,2023-08-01,554,0,0
973085,2024/25,2673,3,1,,2024-08-01,1167,2,1
973085,2025/26,1662,0,0,,2025-08-01,903,0,0
978668,2025/26,1,0,0,,2025-08-01,1,0,0
983989,2023/24,1369,3,1,,2023-08-01,430,1,1
983989,2024/25,1514,5,2,,2024-08-01,1040,4,2
983989,2025/26,81,0,0,,2025-08-01,45,0,0
984096,2025/26,516,0,0,,2025-08-01,90,0,0
989112,2025/26,367,0,0,,2025-08-01,365,0,0
991800,2024/25,139,0,0,,2024-08-01,20,0,0
991800,2025/26,121,0,0,,2025-08-01,121,0,0
992686,2024/25,21,0,0,,2024-08-01,14,0,0
996897,2025/26,2139,5,1,,2025-08-01,1124,3,0
1004708,2025/26,663,1,0,,2025-08-01,396,1,0
1005649,2023/24,2793,0,2,,2023-08-01,1234,0,1
1005649,2024/25,3191,2,0,,2024-08-01,1598,1,0
1005649,2025/26,2133,1,0,,2025-08-01,1101,1,0
1006411,2025/26,1334,0,0,,2025-08-01,113,0,0
1009658,2025/26,34,0,0,,2025-08-01,34,0,0
1011131,2024/25,127,0,0,,2024-08-01,73,0,0
1011131,2025/26,1304,1,2,,2025-08-01,874,0,1
1011140,2025/26,107,0,0,,2025-08-01,107,0,0
1011147,2024/25,361,0,1,,2024-08-01,83,0,0
1012534,2024/25,1844,6,4,,2024-08-01,590,2,1
1012534,2025/26,2401,3,4,,2025-08-01,1551,1,4
1023191,2025/26,25,0,0,,2025-08-01,8,0,0
1031293,2023/24,7,0,0,,2023-08-01,7,0,0
1045123,2025/26,21,0,0,,2025-08-01,2,0,0
1047256,2024/25,4,0,0,,2024-08-01,4,0,0
1047261,2024/25,11,0,0,,2024-08-01,11,0,0
1047280,2025/26,25,0,0,,2025-08-01,15,0,0
1056993,2025/26,846,2,2,,2025-08-01,560,1,1
1060087,2025/26,353,2,1,,2025-08-01,97,1,0
1063329,2025/26,83,0,0,,2025-08-01,29,0,0
1064471,2025/26,230,0,1,,2025-08-01,230,0,1
1069512,2025/26,49,0,0,,2025-08-01,23,0,0
1078163,2025/26,923,0,1,,2025-08-01,487,0,1
1081995,2025/26,66,0,0,,2025-08-01,15,0,0
1082850,2023/24,11,0,0,,2023-08-01,9,0,0
1085591,2025/26,15,0,0,,2025-08-01,15,0,0
1107726,2025/26,113,0,0,,2025-08-01,40,0,0
1107733,2024/25,47,0,0,,2024-08-01,2,0,0
1107733,2025/26,528,0,0,,2025-08-01,1,0,0
1108466,2025/26,551,2,1,,2025-08-01,42,1,0
1111589,2025/26,2711,0,5,,2025-08-01,1388,0,3
1124005,2025/26,159,0,1,,2025-08-01,83,0,1
1141628,2024/25,37,0,0,,2024-08-01,19,0,0
1187629,2025/26,153,1,1,,2025-08-01,27,0,1
1202361,2025/26,16,0,0,,2025-08-01,16,0,0
1230661,2025/26,1790,3,2,,2025-08-01,271,0,1
1348941,2025/26,7,0,0,,2025-08-01,4,0,0
