player_id,season,player_name,position,foot,date_of_birth,valuation,contract_expiry,goals,assists,g/a,age,minutes,start_val,end_val,minutes_played_by_jan,goals_by_jan,assists_by_jan,season_start,january_value
8198,2021/22,Cristiano Ronaldo,Attack,right,1985-02-05,30000000,2159,18,3,21,36,2459,35000000,30000000,1208,8,3,2021-08-01,35000000
8198,2022/23,Cristiano Ronaldo,Attack,right,1985-02-05,15000000,1794,1,0,1,37,520,20000000,15000000,520,1,0,2022-08-01,20000000
13520,2019/20,Phil Jagielka,Defender,right,1982-08-17,800000,1429,0,0,0,36,240,1000000,800000,128,0,0,2019-08-01,1000000
13520,2020/21,Phil Jagielka,Defender,right,1982-08-17,250000,1063,0,0,0,37,527,350000,250000,141,0,0,2020-08-01,350000
13572,2019/20,Ben Foster,Goalkeeper,left,1983-04-03,1200000,1429,0,0,0,36,3420,1500000,1200000,1800,0,0,2019-08-01,1500000
13572,2021/22,Ben Foster,Goalkeeper,left,1983-04-03,300000,698,0,1,1,38,2340,300000,300000,720,0,1,2021-08-01,300000
14086,2019/20,Ashley Young,Defender,both,1985-07-09,3200000,2525,0,0,0,34,953,4000000,3200000,953,0,0,2019-08-01,4000000
14086,2021/22,Ashley Young,Defender,both,1985-07-09,1000000,1794,0,2,2,36,1238,1000000,1000000,732,0,2,2021-08-01,1000000
14086,2022/23,Ashley Young,Defender,both,1985-07-09,600000,1429,1,0,1,37,2038,1000000,600000,816,1,0,2022-08-01,1000000
14086,2023/24,Ashley Young,Defender,both,1985-07-09,500000,1064,0,0,0,38,2290,600000,500000,1216,0,0,2023-08-01,600000
14086,2024/25,Ashley Young,Defender,both,1985-07-09,500000,698,1,3,4,39,1870,500000,500000,1271,1,3,2024-08-01,500000
15773,2019/20,Phil Bardsley,Defender,right,1985-06-28,800000,1429,0,1,1,34,1890,1000000,800000,720,0,0,2019-08-01,1000000
15773,2020/21,Phil Bardsley,Defender,right,1985-06-28,300000,1063,0,0,0,35,273,800000,300000,270,0,0,2020-08-01,800000
17965,2019/20,Hugo Lloris,Goalkeeper,left,1986-12-26,14500000,2709,0,0,0,32,1808,18000000,14500000,548,0,0,2019-08-01,18000000
17965,2020/21,Hugo Lloris,Goalkeeper,left,1986-12-26,9000000,2343,0,0,0,33,3420,12000000,9000000,1350,0,0,2020-08-01,12000000
17965,2021/22,Hugo Lloris,Goalkeeper,left,1986-12-26,7000000,1978,0,0,0,34,3420,7000000,7000000,1530,0,0,2021-08-01,7000000
17965,2022/23,Hugo Lloris,Goalkeeper,left,1986-12-26,3000000,1613,0,0,0,35,2205,7000000,3000000,1350,0,0,2022-08-01,7000000
26267,2019/20,Fernandinho,Midfield,right,1985-05-04,8000000,1979,0,1,1,34,2399,10000000,8000000,1395,0,0,2019-08-01,10000000
26267,2020/21,Fernandinho,Midfield,right,1985-05-04,2000000,1613,0,2,2,35,1184,4000000,2000000,323,0,0,2020-08-01,4000000
26267,2021/22,Fernandinho,Midfield,right,1985-05-04,1500000,1248,2,1,3,36,958,2000000,1500000,514,1,1,2021-08-01,2000000
29241,2020/21,Thiago Silva,Defender,right,1984-09-22,3000000,2343,2,0,2,35,1938,4500000,3000000,973,2,0,2020-08-01,4500000
29241,2021/22,Thiago Silva,Defender,right,1984-09-22,2500000,1978,3,1,4,36,2651,2500000,2500000,1283,2,1,2021-08-01,2500000
29241,2022/23,Thiago Silva,Defender,right,1984-09-22,2000000,1613,0,2,2,37,2352,2500000,2000000,1163,0,2,2022-08-01,2500000
29241,2023/24,Thiago Silva,Defender,right,1984-09-22,1000000,1248,3,1,4,38,2528,2000000,1000000,1652,1,0,2023-08-01,2000000
29364,2019/20,João Moutinho,Midfield,right,1986-09-08,8000000,2890,1,6,7,32,3108,10000000,8000000,1710,1,5,2019-08-01,10000000
29364,2020/21,João Moutinho,Midfield,right,1986-09-08,4000000,2524,1,1,2,33,2534,5000000,4000000,982,0,0,2020-08-01,5000000
29364,2021/22,João Moutinho,Midfield,right,1986-09-08,2500000,2159,2,1,3,34,2976,2500000,2500000,1483,0,0,2021-08-01,2500000
29364,2022/23,João Moutinho,Midfield,right,1986-09-08,1500000,1794,0,2,2,35,1783,2000000,1500000,1150,0,1,2022-08-01,2000000
33873,2021/22,Asmir Begovic,Goalkeeper,right,1987-06-20,1000000,1794,0,0,0,34,270,1000000,1000000,90,0,0,2021-08-01,1000000
33873,2022/23,Asmir Begovic,Goalkeeper,right,1987-06-20,800000,1429,0,0,0,35,90,1000000,800000,90,0,0,2022-08-01,1000000
34130,2019/20,Tom Heaton,Goalkeeper,right,1986-04-15,4800000,2890,0,0,0,33,1795,6000000,4800000,1710,0,0,2019-08-01,6000000
35416,2019/20,David McGoldrick,Attack,right,1987-11-29,2000000,1429,2,2,4,31,1824,2000000,2000000,1200,0,2,2019-08-01,2000000
35416,2020/21,David McGoldrick,Attack,right,1987-11-29,1500000,1063,8,1,9,32,2402,2000000,1500000,836,4,1,2020-08-01,2000000
35518,2019/20,David Silva,Midfield,left,1986-01-08,12000000,1795,6,10,16,33,1833,15000000,12000000,1018,3,6,2019-08-01,15000000
36859,2019/20,Leon Clarke,Attack,right,1985-02-10,300000,1399,0,0,0,34,33,300000,300000,13,0,0,2019-08-01,300000
37304,2019/20,Shane Long,Attack,both,1987-01-22,2800000,1429,2,3,5,32,1399,5000000,2800000,495,0,2,2019-08-01,3500000
37304,2020/21,Shane Long,Attack,both,1987-01-22,1200000,1063,0,0,0,33,201,2800000,1200000,183,0,0,2020-08-01,2800000
37304,2021/22,Shane Long,Attack,both,1987-01-22,800000,698,1,0,1,34,303,800000,800000,107,0,0,2021-08-01,800000
37920,2020/21,Kamil Grosicki,Attack,right,1988-06-08,1000000,2524,0,1,1,32,149,2400000,1000000,10,0,0,2020-08-01,1500000
38094,2020/21,Lee Peltier,Defender,right,1986-12-11,400000,1063,0,0,0,33,228,800000,400000,93,0,0,2020-08-01,800000
38145,2019/20,Adrian Mariappa,Defender,right,1986-10-03,1600000,1429,0,0,0,32,1510,2000000,1600000,777,0,0,2019-08-01,2000000
39015,2019/20,Ralf Fährmann,Goalkeeper,right,1988-09-27,1600000,2160,0,0,0,30,22,4000000,1600000,22,0,0,2019-08-01,3000000
39372,2019/20,Mario Vrancic,Midfield,left,1989-05-23,2000000,1429,1,0,1,30,628,2500000,2000000,200,1,0,2019-08-01,2500000
42460,2022/23,Ivan Perišić,Attack,both,1989-02-02,7000000,1794,1,8,9,33,2111,10000000,7000000,922,0,4,2022-08-01,10000000
42460,2023/24,Ivan Perišić,Attack,both,1989-02-02,2000000,1429,0,1,1,34,98,4000000,2000000,98,0,1,2023-08-01,4000000
43763,2019/20,Erik Pieters,Defender,left,1988-08-07,4000000,1429,0,4,4,30,1878,5000000,4000000,1234,0,3,2019-08-01,5000000
43763,2020/21,Erik Pieters,Defender,left,1988-08-07,1500000,1063,0,2,2,31,1263,3000000,1500000,355,0,0,2020-08-01,3000000
43763,2021/22,Erik Pieters,Defender,left,1988-08-07,900000,698,0,1,1,32,727,1000000,900000,109,0,0,2021-08-01,1000000
44068,2019/20,Juan Mata,Midfield,left,1988-04-28,9500000,2525,0,2,2,31,752,15000000,9500000,422,0,0,2019-08-01,15000000
44068,2020/21,Juan Mata,Midfield,left,1988-04-28,4000000,2159,1,2,3,32,511,7500000,4000000,337,0,2,2020-08-01,7500000
44983,2019/20,Dan Gosling,Midfield,right,1990-02-01,2000000,1429,3,1,4,29,1260,2500000,2000000,396,2,0,2019-08-01,2500000
44983,2021/22,Dan Gosling,Midfield,right,1990-02-01,1000000,698,1,0,1,31,164,1000000,1000000,21,0,0,2021-08-01,1000000
45333,2019/20,James McCarthy,Midfield,right,1990-11-12,4000000,2130,0,0,0,28,1672,3500000,4000000,440,0,0,2019-08-01,3500000
45333,2020/21,James McCarthy,Midfield,right,1990-11-12,3000000,1764,0,0,0,29,823,4500000,3000000,332,0,0,2020-08-01,4500000
45760,2019/20,Marco Stiepermann,Midfield,left,1991-02-09,3200000,1429,0,0,0,28,1189,4000000,3200000,924,0,0,2019-08-01,4000000
46001,2019/20,Moussa Sissoko,Midfield,right,1989-08-16,20000000,2890,2,1,3,29,2456,25000000,20000000,1600,2,1,2019-08-01,25000000
46001,2020/21,Moussa Sissoko,Midfield,right,1989-08-16,10000000,2524,0,0,0,30,1577,18000000,10000000,1043,0,0,2020-08-01,18000000
46001,2021/22,Moussa Sissoko,Midfield,right,1989-08-16,4500000,2159,2,1,3,31,3221,8000000,4500000,1331,0,1,2021-08-01,8000000
46220,2020/21,Pablo Hernández,Midfield,right,1985-04-11,800000,1429,0,2,2,35,417,1200000,800000,214,0,2,2020-08-01,1200000
46741,2019/20,David Luiz,Defender,right,1987-04-22,8000000,2860,2,1,3,32,2811,15000000,8000000,1530,2,0,2019-08-01,15000000
46741,2020/21,David Luiz,Defender,right,1987-04-22,4000000,2494,1,0,1,33,1396,6000000,4000000,480,0,0,2020-08-01,6000000
46972,2019/20,Teemu Pukki,Attack,right,1990-03-29,8000000,2709,11,3,14,29,2893,9000000,8000000,1787,9,3,2019-08-01,10000000
46972,2021/22,Teemu Pukki,Attack,right,1990-03-29,4000000,1978,11,3,14,31,3261,5000000,4000000,1555,5,0,2021-08-01,5000000
48002,2019/20,Angelo Ogbonna,Defender,left,1988-05-23,6500000,2160,2,0,2,31,2787,8000000,6500000,1260,2,0,2019-08-01,8000000
48002,2020/21,Angelo Ogbonna,Defender,left,1988-05-23,2500000,1794,3,0,3,32,2493,5000000,2500000,1413,2,0,2020-08-01,5000000
48002,2021/22,Angelo Ogbonna,Defender,left,1988-05-23,1200000,1429,1,0,1,33,922,2000000,1200000,922,1,0,2021-08-01,2000000
48002,2022/23,Angelo Ogbonna,Defender,left,1988-05-23,900000,1064,0,0,0,34,1236,1000000,900000,115,0,0,2022-08-01,1000000
48002,2023/24,Angelo Ogbonna,Defender,left,1988-05-23,700000,699,0,0,0,35,634,700000,700000,228,0,0,2023-08-01,700000
48066,2019/20,Andy Carroll,Attack,left,1989-01-06,3200000,1795,0,4,4,30,618,6000000,3200000,497,0,3,2019-08-01,4000000
48066,2020/21,Andy Carroll,Attack,left,1989-01-06,1500000,1429,1,0,1,31,383,3200000,1500000,198,0,0,2020-08-01,3200000
48280,2020/21,Edinson Cavani,Attack,right,1987-02-14,6000000,2343,10,3,13,33,1368,12000000,6000000,296,3,2,2020-08-01,12000000
48280,2021/22,Edinson Cavani,Attack,right,1987-02-14,4000000,1978,2,1,3,34,765,4000000,4000000,349,2,0,2021-08-01,4000000
49542,2019/20,Billy Sharp,Attack,right,1986-02-05,1600000,1429,3,2,5,33,1047,2000000,1600000,260,1,0,2019-08-01,2000000
49542,2020/21,Billy Sharp,Attack,right,1986-02-05,500000,1063,3,0,3,34,728,1000000,500000,189,1,0,2020-08-01,1000000
50201,2019/20,Christian Benteke,Attack,right,1990-12-03,10500000,2890,2,1,3,28,1258,13000000,10500000,487,0,0,2019-08-01,13000000
50201,2020/21,Christian Benteke,Attack,right,1990-12-03,9000000,2524,10,1,11,29,1817,9000000,9000000,488,3,0,2020-08-01,9000000
50201,2021/22,Christian Benteke,Attack,right,1990-12-03,6000000,2159,4,1,5,30,1137,7000000,6000000,999,4,1,2021-08-01,7000000
51152,2020/21,Aleksandar Mitrović,Attack,right,1994-09-16,16000000,2890,3,3,6,25,1390,22000000,16000000,789,2,2,2020-08-01,22000000
51152,2022/23,Aleksandar Mitrović,Attack,right,1994-09-16,28000000,2160,14,2,16,27,2016,25000000,28000000,1197,10,2,2022-08-01,28000000
51152,2023/24,Aleksandar Mitrović,Attack,right,1994-09-16,28000000,1795,0,0,0,28,32,28000000,28000000,32,0,0,2023-08-01,28000000
51226,2019/20,Carlos Sánchez,Midfield,left,1986-02-06,1200000,1613,0,0,0,33,113,1500000,1200000,113,0,0,2019-08-01,1500000
51471,2019/20,Mateo Kovacic,Midfield,right,1994-05-06,40000000,2890,1,3,4,25,2074,45000000,40000000,1315,1,3,2019-08-01,45000000
51471,2020/21,Mateo Kovacic,Midfield,right,1994-05-06,45000000,2524,0,1,1,26,1818,45000000,45000000,575,0,1,2020-08-01,45000000
51471,2021/22,Mateo Kovacic,Midfield,right,1994-05-06,42000000,2159,2,5,7,27,1556,45000000,42000000,847,1,5,2021-08-01,45000000
51471,2022/23,Mateo Kovacic,Midfield,right,1994-05-06,38000000,1794,1,2,3,28,1705,40000000,38000000,632,0,1,2022-08-01,40000000
51471,2023/24,Mateo Kovacic,Midfield,right,1994-05-06,30000000,1429,1,0,1,29,1548,38000000,30000000,765,0,0,2023-08-01,38000000
51471,2024/25,Mateo Kovacic,Midfield,right,1994-05-06,20000000,1063,6,2,8,30,2203,28000000,20000000,1161,3,0,2024-08-01,28000000
51471,2025/26,Mateo Kovacic,Midfield,right,1994-05-06,10000000,698,0,1,1,31,126,15000000,10000000,4,0,0,2025-08-01,15000000
52570,2021/22,Fraser Forster,Goalkeeper,right,1988-03-17,2000000,2159,0,0,0,33,1710,2500000,2000000,180,0,0,2021-08-01,2500000
52570,2022/23,Fraser Forster,Goalkeeper,right,1988-03-17,1500000,1794,0,0,0,34,1215,1500000,1500000,90,0,0,2022-08-01,1500000
52570,2024/25,Fraser Forster,Goalkeeper,right,1988-03-17,1000000,1063,0,0,0,36,630,1200000,1000000,630,0,0,2024-08-01,1200000
52769,2019/20,Willian,Attack,right,1988-08-09,22500000,2709,9,7,16,30,2604,35000000,22500000,1364,4,4,2019-08-01,32000000
52769,2020/21,Willian,Attack,right,1988-08-09,9000000,2343,1,5,6,31,1407,19000000,9000000,890,0,3,2020-08-01,15000000
52769,2022/23,Willian,Attack,right,1988-08-09,3000000,1613,5,6,11,33,2144,4000000,3000000,738,1,2,2022-08-01,3000000
52769,2023/24,Willian,Attack,right,1988-08-09,3000000,1248,4,2,6,34,2056,3000000,3000000,1084,4,1,2023-08-01,3000000
53360,2019/20,Jay Rodríguez,Attack,right,1989-07-29,6000000,2160,8,2,10,30,2009,6000000,6000000,726,3,0,2019-08-01,6000000
53360,2020/21,Jay Rodríguez,Attack,right,1989-07-29,4000000,1794,1,2,3,31,1256,6000000,4000000,557,0,0,2020-08-01,6000000
53360,2021/22,Jay Rodríguez,Attack,right,1989-07-29,2000000,1429,2,2,4,32,1371,3000000,2000000,349,0,1,2021-08-01,3000000
53360,2023/24,Jay Rodríguez,Attack,right,1989-07-29,1000000,699,2,1,3,34,813,1000000,1000000,698,2,1,2023-08-01,1000000
53622,2019/20,İlkay Gündoğan,Midfield,right,1990-10-24,40000000,2890,2,1,3,28,2017,50000000,40000000,1109,2,0,2019-08-01,50000000
53622,2020/21,İlkay Gündoğan,Midfield,right,1990-10-24,40000000,2524,13,3,16,29,2031,40000000,40000000,660,2,0,2020-08-01,40000000
53622,2021/22,İlkay Gündoğan,Midfield,right,1990-10-24,25000000,2159,8,3,11,30,1855,35000000,25000000,1032,4,2,2021-08-01,35000000
53622,2022/23,İlkay Gündoğan,Midfield,right,1990-10-24,20000000,1794,8,5,13,31,2359,25000000,20000000,987,2,2,2022-08-01,25000000
53622,2024/25,İlkay Gündoğan,Midfield,right,1990-10-24,5000000,1063,1,7,8,33,2229,12000000,5000000,1122,0,1,2024-08-01,10000000
54781,2019/20,Nicolás Otamendi,Defender,right,1988-02-12,14500000,3074,2,0,2,31,1711,18000000,14500000,995,2,0,2019-08-01,18000000
55735,2019/20,Henrikh Mkhitaryan,Midfield,both,1989-01-21,20000000,2890,0,0,0,30,111,25000000,20000000,111,0,0,2019-08-01,25000000
58864,2019/20,Pierre-Emerick Aubameyang,Attack,right,1989-06-18,56000000,2890,22,3,25,30,3139,70000000,56000000,1788,13,1,2019-08-01,70000000
58864,2020/21,Pierre-Emerick Aubameyang,Attack,right,1989-06-18,25000000,2524,10,3,13,31,2337,50000000,25000000,1258,3,1,2020-08-01,40000000
58864,2021/22,Pierre-Emerick Aubameyang,Attack,right,1989-06-18,15000000,2159,4,1,5,32,1040,15000000,15000000,1040,4,1,2021-08-01,15000000
58864,2022/23,Pierre-Emerick Aubameyang,Attack,right,1989-06-18,4000000,1794,1,0,1,33,551,12000000,4000000,315,1,0,2022-08-01,12000000
59377,2019/20,David de Gea,Goalkeeper,right,1990-11-07,40000000,3256,0,0,0,28,3420,60000000,40000000,1800,0,0,2019-08-01,60000000
59377,2020/21,David de Gea,Goalkeeper,right,1990-11-07,18000000,2890,0,1,1,29,2295,35000000,18000000,1125,0,0,2020-08-01,25000000
59377,2021/22,David de Gea,Goalkeeper,right,1990-11-07,15000000,2525,0,0,0,30,3420,18000000,15000000,1620,0,0,2021-08-01,18000000
59377,2022/23,David de Gea,Goalkeeper,right,1990-11-07,13000000,2160,0,0,0,31,3420,15000000,13000000,1440,0,0,2022-08-01,15000000
59606,2019/20,Craig Cathcart,Defender,right,1989-02-06,4000000,1429,0,0,0,30,2490,5000000,4000000,1545,0,0,2019-08-01,5000000
59606,2021/22,Craig Cathcart,Defender,right,1989-02-06,1200000,698,0,1,1,32,2396,1500000,1200000,1286,0,1,2021-08-01,1500000
60577,2021/22,Nicolas N'Koulou,Defender,right,1990-03-27,2500000,1794,0,0,0,31,168,4000000,2500000,168,0,0,2021-08-01,4000000
61560,2019/20,Marc Albrighton,Midfield,right,1989-11-18,8000000,1795,0,3,3,29,864,10000000,8000000,353,0,1,2019-08-01,10000000
61560,2020/21,Marc Albrighton,Midfield,right,1989-11-18,4000000,1429,1,5,6,30,1742,5000000,4000000,611,0,0,2020-08-01,5000000
61560,2021/22,Marc Albrighton,Midfield,right,1989-11-18,2500000,1064,1,2,3,31,1127,2500000,2500000,426,1,0,2021-08-01,2500000
61560,2022/23,Marc Albrighton,Midfield,right,1989-11-18,1000000,699,1,0,1,32,233,2000000,1000000,28,0,0,2022-08-01,2000000
61651,2019/20,Jordan Henderson,Midfield,right,1990-06-17,28000000,2890,4,5,9,29,2244,35000000,28000000,1263,1,2,2019-08-01,35000000
61651,2020/21,Jordan Henderson,Midfield,right,1990-06-17,20000000,2524,1,1,2,30,1707,28000000,20000000,1047,1,1,2020-08-01,28000000
61651,2021/22,Jordan Henderson,Midfield,right,1990-06-17,15000000,2159,2,5,7,31,2603,18000000,15000000,1301,2,3,2021-08-01,18000000
61651,2022/23,Jordan Henderson,Midfield,right,1990-06-17,10000000,1794,0,2,2,32,2072,15000000,10000000,814,0,0,2022-08-01,15000000
61651,2025/26,Jordan Henderson,Midfield,right,1990-06-17,1200000,698,1,3,4,35,1921,2000000,1200000,1226,1,3,2025-08-01,2000000
61653,2019/20,Conor Hourihane,Midfield,left,1991-02-02,6000000,1795,3,5,8,28,1539,7500000,6000000,763,3,2,2019-08-01,7500000
61653,2020/21,Conor Hourihane,Midfield,left,1991-02-02,3500000,1429,1,1,2,29,228,6000000,3500000,228,1,1,2020-08-01,6000000
61697,2023/24,Wes Foderingham,Goalkeeper,left,1991-01-14,900000,1399,0,0,0,32,2648,900000,900000,1800,0,0,2023-08-01,900000
61832,2020/21,Jake Livermore,Midfield,right,1989-11-14,2500000,1063,0,0,0,30,1246,5500000,2500000,774,0,0,2020-08-01,5500000
61841,2019/20,Adam Smith,Defender,right,1991-04-29,7000000,2890,0,1,1,28,2061,9000000,7000000,841,0,1,2019-08-01,9000000
61841,2022/23,Adam Smith,Defender,right,1991-04-29,1200000,1794,0,1,1,31,2948,1500000,1200000,1485,0,1,2022-08-01,1500000
61841,2023/24,Adam Smith,Defender,right,1991-04-29,1000000,1429,0,2,2,32,2157,1000000,1000000,742,0,2,2023-08-01,1000000
61841,2024/25,Adam Smith,Defender,right,1991-04-29,750000,1063,0,0,0,33,1595,1000000,750000,1038,0,0,2024-08-01,1000000
61841,2025/26,Adam Smith,Defender,right,1991-04-29,300000,698,0,2,2,34,1080,500000,300000,526,0,1,2025-08-01,500000
61842,2019/20,Andros Townsend,Attack,left,1991-07-16,9500000,2525,1,1,2,28,1289,15000000,9500000,782,1,1,2019-08-01,15000000
61842,2020/21,Andros Townsend,Attack,left,1991-07-16,7000000,2159,1,5,6,29,2259,9500000,7000000,1024,1,3,2020-08-01,9500000
61842,2021/22,Andros Townsend,Attack,left,1991-07-16,5000000,1794,3,2,5,30,1458,7000000,5000000,1270,3,2,2021-08-01,7000000
61842,2023/24,Andros Townsend,Attack,left,1991-07-16,1800000,1064,1,3,4,32,1209,1800000,1800000,624,1,2,2023-08-01,1800000
62688,2019/20,Scott Dann,Defender,right,1987-02-14,2800000,1429,0,1,1,32,1263,3500000,2800000,334,0,1,2019-08-01,3500000
62688,2020/21,Scott Dann,Defender,right,1987-02-14,1500000,1063,1,0,1,33,1350,2800000,1500000,720,1,0,2020-08-01,2800000
65477,2019/20,Troy Deeney,Attack,right,1988-06-29,6500000,1429,10,2,12,31,2234,8000000,6500000,726,3,0,2019-08-01,8000000
66100,2019/20,Oriol Romeu,Midfield,right,1991-09-24,8000000,2525,0,0,0,27,1860,10000000,8000000,1127,0,0,2019-08-01,10000000
66100,2020/21,Oriol Romeu,Midfield,right,1991-09-24,6000000,2159,1,1,2,28,1767,8000000,6000000,1308,1,1,2020-08-01,8000000
66100,2021/22,Oriol Romeu,Midfield,right,1991-09-24,5000000,1794,2,2,4,29,2899,5000000,5000000,1464,0,0,2021-08-01,5000000
66100,2022/23,Oriol Romeu,Midfield,right,1991-09-24,5000000,1429,0,0,0,30,75,5000000,5000000,75,0,0,2022-08-01,5000000
67063,2019/20,Danny Welbeck,Attack,right,1990-11-26,5500000,2890,2,1,3,28,817,9000000,5500000,211,0,0,2019-08-01,9000000
67063,2021/22,Danny Welbeck,Attack,right,1990-11-26,4000000,2159,6,3,9,30,1476,3000000,4000000,296,2,0,2021-08-01,3000000
67063,2022/23,Danny Welbeck,Attack,right,1990-11-26,7000000,1794,6,4,10,31,1856,6000000,7000000,998,0,3,2022-08-01,8000000
67063,2023/24,Danny Welbeck,Attack,right,1990-11-26,5000000,1429,5,1,6,32,1703,6000000,5000000,538,2,0,2023-08-01,6000000
67063,2024/25,Danny Welbeck,Attack,right,1990-11-26,5000000,1063,10,4,14,33,2121,5000000,5000000,1118,6,2,2024-08-01,5000000
67063,2025/26,Danny Welbeck,Attack,right,1990-11-26,3000000,698,13,1,14,34,2266,4000000,3000000,1088,8,0,2025-08-01,4000000
67252,2019/20,Ryan Bennett,Defender,right,1990-03-06,4000000,1429,0,0,0,29,935,5000000,4000000,551,0,0,2019-08-01,5000000
67420,2020/21,Luke Ayling,Defender,right,1991-08-25,5000000,1429,0,0,0,28,3400,3500000,5000000,1420,0,0,2020-08-01,3500000
67420,2021/22,Luke Ayling,Defender,right,1991-08-25,4000000,1064,2,2,4,29,2275,4000000,4000000,809,1,1,2021-08-01,4000000
67420,2022/23,Luke Ayling,Defender,right,1991-08-25,1800000,699,2,1,3,30,2049,3000000,1800000,249,0,1,2022-08-01,2000000
67421,2020/21,Kyle Bartley,Defender,right,1991-05-22,2500000,1063,3,1,4,29,2584,2800000,2500000,720,1,0,2020-08-01,2800000
69015,2019/20,Andriy Yarmolenko,Attack,left,1989-10-23,9500000,2890,5,1,6,29,988,15000000,9500000,828,3,1,2019-08-01,15000000
69015,2020/21,Andriy Yarmolenko,Attack,left,1989-10-23,4000000,2524,0,1,1,30,363,7500000,4000000,224,0,0,2020-08-01,7500000
69015,2021/22,Andriy Yarmolenko,Attack,left,1989-10-23,2500000,2159,1,0,1,31,304,3500000,2500000,64,0,0,2021-08-01,3500000
69633,2019/20,Christian Eriksen,Midfield,right,1992-02-14,68000000,2890,2,2,4,27,1092,90000000,68000000,888,2,2,2019-08-01,90000000
69633,2022/23,Christian Eriksen,Midfield,right,1992-02-14,22000000,1794,1,8,9,30,2063,22000000,22000000,1186,1,5,2022-08-01,25000000
69633,2023/24,Christian Eriksen,Midfield,right,1992-02-14,8000000,1429,1,2,3,31,1140,18000000,8000000,791,1,1,2023-08-01,13000000
69633,2024/25,Christian Eriksen,Midfield,right,1992-02-14,4000000,1063,1,2,3,32,1056,6000000,4000000,624,0,0,2024-08-01,6000000
72476,2019/20,Bernd Leno,Goalkeeper,right,1992-03-04,32000000,2890,0,0,0,27,2650,35000000,32000000,1800,0,0,2019-08-01,35000000
72476,2020/21,Bernd Leno,Goalkeeper,right,1992-03-04,22000000,2524,0,0,0,28,3132,32000000,22000000,1440,0,0,2020-08-01,32000000
72476,2021/22,Bernd Leno,Goalkeeper,right,1992-03-04,9000000,2159,0,0,0,29,360,18000000,9000000,270,0,0,2021-08-01,16000000
72476,2022/23,Bernd Leno,Goalkeeper,right,1992-03-04,12000000,1794,0,0,0,30,3240,10000000,12000000,1350,0,0,2022-08-01,10000000
72476,2023/24,Bernd Leno,Goalkeeper,right,1992-03-04,13000000,1429,0,0,0,31,3420,13000000,13000000,1800,0,0,2023-08-01,13000000
72476,2024/25,Bernd Leno,Goalkeeper,right,1992-03-04,10000000,1063,0,1,1,32,3420,11000000,10000000,1710,0,1,2024-08-01,11000000
72476,2025/26,Bernd Leno,Goalkeeper,right,1992-03-04,6000000,698,0,0,0,33,3420,8000000,6000000,1620,0,0,2025-08-01,8000000
73484,2019/20,Tom Cleverley,Midfield,right,1989-08-12,4800000,1429,1,0,1,29,966,6000000,4800000,647,1,0,2019-08-01,6000000
73484,2021/22,Tom Cleverley,Midfield,right,1989-08-12,1800000,698,0,2,2,31,1623,2000000,1800000,728,0,2,2021-08-01,2000000
73547,2019/20,Oliver Norwood,Midfield,right,1991-04-12,9000000,2890,1,1,2,28,3100,5000000,9000000,1674,1,0,2019-08-01,5000000
73547,2020/21,Oliver Norwood,Midfield,right,1991-04-12,5000000,2524,0,0,0,29,2223,9000000,5000000,475,0,0,2020-08-01,7000000
73547,2023/24,Oliver Norwood,Midfield,right,1991-04-12,1000000,1429,1,0,1,32,1433,1500000,1000000,1273,1,0,2023-08-01,1500000
73564,2021/22,Jason Steele,Goalkeeper,right,1990-08-18,600000,2159,0,0,0,30,90,800000,600000,90,0,0,2021-08-01,800000
73564,2023/24,Jason Steele,Goalkeeper,right,1990-08-18,3500000,1429,0,0,0,32,1530,3500000,3500000,900,0,0,2023-08-01,3500000
73564,2024/25,Jason Steele,Goalkeeper,right,1990-08-18,1500000,1063,0,0,0,33,180,3000000,1500000,180,0,0,2024-08-01,3000000
74230,2023/24,Pablo Sarabia,Midfield,left,1992-05-11,10000000,1429,4,7,11,31,1751,12000000,10000000,677,1,5,2023-08-01,12000000
74230,2024/25,Pablo Sarabia,Midfield,left,1992-05-11,5000000,1063,3,2,5,32,805,8000000,5000000,180,1,0,2024-08-01,7000000
74683,2019/20,Nemanja Matić,Midfield,left,1988-08-01,16000000,2890,0,2,2,31,1583,25000000,16000000,250,0,0,2019-08-01,20000000
74683,2020/21,Nemanja Matić,Midfield,left,1988-08-01,8000000,2524,0,1,1,32,1101,16000000,8000000,524,0,0,2020-08-01,12000000
74683,2021/22,Nemanja Matić,Midfield,left,1988-08-01,5000000,2159,0,4,4,33,1383,6000000,5000000,575,0,2,2021-08-01,6000000
74810,2019/20,Ben Mee,Defender,left,1989-09-21,8000000,2525,1,1,2,29,2880,10000000,8000000,1800,0,0,2019-08-01,10000000
74810,2020/21,Ben Mee,Defender,left,1989-09-21,6000000,2159,2,0,2,30,2694,8000000,6000000,810,1,0,2020-08-01,8000000
74810,2021/22,Ben Mee,Defender,left,1989-09-21,2500000,1794,3,0,3,31,1840,4000000,2500000,1080,2,0,2021-08-01,4000000
74810,2022/23,Ben Mee,Defender,left,1989-09-21,2000000,1429,3,2,5,32,3272,1800000,2000000,1390,2,1,2022-08-01,1800000
74810,2023/24,Ben Mee,Defender,left,1989-09-21,1000000,1064,2,0,2,33,1276,1000000,1000000,675,1,0,2023-08-01,1000000
74943,2021/22,Juraj Kucka,Midfield,right,1987-02-26,1800000,1064,1,1,2,34,1923,2000000,1800000,1094,1,0,2021-08-01,2000000
74960,2019/20,Martin Dúbravka,Goalkeeper,right,1989-01-15,7500000,2890,0,0,0,30,3420,7000000,7500000,1800,0,0,2019-08-01,7000000
74960,2021/22,Martin Dúbravka,Goalkeeper,right,1989-01-15,4000000,2159,0,0,0,32,2340,5000000,4000000,630,0,0,2021-08-01,5000000
74960,2023/24,Martin Dúbravka,Goalkeeper,right,1989-01-15,1000000,1429,0,0,0,34,1984,1000000,1000000,454,0,0,2023-08-01,1000000
74960,2024/25,Martin Dúbravka,Goalkeeper,right,1989-01-15,1000000,1063,0,0,0,35,900,1000000,1000000,360,0,0,2024-08-01,1000000
74960,2025/26,Martin Dúbravka,Goalkeeper,right,1989-01-15,500000,698,0,0,0,36,3150,750000,500000,1710,0,0,2025-08-01,750000
75067,2020/21,Liam Cooper,Defender,left,1991-08-30,7000000,1429,1,0,1,28,2187,7000000,7000000,972,1,0,2020-08-01,7000000
75067,2021/22,Liam Cooper,Defender,left,1991-08-30,7000000,1064,0,1,1,29,1815,7000000,7000000,1275,0,1,2021-08-01,7000000
75067,2022/23,Liam Cooper,Defender,left,1991-08-30,3000000,699,1,0,1,30,1427,5000000,3000000,837,1,0,2022-08-01,5000000
75458,2020/21,Robin Olsen,Goalkeeper,right,1990-01-08,3000000,3439,0,0,0,30,630,5000000,3000000,180,0,0,2020-08-01,5000000
75458,2022/23,Robin Olsen,Goalkeeper,right,1990-01-08,1500000,2709,0,0,0,32,280,2000000,1500000,145,0,0,2022-08-01,2000000
75458,2023/24,Robin Olsen,Goalkeeper,right,1990-01-08,1500000,2344,0,0,0,33,405,1500000,1500000,90,0,0,2023-08-01,1500000
75458,2024/25,Robin Olsen,Goalkeeper,right,1990-01-08,1000000,1978,0,0,0,34,225,1500000,1000000,45,0,0,2024-08-01,1500000
75489,2024/25,Niclas Füllkrug,Attack,right,1993-02-09,10000000,1429,3,2,5,31,788,15000000,10000000,278,1,1,2024-08-01,15000000
75489,2025/26,Niclas Füllkrug,Attack,right,1993-02-09,3500000,1064,0,0,0,32,409,8000000,3500000,409,0,0,2025-08-01,8000000
76467,2019/20,Kiko Femenía,Defender,right,1991-02-02,4800000,2890,0,1,1,28,2241,6000000,4800000,1286,0,0,2019-08-01,6000000
76467,2021/22,Kiko Femenía,Defender,right,1991-02-02,2500000,2159,0,5,5,30,2150,3000000,2500000,852,0,2,2021-08-01,3000000
77100,2019/20,Lucas Moura,Attack,right,1992-08-13,32000000,2709,4,4,8,26,2248,40000000,32000000,924,4,1,2019-08-01,40000000
77100,2020/21,Lucas Moura,Attack,right,1992-08-13,25000000,2343,3,4,7,27,1403,25000000,25000000,447,1,0,2020-08-01,25000000
77100,2021/22,Lucas Moura,Attack,right,1992-08-13,20000000,1978,2,6,8,28,1774,22000000,20000000,1125,2,3,2021-08-01,22000000
77100,2022/23,Lucas Moura,Attack,right,1992-08-13,6000000,1613,1,0,1,29,145,15000000,6000000,93,0,0,2022-08-01,12000000
77274,2020/21,Matt Phillips,Attack,right,1991-03-13,4000000,1429,2,1,3,29,1825,5500000,4000000,563,0,1,2020-08-01,5500000
77760,2019/20,Victor Wanyama,Midfield,right,1991-06-25,6500000,1979,0,0,0,28,24,15000000,6500000,24,0,0,2019-08-01,12000000
77812,2019/20,Christoph Zimmermann,Defender,right,1993-01-12,2800000,2160,0,1,1,26,1431,3500000,2800000,756,0,1,2019-08-01,3500000
78959,2019/20,Martin Kelly,Defender,right,1990-04-27,2800000,1399,0,1,1,29,1550,3500000,2800000,1225,0,1,2019-08-01,3500000
80197,2021/22,Salomón Rondón,Attack,right,1989-09-16,2500000,2343,1,1,2,31,783,5000000,2500000,641,1,0,2021-08-01,4000000
80197,2022/23,Salomón Rondón,Attack,right,1989-09-16,1500000,1978,0,0,0,32,104,2000000,1500000,104,0,0,2022-08-01,2000000
81512,2019/20,Christian Kabasele,Defender,right,1991-02-24,6500000,2890,0,2,2,28,2252,8000000,6500000,1055,0,1,2019-08-01,8000000
81512,2021/22,Christian Kabasele,Defender,right,1991-02-24,3000000,2159,0,0,0,30,1190,3000000,3000000,202,0,0,2021-08-01,3000000
81789,2019/20,Maya Yoshida,Defender,right,1988-08-24,4000000,2709,0,0,0,30,558,5000000,4000000,558,0,0,2019-08-01,5000000
82442,2019/20,Olivier Giroud,Attack,left,1986-09-30,7000000,2890,8,0,8,32,999,12000000,7000000,191,0,0,2019-08-01,9000000
82442,2020/21,Olivier Giroud,Attack,left,1986-09-30,4000000,2524,4,0,4,33,747,5000000,4000000,359,3,0,2020-08-01,5000000
82873,2019/20,Pascal Groß,Midfield,right,1991-06-15,9500000,2890,2,4,6,28,1803,12000000,9500000,1245,1,4,2019-08-01,12000000
82873,2020/21,Pascal Groß,Midfield,right,1991-06-15,7000000,2524,3,8,11,29,2480,7000000,7000000,712,2,2,2020-08-01,7000000
82873,2021/22,Pascal Groß,Midfield,right,1991-06-15,6000000,2159,2,4,6,30,2043,7000000,6000000,858,0,2,2021-08-01,7000000
82873,2022/23,Pascal Groß,Midfield,right,1991-06-15,8000000,1794,9,8,17,31,3246,8000000,8000000,1377,5,3,2022-08-01,8000000
82873,2023/24,Pascal Groß,Midfield,right,1991-06-15,8000000,1429,4,10,14,32,3114,8000000,8000000,1463,3,6,2023-08-01,8000000
85177,2020/21,Nathaniel Clyne,Defender,right,1991-04-05,3000000,2159,0,1,1,29,1147,4000000,3000000,792,0,1,2020-08-01,4000000
85177,2021/22,Nathaniel Clyne,Defender,right,1991-04-05,2000000,1794,0,1,1,30,1351,2000000,2000000,91,0,0,2021-08-01,2000000
85177,2022/23,Nathaniel Clyne,Defender,right,1991-04-05,2000000,1429,0,0,0,31,1643,3500000,2000000,740,0,0,2022-08-01,3000000
85177,2023/24,Nathaniel Clyne,Defender,right,1991-04-05,1500000,1064,0,0,0,32,1338,1500000,1500000,641,0,0,2023-08-01,1500000
85177,2024/25,Nathaniel Clyne,Defender,right,1991-04-05,1000000,698,0,0,0,33,481,1500000,1000000,382,0,0,2024-08-01,1500000
85177,2025/26,Nathaniel Clyne,Defender,right,1991-04-05,300000,333,0,1,1,34,597,750000,300000,281,0,0,2025-08-01,500000
85706,2019/20,Enda Stevens,Defender,left,1990-07-09,5500000,1429,2,4,6,29,3346,6000000,5500000,1800,1,2,2019-08-01,6000000
85706,2020/21,Enda Stevens,Defender,left,1990-07-09,3500000,1063,0,1,1,30,2700,5500000,3500000,1170,0,0,2020-08-01,5500000
86202,2019/20,Antonio Rüdiger,Defender,right,1993-03-03,40000000,2890,2,0,2,26,1710,50000000,40000000,405,0,0,2019-08-01,50000000
86202,2020/21,Antonio Rüdiger,Defender,right,1993-03-03,28000000,2524,1,0,1,27,1710,30000000,28000000,180,0,0,2020-08-01,25000000
86202,2021/22,Antonio Rüdiger,Defender,right,1993-03-03,40000000,2159,3,2,5,28,3036,35000000,40000000,1710,2,2,2021-08-01,35000000
86792,2019/20,Xherdan Shaqiri,Midfield,left,1991-10-10,16000000,2890,1,0,1,27,182,22000000,16000000,174,1,0,2019-08-01,22000000
86792,2020/21,Xherdan Shaqiri,Midfield,left,1991-10-10,12000000,2524,0,2,2,28,552,16000000,12000000,52,0,1,2020-08-01,16000000
88590,2019/20,Shkodran Mustafi,Defender,right,1992-04-17,15000000,1429,0,1,1,27,1205,18000000,15000000,170,0,0,2019-08-01,15000000
88590,2020/21,Shkodran Mustafi,Defender,right,1992-04-17,2500000,1063,0,0,0,28,44,12000000,2500000,44,0,0,2020-08-01,12000000
88755,2019/20,Kevin De Bruyne,Midfield,right,1991-06-28,120000000,2890,13,20,33,28,2800,150000000,120000000,1564,7,12,2019-08-01,150000000
88755,2020/21,Kevin De Bruyne,Midfield,right,1991-06-28,100000000,2524,6,12,18,29,2001,120000000,100000000,1102,2,7,2020-08-01,120000000
88755,2021/22,Kevin De Bruyne,Midfield,right,1991-06-28,85000000,2159,15,8,23,30,2206,90000000,85000000,833,5,1,2021-08-01,90000000
88755,2022/23,Kevin De Bruyne,Midfield,right,1991-06-28,70000000,1794,7,18,25,31,2425,80000000,70000000,1315,3,10,2022-08-01,80000000
88755,2023/24,Kevin De Bruyne,Midfield,right,1991-06-28,50000000,1429,4,10,14,32,1228,60000000,50000000,23,0,0,2023-08-01,60000000
88755,2024/25,Kevin De Bruyne,Midfield,right,1991-06-28,20000000,1063,4,7,11,33,1705,45000000,20000000,734,2,2,2024-08-01,35000000
90466,2019/20,Gylfi Sigurdsson,Midfield,right,1989-09-08,18000000,2344,2,3,5,29,2564,28000000,18000000,1420,1,1,2019-08-01,28000000
90466,2020/21,Gylfi Sigurdsson,Midfield,right,1989-09-08,13000000,1978,6,5,11,30,2254,18000000,13000000,759,2,2,2020-08-01,18000000
90836,2019/20,Steve Cook,Defender,right,1991-04-19,9500000,1795,1,0,1,28,2430,12000000,9500000,1440,1,0,2019-08-01,12000000
90836,2022/23,Steve Cook,Defender,right,1991-04-19,1800000,699,0,0,0,31,959,3000000,1800000,959,0,0,2022-08-01,3000000
91059,2019/20,Joshua King,Attack,right,1992-01-15,16000000,2890,6,4,10,27,2020,20000000,16000000,1311,3,2,2019-08-01,20000000
91059,2021/22,Joshua King,Attack,right,1992-01-15,8000000,2159,5,3,8,29,2249,8000000,8000000,1178,5,3,2021-08-01,8000000
91317,2019/20,Ashley Westwood,Midfield,right,1990-04-01,5500000,2709,2,6,8,29,3150,7000000,5500000,1530,0,4,2019-08-01,7000000
91317,2020/21,Ashley Westwood,Midfield,right,1990-04-01,5000000,2343,3,3,6,30,3411,5500000,5000000,1350,1,1,2020-08-01,5500000
91317,2021/22,Ashley Westwood,Midfield,right,1990-04-01,2000000,1978,0,3,3,31,2289,4000000,2000000,1241,0,3,2021-08-01,4000000
91845,2019/20,Heung-min Son,Attack,both,1992-07-08,64000000,3074,11,11,22,27,2488,80000000,64000000,1300,5,8,2019-08-01,80000000
91845,2020/21,Heung-min Son,Attack,both,1992-07-08,85000000,2708,17,10,27,28,3126,75000000,85000000,1262,11,4,2020-08-01,90000000
91845,2021/22,Heung-min Son,Attack,both,1992-07-08,75000000,2343,23,9,32,29,3022,80000000,75000000,1398,8,3,2021-08-01,80000000
91845,2022/23,Heung-min Son,Attack,both,1992-07-08,50000000,1978,10,6,16,30,2899,70000000,50000000,1125,3,2,2022-08-01,70000000
91845,2023/24,Heung-min Son,Attack,both,1992-07-08,45000000,1613,17,10,27,31,2948,50000000,45000000,1699,12,5,2023-08-01,50000000
91845,2024/25,Heung-min Son,Attack,both,1992-07-08,20000000,1247,7,10,17,32,2117,38000000,20000000,1214,5,6,2024-08-01,38000000
92469,2019/20,Matt Ritchie,Midfield,left,1989-09-10,9500000,2525,2,1,3,29,1314,12000000,9500000,270,0,0,2019-08-01,12000000
92469,2020/21,Matt Ritchie,Midfield,left,1989-09-10,3000000,2159,0,3,3,30,1351,9500000,3000000,423,0,0,2020-08-01,9500000
92469,2021/22,Matt Ritchie,Midfield,left,1989-09-10,1800000,1794,0,2,2,31,1334,2000000,1800000,1317,0,2,2021-08-01,2000000
92469,2022/23,Matt Ritchie,Midfield,left,1989-09-10,1000000,1429,0,0,0,32,35,1800000,1000000,3,0,0,2022-08-01,1800000
92469,2023/24,Matt Ritchie,Midfield,left,1989-09-10,1000000,1064,1,0,1,33,120,1000000,1000000,103,0,0,2023-08-01,1000000
92571,2019/20,Aaron Cresswell,Defender,left,1989-12-15,6500000,2525,3,0,3,29,2730,8000000,6500000,1125,3,0,2019-08-01,8000000
92571,2020/21,Aaron Cresswell,Defender,left,1989-12-15,5000000,2159,0,8,8,30,3172,6500000,5000000,1440,0,4,2020-08-01,6500000
92571,2021/22,Aaron Cresswell,Defender,left,1989-12-15,3000000,1794,2,3,5,31,2728,4000000,3000000,1141,1,1,2021-08-01,4000000
92571,2022/23,Aaron Cresswell,Defender,left,1989-12-15,1200000,1429,0,1,1,32,2237,2500000,1200000,1422,0,0,2022-08-01,2500000
92571,2023/24,Aaron Cresswell,Defender,left,1989-12-15,900000,1064,0,0,0,33,432,900000,900000,131,0,0,2023-08-01,900000
92571,2024/25,Aaron Cresswell,Defender,left,1989-12-15,500000,698,0,0,0,34,823,700000,500000,50,0,0,2024-08-01,700000
92572,2019/20,Joel Ward,Defender,right,1989-10-29,3200000,2525,0,0,0,29,2383,4000000,3200000,1104,0,0,2019-08-01,4000000
92572,2020/21,Joel Ward,Defender,right,1989-10-29,2500000,2159,0,1,1,30,2255,3200000,2500000,630,0,1,2020-08-01,3200000
92572,2021/22,Joel Ward,Defender,right,1989-10-29,2000000,1794,0,0,0,31,2486,2000000,2000000,1620,0,0,2021-08-01,2000000
92572,2022/23,Joel Ward,Defender,right,1989-10-29,1200000,1429,1,0,1,32,2255,2000000,1200000,1133,0,0,2022-08-01,2000000
92572,2023/24,Joel Ward,Defender,right,1989-10-29,1000000,1064,0,1,1,33,1982,1000000,1000000,1336,0,1,2023-08-01,1000000
92738,2020/21,Mateusz Klich,Midfield,right,1990-06-13,4000000,2524,4,5,9,30,2397,3500000,4000000,1316,3,5,2020-08-01,3500000
92738,2021/22,Mateusz Klich,Midfield,right,1990-06-13,3000000,2159,1,2,3,31,2082,4000000,3000000,860,1,1,2021-08-01,4000000
92738,2022/23,Mateusz Klich,Midfield,right,1990-06-13,2000000,1794,0,0,0,32,266,2000000,2000000,239,0,0,2022-08-01,2000000
93128,2022/23,Kalidou Koulibaly,Defender,right,1991-06-20,15000000,1794,2,1,3,31,1800,35000000,15000000,834,1,0,2022-08-01,35000000
93176,2019/20,Marcos Rojo,Defender,left,1990-03-20,8000000,2709,0,0,0,29,121,10000000,8000000,121,0,0,2019-08-01,10000000
93720,2019/20,Alexandre Lacazette,Attack,right,1991-05-28,48000000,2890,10,6,16,28,1879,70000000,48000000,857,5,1,2019-08-01,70000000
93720,2020/21,Alexandre Lacazette,Attack,right,1991-05-28,28000000,2524,13,2,15,29,1929,42000000,28000000,776,5,0,2020-08-01,35000000
93720,2021/22,Alexandre Lacazette,Attack,right,1991-05-28,15000000,2159,4,7,11,30,1787,22000000,15000000,795,3,3,2021-08-01,20000000
94005,2019/20,Sead Kolasinac,Defender,left,1993-06-20,16000000,2890,0,2,2,26,1699,20000000,16000000,930,0,2,2019-08-01,20000000
94005,2020/21,Sead Kolasinac,Defender,left,1993-06-20,6500000,2524,0,0,0,27,90,10000000,6500000,90,0,0,2020-08-01,8000000
94005,2021/22,Sead Kolasinac,Defender,left,1993-06-20,3000000,2159,0,0,0,28,91,3500000,3000000,91,0,0,2021-08-01,3000000
95424,2019/20,Kyle Walker,Defender,right,1990-05-28,40000000,2890,1,4,5,29,2396,50000000,40000000,1449,1,2,2019-08-01,50000000
95424,2020/21,Kyle Walker,Defender,right,1990-05-28,28000000,2524,1,1,2,30,1946,40000000,28000000,993,1,1,2020-08-01,40000000
95424,2021/22,Kyle Walker,Defender,right,1990-05-28,18000000,2159,0,2,2,31,1755,25000000,18000000,1035,0,1,2021-08-01,25000000
95424,2022/23,Kyle Walker,Defender,right,1990-05-28,13000000,1794,0,0,0,32,1956,15000000,13000000,563,0,0,2022-08-01,15000000
95424,2023/24,Kyle Walker,Defender,right,1990-05-28,13000000,1429,0,4,4,33,2768,13000000,13000000,1688,0,1,2023-08-01,13000000
95424,2024/25,Kyle Walker,Defender,right,1990-05-28,4000000,1063,0,0,0,34,967,10000000,4000000,938,0,0,2024-08-01,10000000
95424,2025/26,Kyle Walker,Defender,right,1990-05-28,1500000,698,0,2,2,35,3097,3000000,1500000,1607,0,1,2025-08-01,2500000
95435,2019/20,Connor Wickham,Attack,right,1993-03-31,1200000,1429,1,1,2,26,90,2500000,1200000,30,0,1,2019-08-01,2500000
95810,2022/23,Kieran Trippier,Defender,right,1990-09-19,11000000,2160,1,7,8,31,3348,13000000,11000000,1507,1,4,2022-08-01,13000000
95810,2023/24,Kieran Trippier,Defender,right,1990-09-19,10000000,1795,1,10,11,32,2240,11000000,10000000,1575,0,7,2023-08-01,11000000
95810,2024/25,Kieran Trippier,Defender,right,1990-09-19,4000000,1429,0,3,3,33,1309,8000000,4000000,482,0,0,2024-08-01,8000000
95810,2025/26,Kieran Trippier,Defender,right,1990-09-19,1500000,1064,0,1,1,34,1592,2500000,1500000,700,0,0,2025-08-01,2500000
95976,2019/20,Alex McCarthy,Goalkeeper,right,1989-12-03,6500000,2525,0,0,0,29,2520,5000000,6500000,900,0,0,2019-08-01,5000000
95976,2020/21,Alex McCarthy,Goalkeeper,right,1989-12-03,5000000,2159,0,0,0,30,2700,6500000,5000000,1440,0,0,2020-08-01,6500000
95976,2021/22,Alex McCarthy,Goalkeeper,right,1989-12-03,3000000,1794,0,0,0,31,1530,3500000,3000000,1350,0,0,2021-08-01,3500000
95976,2024/25,Alex McCarthy,Goalkeeper,right,1989-12-03,350000,698,0,0,0,34,450,500000,350000,360,0,0,2024-08-01,500000
96341,2021/22,Romelu Lukaku,Attack,left,1993-05-13,70000000,2159,8,1,9,28,1586,100000000,70000000,829,5,1,2021-08-01,100000000
99331,2019/20,Jannik Vestergaard,Defender,both,1992-08-03,12000000,2890,1,0,1,26,1497,18000000,12000000,934,1,0,2019-08-01,18000000
99331,2020/21,Jannik Vestergaard,Defender,both,1992-08-03,18000000,2524,3,0,3,27,2575,12000000,18000000,1125,3,0,2020-08-01,15000000
99331,2021/22,Jannik Vestergaard,Defender,both,1992-08-03,13000000,2159,0,0,0,28,564,15000000,13000000,473,0,0,2021-08-01,15000000
99331,2024/25,Jannik Vestergaard,Defender,both,1992-08-03,2000000,1063,0,0,0,31,1395,3000000,2000000,871,0,0,2024-08-01,3000000
101500,2019/20,Matej Vydra,Attack,right,1992-05-01,4000000,2890,2,1,3,27,812,5000000,4000000,83,0,1,2019-08-01,5000000
101500,2020/21,Matej Vydra,Attack,right,1992-05-01,3000000,2524,3,2,5,28,1368,4000000,3000000,167,0,0,2020-08-01,4000000
101500,2021/22,Matej Vydra,Attack,right,1992-05-01,2000000,2159,2,3,5,29,668,3000000,2000000,344,1,1,2021-08-01,3000000
102017,2019/20,Jorginho,Midfield,right,1991-12-20,52000000,3256,4,2,6,27,2383,65000000,52000000,1337,2,2,2019-08-01,65000000
102017,2020/21,Jorginho,Midfield,right,1991-12-20,45000000,2890,7,1,8,28,2014,50000000,45000000,640,3,1,2020-08-01,50000000
102017,2021/22,Jorginho,Midfield,right,1991-12-20,40000000,2525,6,2,8,29,2279,45000000,40000000,1357,6,1,2021-08-01,45000000
102017,2022/23,Jorginho,Midfield,right,1991-12-20,25000000,2160,2,1,3,30,2134,35000000,25000000,996,2,0,2022-08-01,35000000
102017,2023/24,Jorginho,Midfield,right,1991-12-20,12000000,1795,0,2,2,31,920,15000000,12000000,386,0,0,2023-08-01,15000000
102017,2024/25,Jorginho,Midfield,right,1991-12-20,6000000,1429,0,0,0,32,705,10000000,6000000,393,0,0,2024-08-01,10000000
102258,2019/20,Matthew Lowton,Defender,right,1989-06-09,4000000,1399,0,1,1,30,1530,5000000,4000000,1080,0,1,2019-08-01,5000000
102258,2020/21,Matthew Lowton,Defender,right,1989-06-09,2500000,1033,1,1,2,31,3060,4000000,2500000,990,0,0,2020-08-01,4000000
102258,2021/22,Matthew Lowton,Defender,right,1989-06-09,1200000,668,1,2,3,32,1773,2000000,1200000,1425,1,2,2021-08-01,2000000
104124,2019/20,Michail Antonio,Attack,right,1990-03-28,9500000,2525,10,3,13,29,1771,12000000,9500000,551,1,1,2019-08-01,12000000
104124,2020/21,Michail Antonio,Attack,right,1990-03-28,12000000,2159,10,5,15,30,1983,12000000,12000000,543,3,0,2020-08-01,12000000
104124,2021/22,Michail Antonio,Attack,right,1990-03-28,10000000,1794,10,8,18,31,2980,12000000,10000000,1574,7,5,2021-08-01,12000000
104124,2022/23,Michail Antonio,Attack,right,1990-03-28,7000000,1429,5,3,8,32,1838,9000000,7000000,720,2,1,2022-08-01,9000000
104124,2023/24,Michail Antonio,Attack,right,1990-03-28,4000000,1064,6,2,8,33,1711,6000000,4000000,823,2,2,2023-08-01,6000000
104124,2024/25,Michail Antonio,Attack,right,1990-03-28,700000,698,1,1,2,34,844,3000000,700000,844,1,1,2024-08-01,3000000
105470,2019/20,Alisson,Goalkeeper,right,1992-10-02,72000000,2890,0,1,1,26,2545,90000000,72000000,925,0,0,2019-08-01,90000000
105470,2020/21,Alisson,Goalkeeper,right,1992-10-02,60000000,2524,1,0,1,27,2970,80000000,60000000,1170,0,0,2020-08-01,80000000
105470,2021/22,Alisson,Goalkeeper,right,1992-10-02,50000000,2159,0,1,1,28,3240,60000000,50000000,1620,0,0,2021-08-01,60000000
105470,2022/23,Alisson,Goalkeeper,right,1992-10-02,35000000,1794,0,1,1,29,3330,50000000,35000000,1440,0,1,2022-08-01,50000000
105470,2023/24,Alisson,Goalkeeper,right,1992-10-02,28000000,1429,0,0,0,30,2520,32000000,28000000,1530,0,0,2023-08-01,32000000
105470,2024/25,Alisson,Goalkeeper,right,1992-10-02,20000000,1063,0,0,0,31,2509,25000000,20000000,889,0,0,2024-08-01,25000000
105470,2025/26,Alisson,Goalkeeper,right,1992-10-02,15000000,698,0,0,0,32,2340,17000000,15000000,1170,0,0,2025-08-01,17000000
108354,2019/20,Jordan Ayew,Attack,right,1991-09-11,10000000,2525,9,2,11,27,3162,8000000,10000000,1583,5,1,2019-08-01,8000000
108354,2020/21,Jordan Ayew,Attack,right,1991-09-11,8000000,2159,1,3,4,28,2097,10000000,8000000,715,1,0,2020-08-01,10000000
108354,2021/22,Jordan Ayew,Attack,right,1991-09-11,6000000,1794,3,3,6,29,2025,6000000,6000000,1234,1,2,2021-08-01,6000000
108354,2022/23,Jordan Ayew,Attack,right,1991-09-11,5000000,1429,4,3,7,30,2722,6000000,5000000,1071,1,1,2022-08-01,6000000
108354,2023/24,Jordan Ayew,Attack,right,1991-09-11,4000000,1064,4,7,11,31,2551,4000000,4000000,1550,2,5,2023-08-01,4000000
108354,2024/25,Jordan Ayew,Attack,right,1991-09-11,2500000,698,5,0,5,32,1663,3500000,2500000,851,4,0,2024-08-01,3500000
108725,2019/20,Chris Wood,Attack,right,1991-12-07,14500000,2890,14,1,15,27,2446,18000000,14500000,1475,7,0,2019-08-01,18000000
108725,2020/21,Chris Wood,Attack,right,1991-12-07,8000000,2524,12,3,15,28,2751,12000000,8000000,1293,3,0,2020-08-01,12000000
108725,2021/22,Chris Wood,Attack,right,1991-12-07,10000000,2159,5,0,5,29,2707,6000000,10000000,1295,3,0,2021-08-01,6000000
108725,2022/23,Chris Wood,Attack,right,1991-12-07,8000000,1794,3,0,3,30,816,10000000,8000000,417,2,0,2022-08-01,10000000
108725,2023/24,Chris Wood,Attack,right,1991-12-07,7000000,1429,14,1,15,31,1807,7000000,7000000,730,7,1,2023-08-01,7000000
108725,2024/25,Chris Wood,Attack,right,1991-12-07,10000000,1063,20,3,23,32,2979,7000000,10000000,1498,11,1,2024-08-01,7000000
108725,2025/26,Chris Wood,Attack,right,1991-12-07,5000000,698,3,0,3,33,907,8000000,5000000,545,2,0,2025-08-01,8000000
109751,2019/20,Onel Hernández,Attack,right,1993-02-01,3200000,2160,1,2,3,26,1383,4000000,3200000,709,1,1,2019-08-01,4000000
110864,2020/21,Sam Johnstone,Goalkeeper,right,1993-03-25,8000000,2890,0,1,1,27,3330,6500000,8000000,1440,0,0,2020-08-01,6500000
110864,2023/24,Sam Johnstone,Goalkeeper,right,1993-03-25,10000000,1795,0,0,0,30,1797,10000000,10000000,1437,0,0,2023-08-01,12000000
110864,2024/25,Sam Johnstone,Goalkeeper,right,1993-03-25,6000000,1429,0,0,0,31,630,8000000,6000000,630,0,0,2024-08-01,8000000
110864,2025/26,Sam Johnstone,Goalkeeper,right,1993-03-25,2000000,1064,0,0,0,32,1080,5000000,2000000,1080,0,0,2025-08-01,5000000
111051,2019/20,Nampalys Mendy,Midfield,right,1992-06-23,5500000,2525,0,0,0,27,291,7000000,5500000,71,0,0,2019-08-01,7000000
111051,2020/21,Nampalys Mendy,Midfield,right,1992-06-23,8000000,2159,0,1,1,28,1458,8000000,8000000,1109,0,1,2020-08-01,8000000
111051,2022/23,Nampalys Mendy,Midfield,right,1992-06-23,2500000,1429,1,0,1,30,751,3500000,2500000,147,0,0,2022-08-01,3500000
111114,2019/20,Kevin Long,Defender,right,1990-08-18,1600000,1429,0,0,0,28,562,2000000,1600000,2,0,0,2019-08-01,2000000
111114,2020/21,Kevin Long,Defender,right,1990-08-18,1000000,1063,0,0,0,29,636,1600000,1000000,540,0,0,2020-08-01,1600000
111455,2019/20,Granit Xhaka,Midfield,left,1992-09-27,24000000,3256,1,2,3,26,2591,40000000,24000000,1188,0,1,2019-08-01,30000000
111455,2020/21,Granit Xhaka,Midfield,left,1992-09-27,22000000,2890,1,2,3,27,2526,28000000,22000000,910,1,0,2020-08-01,25000000
111455,2021/22,Granit Xhaka,Midfield,left,1992-09-27,20000000,2525,1,2,3,28,2331,20000000,20000000,738,0,1,2021-08-01,20000000
111455,2022/23,Granit Xhaka,Midfield,left,1992-09-27,20000000,2160,7,7,14,29,3004,25000000,20000000,1349,3,4,2022-08-01,28000000
111455,2025/26,Granit Xhaka,Midfield,left,1992-09-27,8000000,1064,1,6,7,32,2901,10000000,8000000,1602,1,5,2025-08-01,10000000
111819,2022/23,Neto,Goalkeeper,right,1989-07-19,2500000,1794,0,0,0,33,2385,2500000,2500000,675,0,0,2022-08-01,2500000
111819,2023/24,Neto,Goalkeeper,right,1989-07-19,2500000,1429,0,0,0,34,2880,2500000,2500000,1530,0,0,2023-08-01,2500000
111819,2024/25,Neto,Goalkeeper,right,1989-07-19,1500000,1063,0,0,0,35,180,2000000,1500000,180,0,0,2024-08-01,2000000
111873,2020/21,Emiliano Martínez,Goalkeeper,right,1992-09-02,35000000,3255,0,0,0,27,3420,12000000,35000000,1260,0,0,2020-08-01,18000000
111873,2021/22,Emiliano Martínez,Goalkeeper,right,1992-09-02,28000000,2890,0,0,0,28,3240,32000000,28000000,1530,0,0,2021-08-01,32000000
111873,2022/23,Emiliano Martínez,Goalkeeper,right,1992-09-02,28000000,2525,0,0,0,29,3140,25000000,28000000,1295,0,0,2022-08-01,28000000
111873,2023/24,Emiliano Martínez,Goalkeeper,right,1992-09-02,28000000,2160,0,0,0,30,3015,28000000,28000000,1710,0,0,2023-08-01,28000000
111873,2024/25,Emiliano Martínez,Goalkeeper,right,1992-09-02,20000000,1794,0,0,0,31,3195,25000000,20000000,1665,0,0,2024-08-01,25000000
111873,2025/26,Emiliano Martínez,Goalkeeper,right,1992-09-02,12000000,1429,0,1,1,32,2835,16000000,12000000,1350,0,0,2025-08-01,15000000
112515,2019/20,Marcos Alonso,Defender,left,1990-12-28,18000000,3256,4,3,7,28,1432,32000000,18000000,589,1,3,2019-08-01,25000000
112515,2020/21,Marcos Alonso,Defender,left,1990-12-28,12000000,2890,2,0,2,29,959,18000000,12000000,225,0,0,2020-08-01,13000000
112515,2021/22,Marcos Alonso,Defender,left,1990-12-28,12000000,2525,4,5,9,30,2172,15000000,12000000,1171,1,2,2021-08-01,15000000
112988,2019/20,Cédric Soares,Defender,right,1991-08-31,8000000,3074,1,1,2,27,1559,10000000,8000000,1018,0,0,2019-08-01,10000000
112988,2020/21,Cédric Soares,Defender,right,1991-08-31,6000000,2708,0,1,1,28,745,7000000,6000000,5,0,0,2020-08-01,4000000
112988,2021/22,Cédric Soares,Defender,right,1991-08-31,6000000,2343,1,1,2,29,1484,5000000,6000000,214,0,0,2021-08-01,5000000
112988,2022/23,Cédric Soares,Defender,right,1991-08-31,3000000,1978,0,0,0,30,224,4000000,3000000,28,0,0,2022-08-01,4000000
113036,2020/21,Romaine Sawyers,Midfield,right,1991-11-02,2000000,1429,0,0,0,28,1490,3200000,2000000,1052,0,0,2020-08-01,3200000
118534,2019/20,Michael Keane,Defender,right,1993-01-11,20000000,2890,2,0,2,26,2556,30000000,20000000,1369,1,0,2019-08-01,30000000
118534,2020/21,Michael Keane,Defender,right,1993-01-11,25000000,2524,3,1,4,27,2990,28000000,25000000,1326,2,0,2020-08-01,28000000
118534,2021/22,Michael Keane,Defender,right,1993-01-11,20000000,2159,3,2,5,28,2792,25000000,20000000,1530,1,2,2021-08-01,25000000
118534,2022/23,Michael Keane,Defender,right,1993-01-11,10000000,1794,1,2,3,29,983,16000000,10000000,22,0,0,2022-08-01,14000000
118534,2023/24,Michael Keane,Defender,right,1993-01-11,6000000,1429,1,0,1,30,438,7000000,6000000,404,1,0,2023-08-01,7000000
118534,2024/25,Michael Keane,Defender,right,1993-01-11,5000000,1063,3,0,3,31,1046,6000000,5000000,810,2,0,2024-08-01,6000000
118534,2025/26,Michael Keane,Defender,right,1993-01-11,3000000,698,3,1,4,32,2590,4000000,3000000,1505,2,0,2025-08-01,4000000
119164,2019/20,Ezequiel Schelotto,Defender,right,1989-05-23,1200000,1613,0,0,0,30,361,2000000,1200000,124,0,0,2019-08-01,1500000
119269,2019/20,Shane Duffy,Defender,right,1992-01-01,9500000,2525,1,0,1,27,1232,12000000,9500000,801,1,0,2019-08-01,12000000
119269,2021/22,Shane Duffy,Defender,right,1992-01-01,5000000,1794,1,0,1,29,1434,5000000,5000000,1134,1,0,2021-08-01,5000000
119269,2022/23,Shane Duffy,Defender,right,1992-01-01,2000000,1429,0,0,0,30,17,4000000,2000000,4,0,0,2022-08-01,2500000
120186,2021/22,Daniel Bachmann,Goalkeeper,right,1994-07-09,2500000,1064,0,0,0,27,1080,3000000,2500000,810,0,0,2021-08-01,3000000
120629,2020/21,Alphonse Areola,Goalkeeper,right,1993-02-27,17000000,2524,0,0,0,27,3240,13000000,17000000,1260,0,0,2020-08-01,13000000
120629,2022/23,Alphonse Areola,Goalkeeper,right,1993-02-27,8000000,1794,0,0,0,29,307,8000000,8000000,106,0,0,2022-08-01,8000000
120629,2023/24,Alphonse Areola,Goalkeeper,right,1993-02-27,10000000,1429,0,0,0,30,2700,10000000,10000000,1440,0,0,2023-08-01,10000000
120629,2024/25,Alphonse Areola,Goalkeeper,right,1993-02-27,9000000,1063,0,0,0,31,2259,10000000,9000000,819,0,0,2024-08-01,10000000
120629,2025/26,Alphonse Areola,Goalkeeper,right,1993-02-27,4000000,698,0,1,1,32,1800,7000000,4000000,1350,0,1,2025-08-01,7000000
121324,2019/20,John Egan,Defender,right,1992-10-20,13000000,2890,2,0,2,26,3189,7000000,13000000,1699,0,0,2019-08-01,10000000
121324,2020/21,John Egan,Defender,right,1992-10-20,9000000,2524,0,1,1,27,2630,13000000,9000000,1272,0,0,2020-08-01,13000000
121324,2023/24,John Egan,Defender,right,1992-10-20,4000000,1429,0,0,0,30,484,5000000,4000000,484,0,0,2023-08-01,5000000
121385,2019/20,Grant Hanley,Defender,right,1991-11-20,2000000,2860,0,0,0,27,1262,2500000,2000000,540,0,0,2019-08-01,2500000
121385,2021/22,Grant Hanley,Defender,right,1991-11-20,3500000,2129,1,0,1,29,2899,4000000,3500000,1279,1,0,2021-08-01,4000000
122153,2019/20,Paul Pogba,Midfield,both,1993-03-15,80000000,2890,1,4,5,26,1205,100000000,80000000,521,0,2,2019-08-01,100000000
122153,2020/21,Paul Pogba,Midfield,both,1993-03-15,60000000,2524,3,5,8,27,1896,80000000,60000000,769,1,0,2020-08-01,65000000
122153,2021/22,Paul Pogba,Midfield,both,1993-03-15,48000000,2159,1,9,10,28,1354,55000000,48000000,633,0,7,2021-08-01,55000000
123275,2020/21,Tom Cairney,Midfield,left,1991-01-20,9000000,2524,1,1,2,29,760,9000000,9000000,760,1,1,2020-08-01,9000000
123275,2022/23,Tom Cairney,Midfield,left,1991-01-20,2000000,1794,2,0,2,31,972,3000000,2000000,375,0,0,2022-08-01,2000000
123275,2023/24,Tom Cairney,Midfield,left,1991-01-20,2000000,1429,1,4,5,32,1478,2000000,2000000,820,1,3,2023-08-01,2000000
123275,2024/25,Tom Cairney,Midfield,left,1991-01-20,1500000,1063,2,0,2,33,613,2000000,1500000,284,1,0,2024-08-01,2000000
123275,2025/26,Tom Cairney,Midfield,left,1991-01-20,500000,698,2,0,2,34,765,1000000,500000,232,0,0,2025-08-01,750000
123536,2019/20,Simon Moore,Goalkeeper,right,1990-05-19,400000,2890,0,0,0,29,180,500000,400000,90,0,0,2019-08-01,500000
123551,2024/25,Sam Morsy,Midfield,right,1991-09-10,500000,698,1,1,2,32,2757,900000,500000,1525,1,1,2024-08-01,900000
123682,2019/20,Callum Wilson,Attack,right,1992-02-27,20000000,2890,8,3,11,27,2898,30000000,20000000,1527,5,1,2019-08-01,30000000
123682,2020/21,Callum Wilson,Attack,right,1992-02-27,22000000,2524,12,5,17,28,2085,22500000,22000000,1150,8,3,2020-08-01,22500000
123682,2021/22,Callum Wilson,Attack,right,1992-02-27,18000000,2159,8,0,8,29,1389,20000000,18000000,1187,6,0,2021-08-01,20000000
123682,2022/23,Callum Wilson,Attack,right,1992-02-27,16000000,1794,18,5,23,30,1887,18000000,16000000,820,6,2,2022-08-01,18000000
123682,2023/24,Callum Wilson,Attack,right,1992-02-27,13000000,1429,9,1,10,31,985,13000000,13000000,723,7,1,2023-08-01,13000000
123682,2024/25,Callum Wilson,Attack,right,1992-02-27,8000000,1063,0,0,0,32,357,11000000,8000000,57,0,0,2024-08-01,11000000
123682,2025/26,Callum Wilson,Attack,right,1992-02-27,4000000,698,7,1,8,33,1242,7000000,4000000,720,4,1,2025-08-01,5000000
124419,2023/24,Odysseas Vlachodimos,Goalkeeper,right,1994-04-26,7000000,1429,0,0,0,29,450,10000000,7000000,450,0,0,2023-08-01,10000000
124884,2025/26,Marco Bizot,Goalkeeper,right,1991-03-10,1500000,698,0,0,0,34,585,2500000,1500000,360,0,0,2025-08-01,2500000
125314,2021/22,Pontus Jansson,Defender,right,1991-02-13,7000000,2343,3,2,5,30,3322,6000000,7000000,1612,1,2,2021-08-01,6000000
125314,2022/23,Pontus Jansson,Defender,right,1991-02-13,2500000,1978,1,0,1,31,724,5000000,2500000,515,0,0,2022-08-01,5000000
125685,2023/24,Luke Berry,Midfield,right,1992-07-12,400000,1064,2,1,3,31,311,400000,400000,26,0,0,2023-08-01,400000
125714,2023/24,Mark Flekken,Goalkeeper,both,1993-06-13,12000000,1795,0,1,1,30,3285,12000000,12000000,1575,0,0,2023-08-01,12000000
125714,2024/25,Mark Flekken,Goalkeeper,both,1993-06-13,10000000,1429,0,2,2,31,3276,10000000,10000000,1566,0,1,2024-08-01,10000000
126422,2020/21,Allan,Midfield,right,1991-01-08,22000000,2343,0,0,0,29,2052,28000000,22000000,1030,0,0,2020-08-01,25000000
126422,2021/22,Allan,Midfield,right,1991-01-08,15000000,1978,0,2,2,30,2187,18000000,15000000,1324,0,1,2021-08-01,18000000
126600,2019/20,Kenny McLean,Midfield,left,1992-01-08,3500000,3256,1,1,2,27,2966,2500000,3500000,1479,1,1,2019-08-01,4500000
126600,2021/22,Kenny McLean,Midfield,left,1992-01-08,2500000,2525,1,0,1,29,2707,3000000,2500000,1575,0,0,2021-08-01,3000000
126664,2019/20,Lucas Digne,Defender,left,1993-07-20,28000000,3256,0,7,7,26,3036,35000000,28000000,1620,0,3,2019-08-01,35000000
126664,2020/21,Lucas Digne,Defender,left,1993-07-20,35000000,2890,0,7,7,27,2682,30000000,35000000,702,0,4,2020-08-01,33000000
126664,2021/22,Lucas Digne,Defender,left,1993-07-20,25000000,2525,0,4,4,28,2443,30000000,25000000,1170,0,0,2021-08-01,30000000
126664,2022/23,Lucas Digne,Defender,left,1993-07-20,15000000,2160,1,0,1,29,1500,22000000,15000000,903,1,0,2022-08-01,22000000
126664,2023/24,Lucas Digne,Defender,left,1993-07-20,12000000,1795,1,3,4,30,2413,15000000,12000000,1527,0,2,2023-08-01,15000000
126664,2024/25,Lucas Digne,Defender,left,1993-07-20,10000000,1429,0,5,5,31,2360,12000000,10000000,1434,0,3,2024-08-01,12000000
126664,2025/26,Lucas Digne,Defender,left,1993-07-20,6000000,1064,0,6,6,32,1852,8000000,6000000,1104,0,3,2025-08-01,8000000
126710,2022/23,Layvin Kurzawa,Defender,left,1992-09-04,3000000,1399,0,0,0,29,136,5000000,3000000,45,0,0,2022-08-01,5000000
127108,2019/20,Florian Lejeune,Defender,right,1991-05-20,4800000,3256,2,0,2,28,441,6000000,4800000,254,0,0,2019-08-01,6000000
127202,2024/25,Matz Sels,Goalkeeper,right,1992-02-26,7000000,1429,0,0,0,32,3420,7000000,7000000,1710,0,0,2024-08-01,7000000
127202,2025/26,Matz Sels,Goalkeeper,right,1992-02-26,3500000,1064,0,0,0,33,2667,6000000,3500000,1350,0,0,2025-08-01,6000000
128229,2019/20,Robbie Brady,Midfield,left,1992-01-14,4800000,2525,1,2,3,27,449,6000000,4800000,353,1,2,2019-08-01,6000000
128229,2020/21,Robbie Brady,Midfield,left,1992-01-14,3000000,2159,1,1,2,28,1055,4800000,3000000,610,1,1,2020-08-01,4800000
128899,2021/22,Jack Butland,Goalkeeper,right,1993-03-10,1800000,2525,0,0,0,28,765,2000000,1800000,180,0,0,2021-08-01,2000000
128900,2019/20,Nathaniel Chalobah,Midfield,right,1994-12-12,4800000,1795,0,1,1,24,926,6000000,4800000,386,0,1,2019-08-01,6000000
128900,2022/23,Nathaniel Chalobah,Midfield,right,1994-12-12,1800000,699,0,0,0,27,12,2500000,1800000,11,0,0,2022-08-01,2500000
128901,2019/20,Conor Coady,Defender,right,1993-02-25,18000000,2525,0,0,0,26,3420,15000000,18000000,1800,0,0,2019-08-01,18000000
128901,2020/21,Conor Coady,Defender,right,1993-02-25,25000000,2159,1,0,1,27,3304,25000000,25000000,1350,0,0,2020-08-01,25000000
128901,2021/22,Conor Coady,Defender,right,1993-02-25,25000000,1794,4,0,4,28,3363,25000000,25000000,1617,1,0,2021-08-01,25000000
128901,2022/23,Conor Coady,Defender,right,1993-02-25,12000000,1429,1,1,2,29,2095,18000000,12000000,1341,1,1,2022-08-01,18000000
128901,2024/25,Conor Coady,Defender,right,1993-02-25,2200000,698,1,0,1,31,1714,3000000,2200000,632,0,0,2024-08-01,3000000
128904,2021/22,Ben Gibson,Defender,left,1993-01-15,6000000,1064,0,0,0,28,2495,7000000,6000000,1325,0,0,2021-08-01,7000000
128909,2020/21,Jack Robinson,Defender,left,1993-09-01,2000000,1794,0,2,2,26,876,2000000,2000000,606,0,1,2020-08-01,2000000
128909,2023/24,Jack Robinson,Defender,left,1993-09-01,1000000,699,1,1,2,29,2886,1000000,1000000,1661,0,1,2023-08-01,1000000
129078,2019/20,Nathan Redmond,Attack,right,1994-03-06,18000000,2160,4,4,8,25,2769,20000000,18000000,1522,2,0,2019-08-01,20000000
129078,2020/21,Nathan Redmond,Attack,right,1994-03-06,18000000,1794,2,3,5,26,1730,18000000,18000000,397,1,0,2020-08-01,18000000
129078,2021/22,Nathan Redmond,Attack,right,1994-03-06,18000000,1429,1,5,6,27,1832,18000000,18000000,1141,0,4,2021-08-01,18000000
129078,2022/23,Nathan Redmond,Attack,right,1994-03-06,10000000,1064,0,0,0,28,1,13000000,10000000,1,0,0,2022-08-01,11000000
129078,2023/24,Nathan Redmond,Attack,right,1994-03-06,5000000,699,0,0,0,29,132,7000000,5000000,132,0,0,2023-08-01,7000000
129476,2019/20,Gerard Deulofeu,Attack,right,1994-03-13,20000000,2525,4,5,9,25,2106,25000000,20000000,1468,3,2,2019-08-01,25000000
129627,2020/21,Charlie Austin,Attack,right,1989-07-05,2000000,1063,0,0,0,31,135,3200000,2000000,90,0,0,2020-08-01,3200000
130164,2019/20,Jordan Pickford,Goalkeeper,left,1994-03-07,28000000,3621,0,0,0,25,3420,35000000,28000000,1800,0,0,2019-08-01,35000000
130164,2020/21,Jordan Pickford,Goalkeeper,left,1994-03-07,25000000,3255,0,0,0,26,2743,26000000,25000000,1170,0,0,2020-08-01,26000000
130164,2021/22,Jordan Pickford,Goalkeeper,left,1994-03-07,20000000,2890,0,0,0,27,3150,25000000,20000000,1440,0,0,2021-08-01,25000000
130164,2022/23,Jordan Pickford,Goalkeeper,left,1994-03-07,22000000,2525,0,1,1,28,3330,28000000,22000000,1440,0,1,2022-08-01,28000000
130164,2023/24,Jordan Pickford,Goalkeeper,left,1994-03-07,22000000,2160,0,0,0,29,3420,22000000,22000000,1800,0,0,2023-08-01,22000000
130164,2024/25,Jordan Pickford,Goalkeeper,left,1994-03-07,18000000,1794,0,1,1,30,3420,20000000,18000000,1620,0,0,2024-08-01,20000000
130164,2025/26,Jordan Pickford,Goalkeeper,left,1994-03-07,13000000,1429,0,0,0,31,3420,15000000,13000000,1710,0,0,2025-08-01,15000000
130765,2019/20,Stuart Armstrong,Midfield,right,1992-03-30,6500000,2860,5,3,8,27,1717,8000000,6500000,541,0,0,2019-08-01,8000000
130765,2020/21,Stuart Armstrong,Midfield,right,1992-03-30,8000000,2494,4,5,9,28,2774,6500000,8000000,1039,2,2,2020-08-01,6500000
130765,2021/22,Stuart Armstrong,Midfield,right,1992-03-30,6000000,2129,2,1,3,29,1470,6000000,6000000,214,0,0,2021-08-01,6000000
130765,2022/23,Stuart Armstrong,Midfield,right,1992-03-30,4500000,1764,2,1,3,30,1405,6000000,4500000,758,1,0,2022-08-01,6000000
131505,2020/21,Rodrigo,Attack,left,1991-03-06,18000000,1429,7,2,9,29,1288,30000000,18000000,754,3,0,2020-08-01,25000000
131505,2021/22,Rodrigo,Attack,left,1991-03-06,12000000,1064,6,1,7,30,2270,15000000,12000000,900,2,0,2021-08-01,15000000
131505,2022/23,Rodrigo,Attack,left,1991-03-06,6000000,699,13,1,14,31,1943,9000000,6000000,1048,9,1,2022-08-01,9000000
131789,2019/20,Roberto Firmino,Attack,right,1991-10-02,72000000,2890,9,8,17,27,3004,90000000,72000000,1540,6,4,2019-08-01,90000000
131789,2020/21,Roberto Firmino,Attack,right,1991-10-02,50000000,2524,9,7,16,28,2852,72000000,50000000,1312,5,3,2020-08-01,72000000
131789,2021/22,Roberto Firmino,Attack,right,1991-10-02,32000000,2159,5,4,9,29,985,40000000,32000000,434,4,2,2021-08-01,38000000
131789,2022/23,Roberto Firmino,Attack,right,1991-10-02,18000000,1794,11,4,15,30,1212,28000000,18000000,936,7,3,2022-08-01,28000000
131978,2019/20,Ross Barkley,Midfield,right,1993-12-05,21500000,2890,1,4,5,25,1104,27000000,21500000,339,0,0,2019-08-01,27000000
131978,2020/21,Ross Barkley,Midfield,right,1993-12-05,20000000,2524,3,1,4,26,1577,21500000,20000000,495,2,1,2020-08-01,21500000
131978,2021/22,Ross Barkley,Midfield,right,1993-12-05,12000000,2159,1,0,1,27,175,17000000,12000000,151,0,0,2021-08-01,13000000
131978,2023/24,Ross Barkley,Midfield,right,1993-12-05,8000000,1429,5,4,9,29,2622,4500000,8000000,1075,2,1,2023-08-01,7000000
131978,2024/25,Ross Barkley,Midfield,right,1993-12-05,6000000,1063,3,1,4,30,567,8000000,6000000,468,2,1,2024-08-01,8000000
131978,2025/26,Ross Barkley,Midfield,right,1993-12-05,4000000,698,3,1,4,31,852,5000000,4000000,115,1,0,2025-08-01,5000000
132098,2019/20,Harry Kane,Attack,right,1993-07-28,120000000,2890,18,2,20,26,2590,150000000,120000000,1705,11,2,2019-08-01,150000000
132098,2020/21,Harry Kane,Attack,right,1993-07-28,120000000,2524,23,14,37,27,3086,120000000,120000000,1344,9,10,2020-08-01,120000000
132098,2021/22,Harry Kane,Attack,right,1993-07-28,90000000,2159,17,9,26,28,3232,100000000,90000000,1342,4,1,2021-08-01,100000000
132098,2022/23,Harry Kane,Attack,right,1993-07-28,90000000,1794,30,3,33,29,3408,90000000,90000000,1428,13,1,2022-08-01,90000000
134270,2019/20,Dan Burn,Defender,left,1992-05-09,4000000,2890,0,0,0,27,2881,5000000,4000000,1800,0,0,2019-08-01,5000000
134270,2020/21,Dan Burn,Defender,left,1992-05-09,5000000,2524,1,0,1,28,2059,5000000,5000000,664,0,0,2020-08-01,5000000
134270,2021/22,Dan Burn,Defender,left,1992-05-09,12000000,2159,1,1,2,29,2462,3500000,12000000,662,0,0,2021-08-01,3500000
134270,2022/23,Dan Burn,Defender,left,1992-05-09,10000000,1794,1,0,1,30,3116,12000000,10000000,1407,0,0,2022-08-01,12000000
134270,2023/24,Dan Burn,Defender,left,1992-05-09,8000000,1429,2,2,4,31,2732,10000000,8000000,1169,2,0,2023-08-01,10000000
134270,2024/25,Dan Burn,Defender,left,1992-05-09,6000000,1063,1,1,2,32,3330,7000000,6000000,1620,0,0,2024-08-01,7000000
134270,2025/26,Dan Burn,Defender,left,1992-05-09,4000000,698,1,3,4,33,2199,5000000,4000000,1258,0,3,2025-08-01,5000000
134294,2019/20,Danny Ings,Attack,right,1992-07-23,20000000,2525,22,2,24,27,2814,18000000,20000000,1371,12,1,2019-08-01,18000000
134294,2020/21,Danny Ings,Attack,right,1992-07-23,22000000,2159,12,4,16,28,2185,20000000,22000000,981,6,3,2020-08-01,20000000
134294,2021/22,Danny Ings,Attack,right,1992-07-23,20000000,1794,7,6,13,29,1905,22000000,20000000,948,3,2,2021-08-01,22000000
134294,2022/23,Danny Ings,Attack,right,1992-07-23,12000000,1429,8,2,10,30,1589,16000000,12000000,728,5,0,2022-08-01,16000000
134294,2023/24,Danny Ings,Attack,right,1992-07-23,8000000,1064,1,0,1,31,390,9000000,8000000,133,0,0,2023-08-01,9000000
134294,2024/25,Danny Ings,Attack,right,1992-07-23,6000000,698,1,2,3,32,270,7000000,6000000,172,1,1,2024-08-01,7000000
135343,2019/20,Fabian Schär,Defender,right,1991-12-20,13000000,2890,2,0,2,27,1672,12000000,13000000,1198,2,0,2019-08-01,16000000
135343,2020/21,Fabian Schär,Defender,right,1991-12-20,9000000,2524,1,0,1,28,1245,13000000,9000000,592,0,0,2020-08-01,13000000
135343,2021/22,Fabian Schär,Defender,right,1991-12-20,7000000,2159,2,2,4,29,2161,7000000,7000000,791,0,1,2021-08-01,7000000
135343,2022/23,Fabian Schär,Defender,right,1991-12-20,10000000,1794,1,3,4,30,3210,9000000,10000000,1426,1,0,2022-08-01,10000000
135343,2023/24,Fabian Schär,Defender,right,1991-12-20,10000000,1429,4,1,5,31,3056,10000000,10000000,1634,0,0,2023-08-01,10000000
135343,2024/25,Fabian Schär,Defender,right,1991-12-20,7000000,1063,4,0,4,32,2938,9000000,7000000,1468,2,0,2024-08-01,9000000
135343,2025/26,Fabian Schär,Defender,right,1991-12-20,4000000,698,0,0,0,33,1091,6000000,4000000,925,0,0,2025-08-01,6000000
135853,2019/20,Manuel Lanzini,Midfield,right,1993-02-15,16000000,2709,0,3,3,26,1378,20000000,16000000,834,0,3,2019-08-01,20000000
135853,2020/21,Manuel Lanzini,Midfield,right,1993-02-15,10000000,2343,1,1,2,27,562,14000000,10000000,212,1,1,2020-08-01,14000000
135853,2021/22,Manuel Lanzini,Midfield,right,1993-02-15,12000000,1978,5,3,8,28,1788,10000000,12000000,499,2,1,2021-08-01,10000000
135853,2022/23,Manuel Lanzini,Midfield,right,1993-02-15,6000000,1613,1,0,1,29,244,10000000,6000000,122,0,0,2022-08-01,10000000
136401,2023/24,Daniel Bentley,Goalkeeper,,1993-07-13,2000000,1429,0,0,0,30,382,2000000,2000000,247,0,0,2023-08-01,2000000
137745,2020/21,Marçal,Defender,left,1989-02-19,1800000,2343,0,0,0,31,620,2400000,1800000,570,0,0,2020-08-01,2400000
137745,2021/22,Marçal,Defender,left,1989-02-19,1500000,1978,0,0,0,32,1453,1500000,1500000,866,0,0,2021-08-01,1500000
139208,2019/20,Virgil van Dijk,Defender,right,1991-07-08,80000000,2890,5,1,6,28,3420,100000000,80000000,1710,3,0,2019-08-01,100000000
139208,2020/21,Virgil van Dijk,Defender,right,1991-07-08,55000000,2524,1,0,1,29,371,80000000,55000000,371,1,0,2020-08-01,80000000
139208,2021/22,Virgil van Dijk,Defender,right,1991-07-08,55000000,2159,3,4,7,30,3060,55000000,55000000,1530,1,2,2021-08-01,55000000
139208,2022/23,Virgil van Dijk,Defender,right,1991-07-08,35000000,1794,3,1,4,31,2835,50000000,35000000,1440,2,0,2022-08-01,50000000
139208,2023/24,Virgil van Dijk,Defender,right,1991-07-08,30000000,1429,2,2,4,32,3178,32000000,30000000,1468,1,2,2023-08-01,32000000
139208,2024/25,Virgil van Dijk,Defender,right,1991-07-08,23000000,1063,3,1,4,33,3330,28000000,23000000,1620,1,1,2024-08-01,28000000
139208,2025/26,Virgil van Dijk,Defender,right,1991-07-08,15000000,698,6,0,6,34,3420,18000000,15000000,1620,0,0,2025-08-01,18000000
140579,2019/20,Josip Drmic,Attack,right,1992-08-08,1600000,1795,1,0,1,26,636,2000000,1600000,114,1,0,2019-08-01,2000000
141660,2019/20,Jesse Lingard,Midfield,right,1992-12-15,17500000,2709,1,0,1,26,932,32000000,17500000,810,0,0,2019-08-01,32000000
141660,2021/22,Jesse Lingard,Midfield,right,1992-12-15,18000000,1978,2,0,2,28,356,20000000,18000000,88,2,0,2021-08-01,20000000
141660,2022/23,Jesse Lingard,Midfield,right,1992-12-15,8000000,1613,0,0,0,29,927,14000000,8000000,867,0,0,2022-08-01,14000000
143424,2019/20,Alex Oxlade-Chamberlain,Midfield,right,1993-08-15,28000000,2860,4,1,5,25,1493,35000000,28000000,512,1,0,2019-08-01,35000000
143424,2020/21,Alex Oxlade-Chamberlain,Midfield,right,1993-08-15,18000000,2494,1,1,2,26,245,24000000,18000000,22,0,1,2020-08-01,24000000
143424,2021/22,Alex Oxlade-Chamberlain,Midfield,right,1993-08-15,16000000,2129,2,1,3,27,787,18000000,16000000,570,0,1,2021-08-01,18000000
143424,2022/23,Alex Oxlade-Chamberlain,Midfield,right,1993-08-15,7000000,1764,1,0,1,28,335,13000000,7000000,159,0,0,2022-08-01,10000000
144028,2019/20,Leandro Trossard,Attack,right,1994-12-04,13000000,2890,5,3,8,24,2013,16000000,13000000,785,2,3,2019-08-01,16000000
144028,2020/21,Leandro Trossard,Attack,right,1994-12-04,17000000,2524,5,5,10,25,2618,15000000,17000000,937,1,1,2020-08-01,15000000
144028,2021/22,Leandro Trossard,Attack,right,1994-12-04,20000000,2159,8,3,11,26,2809,17000000,20000000,1451,4,1,2021-08-01,17000000
144028,2022/23,Leandro Trossard,Attack,right,1994-12-04,35000000,1794,8,13,21,27,2257,25000000,35000000,1327,7,3,2022-08-01,30000000
144028,2023/24,Leandro Trossard,Attack,right,1994-12-04,35000000,1429,12,1,13,28,1646,38000000,35000000,659,3,1,2023-08-01,38000000
144028,2024/25,Leandro Trossard,Attack,right,1994-12-04,22000000,1063,8,8,16,29,2551,30000000,22000000,1009,3,3,2024-08-01,30000000
144028,2025/26,Leandro Trossard,Attack,right,1994-12-04,18000000,698,6,6,12,30,2008,20000000,18000000,1049,5,4,2025-08-01,20000000
145466,2020/21,Tim Ream,Defender,left,1987-10-05,600000,2343,0,0,0,32,630,1200000,600000,450,0,0,2020-08-01,1200000
145466,2022/23,Tim Ream,Defender,left,1987-10-05,1000000,1613,1,0,1,34,2900,800000,1000000,1528,1,0,2022-08-01,1000000
145466,2023/24,Tim Ream,Defender,left,1987-10-05,800000,1248,1,0,1,35,1505,1000000,800000,1144,1,0,2023-08-01,1000000
145988,2019/20,Wilfried Zaha,Attack,right,1992-11-10,44000000,2525,4,4,8,26,3280,55000000,44000000,1735,3,2,2019-08-01,55000000
145988,2020/21,Wilfried Zaha,Attack,right,1992-11-10,45000000,2159,11,2,13,27,2614,50000000,45000000,1251,8,2,2020-08-01,50000000
145988,2021/22,Wilfried Zaha,Attack,right,1992-11-10,38000000,1794,14,1,15,28,2762,40000000,38000000,1393,5,1,2021-08-01,40000000
145988,2022/23,Wilfried Zaha,Attack,right,1992-11-10,22000000,1429,7,2,9,29,2294,32000000,22000000,1329,6,2,2022-08-01,32000000
146164,2019/20,Max Meyer,Midfield,right,1995-09-18,8000000,1795,0,0,0,23,650,10000000,8000000,358,0,0,2019-08-01,10000000
146310,2023/24,Wataru Endo,Midfield,right,1993-02-09,13000000,1429,1,0,1,30,1720,13000000,13000000,624,1,0,2023-08-01,13000000
146310,2024/25,Wataru Endo,Midfield,right,1993-02-09,8000000,1063,0,0,0,31,260,12000000,8000000,56,0,0,2024-08-01,12000000
146310,2025/26,Wataru Endo,Midfield,right,1993-02-09,4000000,698,0,1,1,32,170,5000000,4000000,43,0,1,2025-08-01,5000000
146509,2020/21,Conor Townsend,Defender,left,1993-03-04,2000000,2159,0,2,2,27,2235,800000,2000000,705,0,0,2020-08-01,800000
146509,2024/25,Conor Townsend,Defender,left,1993-03-04,800000,698,0,1,1,31,335,1200000,800000,1,0,0,2024-08-01,1200000
148153,2019/20,Lewis Dunk,Defender,right,1991-11-21,20000000,2890,3,3,6,27,3231,20000000,20000000,1620,2,2,2019-08-01,20000000
148153,2020/21,Lewis Dunk,Defender,right,1991-11-21,25000000,2524,5,0,5,28,2933,27000000,25000000,1170,1,0,2020-08-01,27000000
148153,2021/22,Lewis Dunk,Defender,right,1991-11-21,20000000,2159,1,0,1,29,2574,22000000,20000000,1260,0,0,2021-08-01,22000000
148153,2022/23,Lewis Dunk,Defender,right,1991-11-21,16000000,1794,1,0,1,30,3240,18000000,16000000,1440,0,0,2022-08-01,18000000
148153,2023/24,Lewis Dunk,Defender,right,1991-11-21,12000000,1429,3,1,4,31,2872,14000000,12000000,1418,1,0,2023-08-01,14000000
148153,2024/25,Lewis Dunk,Defender,right,1991-11-21,6000000,1063,0,0,0,32,2083,10000000,6000000,1264,0,0,2024-08-01,10000000
148153,2025/26,Lewis Dunk,Defender,right,1991-11-21,3500000,698,1,0,1,33,2837,4000000,3500000,1575,0,0,2025-08-01,4000000
148367,2021/22,Christian Nørgaard,Midfield,right,1994-03-10,14000000,2159,3,4,7,27,3059,6000000,14000000,1498,1,1,2021-08-01,8000000
148367,2022/23,Christian Nørgaard,Midfield,right,1994-03-10,16000000,1794,1,4,5,28,1770,14000000,16000000,511,1,1,2022-08-01,14000000
148367,2023/24,Christian Nørgaard,Midfield,right,1994-03-10,18000000,1429,2,1,3,29,2514,20000000,18000000,1550,1,1,2023-08-01,20000000
148367,2024/25,Christian Nørgaard,Midfield,right,1994-03-10,11000000,1063,5,4,9,30,2830,15000000,11000000,1231,1,2,2024-08-01,15000000
148367,2025/26,Christian Nørgaard,Midfield,right,1994-03-10,5000000,698,0,0,0,31,101,9000000,5000000,31,0,0,2025-08-01,9000000
148368,2019/20,Divock Origi,Attack,right,1995-04-18,16000000,2525,4,3,7,24,705,20000000,16000000,390,3,2,2019-08-01,20000000
148368,2020/21,Divock Origi,Attack,right,1995-04-18,12000000,2159,0,0,0,25,182,16000000,12000000,8,0,0,2020-08-01,16000000
148368,2021/22,Divock Origi,Attack,right,1995-04-18,12000000,1794,3,1,4,26,126,12000000,12000000,38,2,0,2021-08-01,12000000
148368,2023/24,Divock Origi,Attack,right,1995-04-18,5000000,1064,0,1,1,28,600,5000000,5000000,178,0,0,2023-08-01,5000000
148928,2021/22,Saúl Ñíguez,Midfield,left,1994-11-21,25000000,2709,0,0,0,26,478,35000000,25000000,162,0,0,2021-08-01,35000000
156941,2019/20,John Lundstram,Midfield,right,1994-02-18,8000000,2525,5,3,8,25,2456,2000000,8000000,1680,3,2,2019-08-01,6000000
156941,2020/21,John Lundstram,Midfield,right,1994-02-18,7000000,2159,0,2,2,26,2032,8000000,7000000,769,0,1,2020-08-01,8000000
157490,2020/21,Michael Hector,Defender,right,1992-07-19,3500000,1063,0,0,0,28,263,6000000,3500000,263,0,0,2020-08-01,6000000
157495,2019/20,Benjamin Mendy,Defender,left,1994-07-17,28000000,2890,0,2,2,25,1496,35000000,28000000,653,0,1,2019-08-01,35000000
157495,2020/21,Benjamin Mendy,Defender,left,1994-07-17,20000000,2524,2,1,3,26,955,28000000,20000000,506,1,0,2020-08-01,28000000
157495,2021/22,Benjamin Mendy,Defender,left,1994-07-17,10000000,2159,0,0,0,27,79,10000000,10000000,79,0,0,2021-08-01,10000000
157506,2019/20,Jeffrey Schlupp,Midfield,left,1992-12-23,9500000,2525,3,2,5,26,1035,12000000,9500000,859,2,2,2019-08-01,12000000
157506,2020/21,Jeffrey Schlupp,Midfield,left,1992-12-23,9000000,2159,2,3,5,27,1426,10000000,9000000,942,1,1,2020-08-01,10000000
157506,2021/22,Jeffrey Schlupp,Midfield,left,1992-12-23,8000000,1794,4,2,6,28,1846,8000000,8000000,494,2,0,2021-08-01,8000000
157506,2022/23,Jeffrey Schlupp,Midfield,left,1992-12-23,7000000,1429,3,1,4,29,2547,8000000,7000000,1270,0,0,2022-08-01,8000000
157506,2023/24,Jeffrey Schlupp,Midfield,left,1992-12-23,7000000,1064,2,2,4,30,1354,7000000,7000000,1093,1,1,2023-08-01,7000000
157506,2024/25,Jeffrey Schlupp,Midfield,left,1992-12-23,3000000,698,0,0,0,31,94,6000000,3000000,93,0,0,2024-08-01,6000000
157672,2020/21,Vladimír Coufal,Defender,right,1992-08-22,12000000,2890,0,7,7,27,3055,6000000,12000000,1075,0,2,2020-08-01,8000000
157672,2021/22,Vladimír Coufal,Defender,right,1992-08-22,12000000,2525,0,4,4,28,2211,12000000,12000000,1183,0,2,2021-08-01,12000000
157672,2022/23,Vladimír Coufal,Defender,right,1992-08-22,9000000,2160,0,1,1,29,2139,9000000,9000000,864,0,0,2022-08-01,9000000
157672,2023/24,Vladimír Coufal,Defender,right,1992-08-22,8000000,1795,0,7,7,30,3139,9000000,8000000,1707,0,5,2023-08-01,9000000
157672,2024/25,Vladimír Coufal,Defender,right,1992-08-22,5000000,1429,0,0,0,31,1061,7000000,5000000,481,0,0,2024-08-01,7000000
158764,2020/21,Stuart Dallas,Defender,right,1991-04-19,4000000,1429,8,2,10,29,3411,3000000,4000000,1431,3,1,2020-08-01,3000000
158764,2021/22,Stuart Dallas,Defender,right,1991-04-19,4000000,1064,1,1,2,30,2922,4000000,4000000,1608,0,1,2021-08-01,4000000
159239,2019/20,Dennis Srbeny,Attack,right,1994-05-05,800000,1429,1,0,1,25,41,1000000,800000,41,1,0,2019-08-01,1000000
159372,2019/20,Felipe Anderson,Attack,right,1993-04-15,25000000,3074,1,4,5,26,1505,45000000,25000000,1189,0,4,2019-08-01,45000000
160438,2020/21,Mohamed Elneny,Midfield,right,1992-07-11,10000000,2159,1,0,1,28,1542,5000000,10000000,874,0,0,2020-08-01,7000000
160438,2021/22,Mohamed Elneny,Midfield,right,1992-07-11,11000000,1794,0,2,2,29,801,9000000,11000000,165,0,1,2021-08-01,9000000
160438,2022/23,Mohamed Elneny,Midfield,right,1992-07-11,6000000,1429,0,0,0,30,111,9000000,6000000,111,0,0,2022-08-01,9000000
160438,2023/24,Mohamed Elneny,Midfield,right,1992-07-11,3500000,1064,0,0,0,31,25,4500000,3500000,1,0,0,2023-08-01,4500000
163744,2019/20,Jack Stephens,Defender,right,1994-01-27,5500000,3256,1,3,4,25,2453,7000000,5500000,1018,1,1,2019-08-01,7000000
163744,2020/21,Jack Stephens,Defender,right,1994-01-27,5000000,2890,0,0,0,26,1539,5500000,5000000,495,0,0,2020-08-01,5500000
163744,2021/22,Jack Stephens,Defender,right,1994-01-27,7000000,2525,0,0,0,27,811,8000000,7000000,487,0,0,2021-08-01,8000000
163744,2022/23,Jack Stephens,Defender,right,1994-01-27,3500000,2160,0,0,0,28,1218,5000000,3500000,138,0,0,2022-08-01,5000000
163744,2024/25,Jack Stephens,Defender,right,1994-01-27,1500000,1429,1,0,1,30,1394,2000000,1500000,797,0,0,2024-08-01,2000000
165793,2020/21,Takumi Minamino,Attack,right,1995-01-16,12000000,2524,3,0,3,25,1006,10000000,12000000,283,1,0,2020-08-01,10000000
165793,2021/22,Takumi Minamino,Attack,right,1995-01-16,12000000,2159,3,0,3,26,178,12000000,12000000,40,1,0,2021-08-01,12000000
166240,2019/20,Jürgen Locadia,Attack,right,1993-11-07,8000000,2678,0,0,0,25,86,10000000,8000000,86,0,0,2019-08-01,10000000
166240,2021/22,Jürgen Locadia,Attack,right,1993-11-07,2000000,1947,0,0,0,27,22,3500000,2000000,22,0,0,2021-08-01,3000000
167799,2019/20,Pierre-Emile Højbjerg,Midfield,right,1995-08-05,20000000,3256,0,1,1,23,2750,15000000,20000000,1637,0,1,2019-08-01,15000000
167799,2020/21,Pierre-Emile Højbjerg,Midfield,right,1995-08-05,40000000,2890,2,4,6,24,3420,25000000,40000000,1350,0,1,2020-08-01,30000000
167799,2021/22,Pierre-Emile Højbjerg,Midfield,right,1995-08-05,40000000,2525,2,2,4,25,3199,40000000,40000000,1429,2,1,2021-08-01,40000000
167799,2022/23,Pierre-Emile Højbjerg,Midfield,right,1995-08-05,45000000,2160,4,5,9,26,3133,42000000,45000000,1335,4,2,2022-08-01,45000000
167799,2023/24,Pierre-Emile Højbjerg,Midfield,right,1995-08-05,18000000,1795,0,0,0,27,1293,32000000,18000000,730,0,0,2023-08-01,28000000
170472,2019/20,Dimitri Foulquier,Defender,right,1993-03-23,2000000,2890,0,0,0,26,58,2500000,2000000,58,0,0,2019-08-01,2500000
170527,2020/21,Timo Werner,Attack,right,1996-03-06,65000000,2890,6,12,18,24,2606,70000000,65000000,1271,4,5,2020-08-01,70000000
170527,2021/22,Timo Werner,Attack,right,1996-03-06,35000000,2525,4,1,5,25,1286,55000000,35000000,545,1,1,2021-08-01,50000000
170527,2024/25,Timo Werner,Attack,right,1996-03-06,7000000,1429,0,3,3,28,508,15000000,7000000,438,0,3,2024-08-01,15000000
170646,2022/23,Ludwig Augustinsson,Defender,left,1994-04-21,2500000,1794,0,0,0,28,75,4000000,2500000,52,0,0,2022-08-01,4000000
173504,2019/20,James Tarkowski,Defender,right,1992-11-19,20000000,3256,2,2,4,26,3420,25000000,20000000,1800,1,1,2019-08-01,25000000
173504,2020/21,James Tarkowski,Defender,right,1992-11-19,25000000,2890,1,0,1,27,3240,28000000,25000000,1170,0,0,2020-08-01,28000000
173504,2021/22,James Tarkowski,Defender,right,1992-11-19,22000000,2525,1,2,3,28,3107,22000000,22000000,1350,1,2,2021-08-01,22000000
173504,2022/23,James Tarkowski,Defender,right,1992-11-19,18000000,2160,1,1,2,29,3420,22000000,18000000,1530,0,0,2022-08-01,22000000
173504,2023/24,James Tarkowski,Defender,right,1992-11-19,13000000,1795,1,1,2,30,3420,13000000,13000000,1800,1,1,2023-08-01,13000000
173504,2024/25,James Tarkowski,Defender,right,1992-11-19,9000000,1429,1,1,2,31,2924,10000000,9000000,1612,0,0,2024-08-01,10000000
173504,2025/26,James Tarkowski,Defender,right,1992-11-19,5000000,1064,2,3,5,32,3330,7000000,5000000,1710,0,1,2025-08-01,7000000
174094,2021/22,Morgan Sanson,Midfield,right,1994-08-18,10000000,2159,0,0,0,26,352,14000000,10000000,135,0,0,2021-08-01,14000000
174094,2022/23,Morgan Sanson,Midfield,right,1994-08-18,6000000,1794,0,0,0,27,10,8000000,6000000,1,0,0,2022-08-01,6000000
175169,2019/20,Bernard,Attack,right,1992-09-08,16000000,3074,3,2,5,26,1279,20000000,16000000,657,2,1,2019-08-01,20000000
175169,2020/21,Bernard,Attack,right,1992-09-08,12000000,2708,1,0,1,27,449,15000000,12000000,208,1,0,2020-08-01,15000000
175446,2019/20,Jonny Otto,Defender,both,1994-03-03,16000000,2890,2,2,4,25,2892,20000000,16000000,1613,1,1,2019-08-01,20000000
175446,2022/23,Jonny Otto,Defender,both,1994-03-03,13000000,1794,1,0,1,28,1262,17000000,13000000,1007,0,0,2022-08-01,17000000
175446,2023/24,Jonny Otto,Defender,both,1994-03-03,5000000,1429,0,0,0,29,4,8000000,5000000,4,0,0,2023-08-01,8000000
175722,2019/20,Eric Dier,Defender,right,1994-01-15,20000000,3256,0,2,2,25,1341,30000000,20000000,611,0,1,2019-08-01,30000000
175722,2020/21,Eric Dier,Defender,right,1994-01-15,22000000,2890,0,0,0,26,2520,22000000,22000000,1260,0,0,2020-08-01,25000000
175722,2021/22,Eric Dier,Defender,right,1994-01-15,28000000,2525,0,0,0,27,3072,22000000,28000000,1452,0,0,2021-08-01,22000000
175722,2022/23,Eric Dier,Defender,right,1994-01-15,18000000,2160,2,1,3,28,2816,30000000,18000000,1374,2,0,2022-08-01,30000000
175722,2023/24,Eric Dier,Defender,right,1994-01-15,12000000,1795,0,0,0,29,199,12000000,12000000,199,0,0,2023-08-01,12000000
176553,2019/20,Aymeric Laporte,Defender,left,1994-05-27,60000000,3256,1,0,1,25,1104,75000000,60000000,307,0,0,2019-08-01,75000000
176553,2020/21,Aymeric Laporte,Defender,left,1994-05-27,45000000,2890,0,0,0,26,1343,60000000,45000000,360,0,0,2020-08-01,60000000
176553,2021/22,Aymeric Laporte,Defender,left,1994-05-27,45000000,2525,4,0,4,27,2834,45000000,45000000,1363,2,0,2021-08-01,45000000
176553,2022/23,Aymeric Laporte,Defender,left,1994-05-27,25000000,2160,0,0,0,28,993,38000000,25000000,285,0,0,2022-08-01,38000000
176553,2023/24,Aymeric Laporte,Defender,left,1994-05-27,20000000,1795,0,0,0,29,11,25000000,20000000,11,0,0,2023-08-01,25000000
177065,2019/20,Florin Andone,Attack,right,1993-04-11,3200000,1429,1,0,1,26,72,4500000,3200000,72,1,0,2019-08-01,4500000
177907,2019/20,Harry Maguire,Defender,right,1993-03-05,56000000,2890,1,1,2,26,3420,70000000,56000000,1800,0,1,2019-08-01,70000000
177907,2020/21,Harry Maguire,Defender,right,1993-03-05,50000000,2524,2,1,3,27,3048,50000000,50000000,1350,1,0,2020-08-01,40000000
177907,2021/22,Harry Maguire,Defender,right,1993-03-05,38000000,2159,1,0,1,28,2515,48000000,38000000,1396,0,0,2021-08-01,48000000
177907,2022/23,Harry Maguire,Defender,right,1993-03-05,20000000,1794,0,0,0,29,762,30000000,20000000,294,0,0,2022-08-01,30000000
177907,2023/24,Harry Maguire,Defender,right,1993-03-05,18000000,1429,2,3,5,30,1650,20000000,18000000,836,0,1,2023-08-01,20000000
177907,2024/25,Harry Maguire,Defender,right,1993-03-05,13000000,1063,1,0,1,31,1756,15000000,13000000,720,0,0,2024-08-01,15000000
177907,2025/26,Harry Maguire,Defender,right,1993-03-05,8000000,698,1,2,3,32,1655,10000000,8000000,344,1,1,2025-08-01,10000000
179184,2019/20,Michy Batshuayi,Attack,right,1993-10-02,14000000,2890,1,1,2,25,224,25000000,14000000,117,1,1,2019-08-01,22000000
179184,2020/21,Michy Batshuayi,Attack,right,1993-10-02,10000000,2524,2,2,4,26,722,12000000,10000000,424,0,2,2020-08-01,12000000
181375,2019/20,Sébastien Haller,Attack,right,1994-06-22,36000000,2890,7,2,9,25,2263,45000000,36000000,1403,5,1,2019-08-01,45000000
181375,2020/21,Sébastien Haller,Attack,right,1994-06-22,27000000,2524,3,0,3,26,935,30000000,27000000,876,3,0,2020-08-01,30000000
181380,2019/20,Arthur Masuaku,Defender,left,1993-11-07,6500000,2890,0,1,1,25,932,10000000,6500000,563,0,1,2019-08-01,10000000
181380,2020/21,Arthur Masuaku,Defender,left,1993-11-07,7000000,2524,0,2,2,26,1010,7500000,7000000,853,0,1,2020-08-01,7500000
181380,2021/22,Arthur Masuaku,Defender,left,1993-11-07,5000000,2159,1,1,2,27,647,5000000,5000000,415,1,0,2021-08-01,5000000
181380,2025/26,Arthur Masuaku,Defender,left,1993-11-07,2000000,698,0,0,0,31,127,2500000,2000000,127,0,0,2025-08-01,2500000
181579,2019/20,James Ward-Prowse,Midfield,right,1994-11-01,18000000,2890,5,3,8,24,3420,18000000,18000000,1800,4,2,2019-08-01,18000000
181579,2020/21,James Ward-Prowse,Midfield,right,1994-11-01,30000000,2524,8,7,15,25,3420,20000000,30000000,1440,4,3,2020-08-01,25000000
181579,2021/22,James Ward-Prowse,Midfield,right,1994-11-01,32000000,2159,10,5,15,26,3217,32000000,32000000,1507,5,1,2021-08-01,32000000
181579,2022/23,James Ward-Prowse,Midfield,right,1994-11-01,38000000,1794,9,4,13,27,3372,35000000,38000000,1530,3,2,2022-08-01,35000000
181579,2023/24,James Ward-Prowse,Midfield,right,1994-11-01,30000000,1429,7,7,14,28,3004,38000000,30000000,1594,3,6,2023-08-01,38000000
181579,2024/25,James Ward-Prowse,Midfield,right,1994-11-01,8000000,1063,1,2,3,29,1440,22000000,8000000,412,0,0,2024-08-01,16000000
181579,2025/26,James Ward-Prowse,Midfield,right,1994-11-01,5000000,698,0,1,1,30,1097,6000000,5000000,416,0,0,2025-08-01,6000000
181687,2024/25,Massimo Luongo,Midfield,right,1992-09-25,400000,698,0,0,0,31,196,500000,400000,144,0,0,2024-08-01,500000
181778,2019/20,Emerson,Defender,left,1994-08-03,24000000,2890,0,0,0,24,1025,25000000,24000000,918,0,0,2019-08-01,30000000
181778,2020/21,Emerson,Defender,left,1994-08-03,14000000,2524,0,0,0,25,88,18000000,14000000,88,0,0,2020-08-01,15000000
181778,2021/22,Emerson,Defender,left,1994-08-03,14000000,2159,0,0,0,26,4,14000000,14000000,4,0,0,2021-08-01,14000000
181778,2022/23,Emerson,Defender,left,1994-08-03,12000000,1794,1,0,1,27,1322,15000000,12000000,286,0,0,2022-08-01,12000000
181778,2023/24,Emerson,Defender,left,1994-08-03,12000000,1429,1,2,3,28,3143,12000000,12000000,1575,0,1,2023-08-01,12000000
181778,2024/25,Emerson,Defender,left,1994-08-03,10000000,1063,2,1,3,29,2125,12000000,10000000,1362,1,1,2024-08-01,12000000
182712,2019/20,João Cancelo,Defender,right,1994-05-27,36000000,2890,0,0,0,25,1205,50000000,36000000,397,0,0,2019-08-01,50000000
182712,2020/21,João Cancelo,Defender,right,1994-05-27,55000000,2524,2,4,6,26,2302,36000000,55000000,900,0,1,2020-08-01,36000000
182712,2021/22,João Cancelo,Defender,right,1994-05-27,65000000,2159,1,7,8,27,3228,60000000,65000000,1698,1,4,2021-08-01,60000000
182712,2022/23,João Cancelo,Defender,right,1994-05-27,50000000,1794,2,1,3,28,1278,70000000,50000000,1143,2,1,2022-08-01,70000000
182894,2019/20,Jean-Philippe Gbamin,Defender,right,1995-09-25,22500000,3256,0,0,0,23,135,28000000,22500000,135,0,0,2019-08-01,28000000
182894,2021/22,Jean-Philippe Gbamin,Defender,right,1995-09-25,9000000,2525,0,0,0,25,65,10000000,9000000,65,0,0,2021-08-01,10000000
182904,2022/23,Clément Lenglet,Defender,left,1995-06-17,10000000,1794,0,2,2,27,2027,12000000,10000000,663,0,2,2022-08-01,12000000
182904,2023/24,Clément Lenglet,Defender,left,1995-06-17,10000000,1429,0,1,1,28,1155,8000000,10000000,242,0,1,2023-08-01,8000000
183288,2019/20,Luke Shaw,Defender,left,1995-07-12,22000000,2890,0,0,0,24,1735,22000000,22000000,588,0,0,2019-08-01,22000000
183288,2020/21,Luke Shaw,Defender,left,1995-07-12,42000000,2524,1,5,6,25,2655,22000000,42000000,892,0,1,2020-08-01,22000000
183288,2021/22,Luke Shaw,Defender,left,1995-07-12,38000000,2159,0,3,3,26,1604,42000000,38000000,1093,0,1,2021-08-01,42000000
183288,2022/23,Luke Shaw,Defender,left,1995-07-12,42000000,1794,1,2,3,27,2556,30000000,42000000,965,0,1,2022-08-01,28000000
183288,2023/24,Luke Shaw,Defender,left,1995-07-12,32000000,1429,0,0,0,28,963,38000000,32000000,695,0,0,2023-08-01,38000000
183288,2024/25,Luke Shaw,Defender,left,1995-07-12,12000000,1063,0,0,0,29,348,28000000,12000000,68,0,0,2024-08-01,20000000
183288,2025/26,Luke Shaw,Defender,left,1995-07-12,8000000,698,1,1,2,30,3233,10000000,8000000,1646,0,1,2025-08-01,10000000
183293,2022/23,Joe Rothwell,Midfield,right,1995-01-11,4000000,1794,0,1,1,27,1016,3500000,4000000,35,0,0,2022-08-01,3500000
183293,2023/24,Joe Rothwell,Midfield,right,1995-01-11,2500000,1429,0,0,0,28,381,4000000,2500000,381,0,0,2023-08-01,4000000
183299,2019/20,Callum Robinson,Attack,right,1995-02-02,5500000,2160,1,2,3,24,676,7000000,5500000,641,1,2,2019-08-01,7000000
183299,2020/21,Callum Robinson,Attack,right,1995-02-02,6000000,1794,5,0,5,25,1563,8000000,6000000,757,2,0,2020-08-01,8000000
183302,2022/23,Ben Pearson,Midfield,right,1995-01-04,2200000,1794,0,0,0,27,284,2500000,2200000,214,0,0,2022-08-01,2500000
183334,2020/21,Patrick Bamford,Attack,left,1993-09-05,22000000,2159,17,8,25,26,3063,10000000,22000000,1370,10,3,2020-08-01,15000000
183334,2021/22,Patrick Bamford,Attack,left,1993-09-05,16000000,1794,2,2,4,27,559,20000000,16000000,459,2,2,2021-08-01,20000000
183334,2022/23,Patrick Bamford,Attack,left,1993-09-05,9000000,1429,4,2,6,28,1523,14000000,9000000,429,0,1,2022-08-01,12000000
183720,2019/20,Anwar El Ghazi,Attack,right,1995-05-03,8000000,2160,4,4,8,24,2064,10000000,8000000,1233,3,4,2019-08-01,10000000
183720,2020/21,Anwar El Ghazi,Attack,right,1995-05-03,13000000,1794,10,0,10,25,1612,8000000,13000000,397,5,0,2020-08-01,8000000
183720,2021/22,Anwar El Ghazi,Attack,right,1995-05-03,9000000,1429,1,1,2,26,394,10000000,9000000,383,1,1,2021-08-01,10000000
184573,2019/20,Victor Lindelöf,Defender,right,1994-07-17,28000000,2890,1,0,1,25,3093,35000000,28000000,1710,1,0,2019-08-01,35000000
184573,2020/21,Victor Lindelöf,Defender,right,1994-07-17,24000000,2524,1,1,2,26,2586,24000000,24000000,1146,1,1,2020-08-01,24000000
184573,2021/22,Victor Lindelöf,Defender,right,1994-07-17,22000000,2159,0,2,2,27,2354,24000000,22000000,1087,0,2,2021-08-01,24000000
184573,2022/23,Victor Lindelöf,Defender,right,1994-07-17,18000000,1794,0,0,0,28,1360,18000000,18000000,350,0,0,2022-08-01,15000000
184573,2023/24,Victor Lindelöf,Defender,right,1994-07-17,15000000,1429,1,1,2,29,1332,18000000,15000000,901,1,1,2023-08-01,18000000
184573,2024/25,Victor Lindelöf,Defender,right,1994-07-17,8000000,1063,0,0,0,30,697,10000000,8000000,59,0,0,2024-08-01,10000000
184573,2025/26,Victor Lindelöf,Defender,right,1994-07-17,5000000,698,0,1,1,31,944,6000000,5000000,385,0,1,2025-08-01,6000000
186186,2020/21,Bobby De Cordova-Reid,Midfield,right,1993-02-02,10000000,2524,5,3,8,27,2382,8000000,10000000,935,4,1,2020-08-01,8000000
186186,2022/23,Bobby De Cordova-Reid,Midfield,right,1993-02-02,7000000,1794,4,1,5,29,2485,7000000,7000000,1359,4,1,2022-08-01,7000000
186186,2023/24,Bobby De Cordova-Reid,Midfield,right,1993-02-02,5000000,1429,6,2,8,30,1423,6000000,5000000,845,4,0,2023-08-01,6000000
186186,2024/25,Bobby De Cordova-Reid,Midfield,right,1993-02-02,2500000,1063,1,3,4,31,741,5000000,2500000,273,1,1,2024-08-01,5000000
186644,2021/22,Mohamed Elyounoussi,Attack,right,1994-08-04,12000000,2890,4,2,6,26,2045,10000000,12000000,905,2,0,2021-08-01,10000000
186644,2022/23,Mohamed Elyounoussi,Attack,right,1994-08-04,9000000,2525,1,1,2,27,2179,12000000,9000000,1156,0,1,2022-08-01,12000000
186901,2020/21,Marek Rodák,Goalkeeper,right,1996-12-13,5000000,2524,0,0,0,23,180,6000000,5000000,90,0,0,2020-08-01,6000000
186901,2022/23,Marek Rodák,Goalkeeper,right,1996-12-13,3000000,1794,0,0,0,25,180,3500000,3000000,180,0,0,2022-08-01,3500000
188077,2022/23,Ryan Christie,Midfield,left,1995-02-22,10000000,2525,1,1,2,27,1841,9000000,10000000,755,1,0,2022-08-01,9000000
188077,2023/24,Ryan Christie,Midfield,left,1995-02-22,12000000,2160,0,5,5,28,2920,12000000,12000000,1488,0,2,2023-08-01,12000000
188077,2024/25,Ryan Christie,Midfield,left,1995-02-22,10000000,1794,2,3,5,29,2131,12000000,10000000,1321,1,1,2024-08-01,12000000
188077,2025/26,Ryan Christie,Midfield,left,1995-02-22,8000000,1429,2,0,2,30,986,9000000,8000000,288,1,0,2025-08-01,9000000
191217,2019/20,Héctor Bellerín,Defender,right,1995-03-19,32000000,3256,1,0,1,24,1159,40000000,32000000,263,0,0,2019-08-01,40000000
191217,2020/21,Héctor Bellerín,Defender,right,1995-03-19,25000000,2890,1,3,4,25,2093,32000000,25000000,1229,0,3,2020-08-01,28000000
191614,2019/20,Fred,Midfield,both,1993-03-05,17500000,2890,0,0,0,26,2159,25000000,17500000,1228,0,0,2019-08-01,22000000
191614,2020/21,Fred,Midfield,both,1993-03-05,22000000,2524,1,0,1,27,2396,17500000,22000000,825,0,0,2020-08-01,20000000
191614,2021/22,Fred,Midfield,both,1993-03-05,20000000,2159,4,5,9,28,2035,22000000,20000000,1170,2,2,2021-08-01,22000000
191614,2022/23,Fred,Midfield,both,1993-03-05,20000000,1794,2,2,4,29,1233,20000000,20000000,435,2,0,2022-08-01,20000000
192080,2019/20,Nick Pope,Goalkeeper,right,1992-04-19,12000000,2890,0,0,0,27,3420,12000000,12000000,1800,0,0,2019-08-01,12000000
192080,2020/21,Nick Pope,Goalkeeper,right,1992-04-19,15000000,2524,0,0,0,28,2880,12000000,15000000,1260,0,0,2020-08-01,12000000
192080,2021/22,Nick Pope,Goalkeeper,right,1992-04-19,15000000,2159,0,0,0,29,3240,15000000,15000000,1350,0,0,2021-08-01,15000000
192080,2022/23,Nick Pope,Goalkeeper,right,1992-04-19,20000000,1794,0,0,0,30,3262,18000000,20000000,1530,0,0,2022-08-01,18000000
192080,2023/24,Nick Pope,Goalkeeper,right,1992-04-19,16000000,1429,0,0,0,31,1346,20000000,16000000,1256,0,0,2023-08-01,20000000
192080,2024/25,Nick Pope,Goalkeeper,right,1992-04-19,8000000,1063,0,0,0,32,2520,14000000,8000000,1350,0,0,2024-08-01,14000000
192080,2025/26,Nick Pope,Goalkeeper,right,1992-04-19,5000000,698,0,0,0,33,2417,7000000,5000000,1157,0,0,2025-08-01,7000000
192279,2019/20,Kepa Arrizabalaga,Goalkeeper,right,1994-10-03,28000000,3256,0,0,0,24,2970,60000000,28000000,1800,0,0,2019-08-01,60000000
192279,2020/21,Kepa Arrizabalaga,Goalkeeper,right,1994-10-03,13000000,2890,0,0,0,25,585,18000000,13000000,270,0,0,2020-08-01,15000000
192279,2021/22,Kepa Arrizabalaga,Goalkeeper,right,1994-10-03,10000000,2525,0,0,0,26,360,10000000,10000000,90,0,0,2021-08-01,10000000
192279,2022/23,Kepa Arrizabalaga,Goalkeeper,right,1994-10-03,18000000,2160,0,0,0,27,2565,15000000,18000000,585,0,0,2022-08-01,15000000
192279,2024/25,Kepa Arrizabalaga,Goalkeeper,right,1994-10-03,10000000,1429,0,0,0,29,2790,11000000,10000000,1260,0,0,2024-08-01,11000000
192765,2019/20,Ben Davies,Defender,left,1993-04-24,17500000,2890,0,0,0,26,1432,22000000,17500000,361,0,0,2019-08-01,22000000
192765,2020/21,Ben Davies,Defender,left,1993-04-24,16000000,2524,0,2,2,27,1340,17500000,16000000,587,0,2,2020-08-01,17500000
192765,2021/22,Ben Davies,Defender,left,1993-04-24,20000000,2159,1,1,2,28,2539,18000000,20000000,660,0,1,2021-08-01,18000000
192765,2022/23,Ben Davies,Defender,left,1993-04-24,15000000,1794,2,2,4,29,2290,20000000,15000000,996,2,1,2022-08-01,20000000
192765,2023/24,Ben Davies,Defender,left,1993-04-24,10000000,1429,1,0,1,30,1086,15000000,10000000,898,1,0,2023-08-01,15000000
192765,2024/25,Ben Davies,Defender,left,1993-04-24,6000000,1063,0,0,0,31,1330,8000000,6000000,271,0,0,2024-08-01,8000000
192765,2025/26,Ben Davies,Defender,left,1993-04-24,3000000,698,1,0,1,32,138,5000000,3000000,31,0,0,2025-08-01,5000000
192875,2021/22,William Troost-Ekong,Defender,right,1993-09-01,4000000,2525,0,0,0,27,1388,5000000,4000000,1286,0,0,2021-08-01,5000000
193098,2023/24,Álex Moreno,Defender,left,1993-06-08,13000000,1429,2,0,2,30,1030,10000000,13000000,265,1,0,2023-08-01,10000000
193098,2024/25,Álex Moreno,Defender,left,1993-06-08,7000000,1063,0,1,1,31,960,11000000,7000000,795,0,1,2024-08-01,11000000
193116,2019/20,John McGinn,Midfield,left,1994-10-18,16000000,3256,3,3,6,24,2317,20000000,16000000,1538,3,2,2019-08-01,20000000
193116,2020/21,John McGinn,Midfield,left,1994-10-18,30000000,2890,3,6,9,25,3330,16000000,30000000,1260,1,5,2020-08-01,20000000
193116,2021/22,John McGinn,Midfield,left,1994-10-18,32000000,2525,3,4,7,26,3093,30000000,32000000,1388,3,2,2021-08-01,30000000
193116,2022/23,John McGinn,Midfield,left,1994-10-18,27000000,2160,1,3,4,27,2698,30000000,27000000,1150,0,0,2022-08-01,30000000
193116,2023/24,John McGinn,Midfield,left,1994-10-18,30000000,1795,6,4,10,28,3010,30000000,30000000,1711,5,2,2023-08-01,30000000
193116,2024/25,John McGinn,Midfield,left,1994-10-18,16000000,1429,1,4,5,29,2231,23000000,16000000,1242,0,3,2024-08-01,23000000
193116,2025/26,John McGinn,Midfield,left,1994-10-18,13000000,1064,5,5,10,30,2158,15000000,13000000,1433,1,3,2025-08-01,15000000
194460,2020/21,Joe Bryan,Defender,left,1993-09-17,5000000,2524,1,1,2,26,665,5500000,5000000,342,0,1,2020-08-01,5500000
195488,2019/20,Paulo Gazzaniga,Goalkeeper,right,1992-01-02,2800000,2890,0,0,0,27,1612,3500000,2800000,1252,0,0,2019-08-01,3500000
195633,2019/20,Charlie Taylor,Defender,left,1993-09-18,4000000,2525,0,1,1,25,1946,5000000,4000000,566,0,0,2019-08-01,5000000
195633,2020/21,Charlie Taylor,Defender,left,1993-09-18,4000000,2159,0,1,1,26,2428,4000000,4000000,1269,0,1,2020-08-01,4000000
195633,2021/22,Charlie Taylor,Defender,left,1993-09-18,3000000,1794,0,3,3,27,2730,4000000,3000000,1350,0,1,2021-08-01,4000000
195633,2023/24,Charlie Taylor,Defender,left,1993-09-18,3000000,1064,1,1,2,29,2332,3000000,3000000,1440,1,1,2023-08-01,3000000
195633,2024/25,Charlie Taylor,Defender,left,1993-09-18,2200000,698,0,0,0,30,353,2800000,2200000,218,0,0,2024-08-01,2800000
195906,2019/20,Albian Ajeti,Attack,right,1997-02-26,4800000,3256,0,0,0,22,132,6000000,4800000,122,0,0,2019-08-01,6000000
196722,2023/24,Remi Matthews,Goalkeeper,right,1994-02-10,500000,1429,0,0,0,29,3,500000,500000,3,0,0,2023-08-01,500000
196948,2019/20,Andreas Christensen,Defender,right,1996-04-10,24000000,3256,0,0,0,23,1752,35000000,24000000,672,0,0,2019-08-01,30000000
196948,2020/21,Andreas Christensen,Defender,right,1996-04-10,30000000,2890,0,0,0,24,1371,24000000,30000000,405,0,0,2020-08-01,24000000
196948,2021/22,Andreas Christensen,Defender,right,1996-04-10,35000000,2525,0,0,0,25,1494,35000000,35000000,999,0,0,2021-08-01,35000000
198516,2022/23,Harry Toffolo,Defender,left,1995-08-19,3500000,2344,0,0,0,26,935,3500000,3500000,605,0,0,2022-08-01,3500000
198516,2023/24,Harry Toffolo,Defender,left,1995-08-19,5000000,1979,1,3,4,27,1455,5000000,5000000,922,1,3,2023-08-01,5000000
198516,2024/25,Harry Toffolo,Defender,left,1995-08-19,3000000,1613,0,0,0,28,135,5000000,3000000,45,0,0,2024-08-01,5000000
199527,2020/21,Jacob Murphy,Attack,right,1995-02-24,4000000,2524,2,3,5,25,1621,3500000,4000000,622,1,1,2020-08-01,3500000
199527,2021/22,Jacob Murphy,Attack,right,1995-02-24,5000000,2159,1,2,3,26,1460,5000000,5000000,785,1,1,2021-08-01,4000000
199527,2022/23,Jacob Murphy,Attack,right,1995-02-24,15000000,1794,4,2,6,27,1243,7000000,15000000,497,1,1,2022-08-01,10000000
199527,2023/24,Jacob Murphy,Attack,right,1995-02-24,15000000,1429,3,7,10,28,1193,15000000,15000000,119,1,3,2023-08-01,15000000
199527,2024/25,Jacob Murphy,Attack,right,1995-02-24,16000000,1063,8,12,20,29,2382,14000000,16000000,946,3,6,2024-08-01,14000000
199527,2025/26,Jacob Murphy,Attack,right,1995-02-24,12000000,698,3,2,5,30,1620,15000000,12000000,918,2,1,2025-08-01,15000000
200512,2019/20,Sadio Mané,Attack,right,1992-04-10,120000000,2890,18,9,27,27,2755,150000000,120000000,1509,10,8,2019-08-01,150000000
200512,2020/21,Sadio Mané,Attack,right,1992-04-10,85000000,2524,11,8,19,28,2812,120000000,85000000,1242,6,3,2020-08-01,120000000
200512,2021/22,Sadio Mané,Attack,right,1992-04-10,70000000,2159,16,4,20,29,2825,80000000,70000000,1624,7,2,2021-08-01,80000000
202886,2020/21,Ruben Loftus-Cheek,Midfield,right,1996-01-23,18000000,2524,1,0,1,24,1974,24000000,18000000,669,1,0,2020-08-01,24000000
202886,2021/22,Ruben Loftus-Cheek,Midfield,right,1996-01-23,20000000,2159,0,3,3,25,1387,20000000,20000000,694,0,2,2021-08-01,20000000
202886,2022/23,Ruben Loftus-Cheek,Midfield,right,1996-01-23,25000000,1794,0,1,1,26,1542,22000000,25000000,957,0,0,2022-08-01,25000000
203026,2022/23,Danny Ward,Goalkeeper,right,1993-06-22,6000000,1794,0,0,0,29,2340,8000000,6000000,1530,0,0,2022-08-01,8000000
203026,2024/25,Danny Ward,Goalkeeper,right,1993-06-22,1200000,1063,0,0,0,31,135,1500000,1200000,135,0,0,2024-08-01,1500000
203394,2019/20,Andreas Pereira,Midfield,right,1996-01-01,16000000,3440,1,3,4,23,1489,15000000,16000000,1149,1,3,2019-08-01,20000000
203394,2022/23,Andreas Pereira,Midfield,right,1996-01-01,18000000,2344,4,6,10,26,2718,7000000,18000000,1426,2,4,2022-08-01,13000000
203394,2023/24,Andreas Pereira,Midfield,right,1996-01-01,20000000,1979,3,7,10,27,2639,20000000,20000000,1332,1,4,2023-08-01,20000000
203394,2024/25,Andreas Pereira,Midfield,right,1996-01-01,18000000,1613,2,6,8,28,2026,20000000,18000000,1164,2,3,2024-08-01,20000000
203460,2019/20,Jack Grealish,Attack,right,1995-09-10,40000000,2890,8,6,14,23,3234,35000000,40000000,1614,5,5,2019-08-01,35000000
203460,2020/21,Jack Grealish,Attack,right,1995-09-10,65000000,2524,6,12,18,24,2185,45000000,65000000,1260,5,8,2020-08-01,50000000
203460,2021/22,Jack Grealish,Attack,right,1995-09-10,70000000,2159,3,3,6,25,1916,100000000,70000000,1067,2,2,2021-08-01,80000000
203460,2022/23,Jack Grealish,Attack,right,1995-09-10,75000000,1794,5,7,12,26,2063,70000000,75000000,710,1,2,2022-08-01,70000000
203460,2023/24,Jack Grealish,Attack,right,1995-09-10,60000000,1429,3,1,4,27,1001,70000000,60000000,686,3,1,2023-08-01,70000000
203460,2024/25,Jack Grealish,Attack,right,1995-09-10,28000000,1063,1,1,2,28,715,55000000,28000000,571,0,1,2024-08-01,45000000
203460,2025/26,Jack Grealish,Attack,right,1995-09-10,20000000,698,2,6,8,29,1632,25000000,20000000,1362,2,4,2025-08-01,25000000
204198,2019/20,Romain Saïss,Defender,left,1990-03-26,8000000,2525,2,1,3,29,2706,5000000,8000000,1176,2,0,2019-08-01,5000000
204198,2020/21,Romain Saïss,Defender,left,1990-03-26,10000000,2159,3,0,3,30,2408,10000000,10000000,968,2,0,2020-08-01,10000000
204198,2021/22,Romain Saïss,Defender,left,1990-03-26,8000000,1794,2,0,2,31,2709,9000000,8000000,1569,2,0,2021-08-01,9000000
204294,2021/22,Saman Ghoddos,Midfield,right,1993-09-06,2500000,2159,1,2,3,27,528,3000000,2500000,307,1,2,2021-08-01,3000000
204294,2022/23,Saman Ghoddos,Midfield,right,1993-09-06,2000000,1794,0,0,0,28,124,2200000,2000000,79,0,0,2022-08-01,2200000
204294,2023/24,Saman Ghoddos,Midfield,right,1993-09-06,2000000,1429,1,0,1,29,730,2000000,2000000,693,1,0,2023-08-01,2000000
205503,2019/20,Ibrahim Amadou,Midfield,right,1993-04-06,5500000,1979,0,0,0,26,756,7000000,5500000,731,0,0,2019-08-01,7000000
206040,2019/20,Raúl Jiménez,Attack,right,1991-05-05,40000000,3256,17,6,23,28,3252,42000000,40000000,1673,8,6,2019-08-01,42000000
206040,2020/21,Raúl Jiménez,Attack,right,1991-05-05,28000000,2890,4,0,4,29,825,40000000,28000000,825,4,0,2020-08-01,40000000
206040,2021/22,Raúl Jiménez,Attack,right,1991-05-05,18000000,2525,6,4,10,30,2638,22000000,18000000,1396,3,2,2021-08-01,22000000
206040,2022/23,Raúl Jiménez,Attack,right,1991-05-05,6000000,2160,0,1,1,31,841,15000000,6000000,220,0,0,2022-08-01,12000000
206040,2023/24,Raúl Jiménez,Attack,right,1991-05-05,5000000,1795,7,0,7,32,1402,6000000,5000000,1116,5,0,2023-08-01,6000000
206040,2024/25,Raúl Jiménez,Attack,right,1991-05-05,5000000,1429,12,3,15,33,2507,5000000,5000000,1145,6,2,2024-08-01,5000000
206040,2025/26,Raúl Jiménez,Attack,right,1991-05-05,3000000,1064,9,3,12,34,2199,4000000,3000000,1050,4,2,2025-08-01,4000000
206225,2019/20,Isaac Hayden,Midfield,right,1995-03-22,8000000,2525,1,2,3,24,2226,10000000,8000000,1367,0,1,2019-08-01,10000000
206225,2020/21,Isaac Hayden,Midfield,right,1995-03-22,10000000,2159,0,0,0,25,1944,10000000,10000000,911,0,0,2020-08-01,10000000
206225,2021/22,Isaac Hayden,Midfield,right,1995-03-22,8000000,1794,1,0,1,26,1001,10000000,8000000,1001,1,0,2021-08-01,10000000
206746,2020/21,Kenny Tete,Defender,right,1995-10-09,5000000,2890,0,1,1,24,1482,5500000,5000000,129,0,1,2020-08-01,5500000
206746,2022/23,Kenny Tete,Defender,right,1995-10-09,15000000,2160,1,5,6,26,2575,7000000,15000000,890,0,4,2022-08-01,7000000
206746,2023/24,Kenny Tete,Defender,right,1995-10-09,15000000,1795,1,0,1,27,868,15000000,15000000,606,1,0,2023-08-01,15000000
206746,2024/25,Kenny Tete,Defender,right,1995-10-09,13000000,1429,0,2,2,28,1779,15000000,13000000,1266,0,2,2024-08-01,15000000
206746,2025/26,Kenny Tete,Defender,right,1995-10-09,8000000,1064,1,0,1,29,1795,11000000,8000000,1297,1,0,2025-08-01,11000000
207014,2019/20,Will Hughes,Midfield,left,1995-04-17,14500000,2890,1,1,2,24,2262,18000000,14500000,1162,1,1,2019-08-01,18000000
207014,2021/22,Will Hughes,Midfield,left,1995-04-17,6000000,2159,0,1,1,26,1058,6000000,6000000,336,0,1,2021-08-01,6000000
207014,2022/23,Will Hughes,Midfield,left,1995-04-17,5000000,1794,1,1,2,27,828,5000000,5000000,92,0,0,2022-08-01,5000000
207014,2023/24,Will Hughes,Midfield,left,1995-04-17,9000000,1429,0,1,1,28,1900,9000000,9000000,972,0,0,2023-08-01,9000000
207014,2024/25,Will Hughes,Midfield,left,1995-04-17,7000000,1063,0,4,4,29,2120,9000000,7000000,1096,0,3,2024-08-01,9000000
207014,2025/26,Will Hughes,Midfield,left,1995-04-17,5000000,698,0,0,0,30,1568,6000000,5000000,634,0,0,2025-08-01,6000000
209781,2019/20,Oumar Niasse,Attack,right,1990-04-18,3200000,1429,0,0,0,29,19,4000000,3200000,1,0,0,2019-08-01,4000000
212829,2019/20,Jack O'Connell,Defender,left,1994-03-29,9500000,1429,0,1,1,25,2915,10000000,9500000,1800,0,1,2019-08-01,10000000
212829,2020/21,Jack O'Connell,Defender,left,1994-03-29,5000000,1063,0,0,0,26,180,9500000,5000000,180,0,0,2020-08-01,9500000
214056,2020/21,Daniel Amartey,Defender,right,1994-12-21,5000000,2159,1,0,1,25,719,3500000,5000000,265,0,0,2020-08-01,3500000
214056,2021/22,Daniel Amartey,Defender,right,1994-12-21,10000000,1794,0,0,0,26,2118,5000000,10000000,785,0,0,2021-08-01,5000000
214056,2022/23,Daniel Amartey,Defender,right,1994-12-21,12000000,1429,0,0,0,27,1610,15000000,12000000,1094,0,0,2022-08-01,15000000
214666,2021/22,Connor Roberts,Defender,right,1995-09-23,2500000,2159,1,1,2,25,1690,3000000,2500000,15,0,0,2021-08-01,3000000
214666,2023/24,Connor Roberts,Defender,right,1995-09-23,7000000,1429,0,0,0,27,819,7000000,7000000,772,0,0,2023-08-01,7000000
214928,2020/21,Kean Bryan,Defender,left,1996-11-01,2000000,1063,1,0,1,23,1007,250000,2000000,153,0,0,2020-08-01,250000
215118,2019/20,Calum Chambers,Defender,right,1995-01-20,14500000,2890,1,1,2,24,1103,18000000,14500000,1103,1,1,2019-08-01,18000000
215118,2021/22,Calum Chambers,Defender,right,1995-01-20,10000000,2159,1,0,1,26,1001,12000000,10000000,171,0,0,2021-08-01,12000000
215118,2022/23,Calum Chambers,Defender,right,1995-01-20,8000000,1794,0,0,0,27,344,10000000,8000000,100,0,0,2022-08-01,10000000
215679,2019/20,Georges-Kevin N'Koudou,Attack,right,1995-02-13,3500000,3256,0,0,0,24,2,4500000,3500000,2,0,0,2019-08-01,4500000
215876,2019/20,Ricardo Pereira,Defender,right,1993-10-06,32000000,2525,3,2,5,25,2520,30000000,32000000,1710,2,1,2019-08-01,40000000
215876,2021/22,Ricardo Pereira,Defender,right,1993-10-06,20000000,1794,1,3,4,27,992,25000000,20000000,596,0,2,2021-08-01,25000000
215876,2024/25,Ricardo Pereira,Defender,right,1993-10-06,4500000,698,0,0,0,30,385,7000000,4500000,148,0,0,2024-08-01,7000000
217111,2020/21,Hakim Ziyech,Attack,left,1993-03-19,38000000,2524,2,3,5,27,1177,40000000,38000000,390,1,3,2020-08-01,45000000
217111,2021/22,Hakim Ziyech,Attack,left,1993-03-19,28000000,2159,4,3,7,28,1316,35000000,28000000,549,1,2,2021-08-01,35000000
217111,2022/23,Hakim Ziyech,Attack,left,1993-03-19,16000000,1794,0,3,3,29,653,20000000,16000000,148,0,0,2022-08-01,20000000
217115,2019/20,Neal Maupay,Attack,right,1996-08-14,20000000,3256,10,3,13,22,2771,18000000,20000000,1452,7,1,2019-08-01,22000000
217115,2020/21,Neal Maupay,Attack,right,1996-08-14,20000000,2890,8,2,10,23,2520,22000000,20000000,1031,5,1,2020-08-01,22000000
217115,2021/22,Neal Maupay,Attack,right,1996-08-14,18000000,2525,8,2,10,24,2274,20000000,18000000,1196,7,0,2021-08-01,20000000
217115,2022/23,Neal Maupay,Attack,right,1996-08-14,10000000,2160,1,0,1,25,1115,15000000,10000000,657,1,0,2022-08-01,13000000
217115,2023/24,Neal Maupay,Attack,right,1996-08-14,12000000,1795,6,3,9,26,1424,10000000,12000000,801,2,3,2023-08-01,10000000
218087,2019/20,Ben Osborn,Midfield,left,1994-08-05,2000000,2525,0,0,0,24,591,2500000,2000000,51,0,0,2019-08-01,2500000
218087,2020/21,Ben Osborn,Midfield,left,1994-08-05,2000000,2159,1,0,1,25,1605,2000000,2000000,598,0,0,2020-08-01,2000000
218087,2023/24,Ben Osborn,Midfield,left,1994-08-05,1000000,1064,0,2,2,28,1363,1000000,1000000,310,0,0,2023-08-01,1000000
221025,2019/20,André Gomes,Midfield,right,1993-07-30,22500000,2890,0,1,1,26,1460,28000000,22500000,585,0,0,2019-08-01,28000000
221025,2020/21,André Gomes,Midfield,right,1993-07-30,20000000,2524,0,1,1,27,1569,24000000,20000000,522,0,0,2020-08-01,20000000
221025,2021/22,André Gomes,Midfield,right,1993-07-30,18000000,2159,0,1,1,28,618,20000000,18000000,250,0,1,2021-08-01,20000000
221025,2023/24,André Gomes,Midfield,right,1993-07-30,10000000,1429,1,0,1,30,504,12000000,10000000,158,1,0,2023-08-01,12000000
221624,2021/22,Zack Steffen,Goalkeeper,right,1995-04-02,6000000,1978,0,0,0,26,90,6000000,6000000,90,0,0,2021-08-01,6000000
222209,2023/24,Thomas Strakosha,Goalkeeper,right,1995-03-19,3000000,2160,0,0,0,28,135,3000000,3000000,135,0,0,2023-08-01,3000000
225083,2019/20,N'Golo Kanté,Midfield,right,1991-03-29,80000000,3256,3,0,3,28,1733,100000000,80000000,1034,3,0,2019-08-01,100000000
225083,2020/21,N'Golo Kanté,Midfield,right,1991-03-29,55000000,2890,0,2,2,29,2145,70000000,55000000,1417,0,1,2020-08-01,60000000
225083,2021/22,N'Golo Kanté,Midfield,right,1991-03-29,40000000,2525,2,4,6,30,1778,50000000,40000000,673,2,0,2021-08-01,50000000
225083,2022/23,N'Golo Kanté,Midfield,right,1991-03-29,15000000,2160,0,1,1,31,520,30000000,15000000,175,0,0,2022-08-01,30000000
225122,2022/23,Gonçalo Guedes,Attack,right,1996-11-29,23000000,2160,1,1,2,25,709,35000000,23000000,709,1,1,2022-08-01,32000000
225122,2024/25,Gonçalo Guedes,Attack,right,1996-11-29,11000000,1429,2,4,6,27,987,15000000,11000000,453,2,4,2024-08-01,15000000
225161,2019/20,Rúben Neves,Midfield,right,1997-03-13,50000000,3621,2,2,4,22,3060,50000000,50000000,1560,2,1,2019-08-01,50000000
225161,2020/21,Rúben Neves,Midfield,right,1997-03-13,45000000,3255,5,1,6,23,2680,50000000,45000000,1063,0,0,2020-08-01,50000000
225161,2021/22,Rúben Neves,Midfield,right,1997-03-13,40000000,2890,4,2,6,24,2662,42000000,40000000,1345,1,1,2021-08-01,40000000
225161,2022/23,Rúben Neves,Midfield,right,1997-03-13,40000000,2525,6,1,7,25,3023,40000000,40000000,1440,4,0,2022-08-01,40000000
225452,2019/20,Patrick Roberts,Attack,left,1997-02-05,2800000,3256,0,0,0,22,24,3500000,2800000,24,0,0,2019-08-01,3500000
225984,2020/21,Matheus Pereira,Midfield,left,1996-05-05,15000000,3074,11,6,17,24,2583,13000000,15000000,835,1,3,2020-08-01,13000000
226049,2021/22,Freddie Woodman,Goalkeeper,right,1997-03-04,9000000,2159,0,0,0,24,360,10000000,9000000,360,0,0,2021-08-01,10000000
226973,2020/21,Harrison Reed,Midfield,right,1995-01-27,10000000,2524,0,2,2,25,2250,9000000,10000000,716,0,1,2020-08-01,9000000
226973,2022/23,Harrison Reed,Midfield,right,1995-01-27,18000000,1794,3,4,7,27,2879,15000000,18000000,1331,2,1,2022-08-01,15000000
226973,2023/24,Harrison Reed,Midfield,right,1995-01-27,15000000,1429,0,2,2,28,1326,18000000,15000000,792,0,1,2023-08-01,18000000
226973,2024/25,Harrison Reed,Midfield,right,1995-01-27,6000000,1063,0,0,0,29,98,13000000,6000000,54,0,0,2024-08-01,11000000
226973,2025/26,Harrison Reed,Midfield,right,1995-01-27,2000000,698,1,0,1,30,89,4500000,2000000,1,0,0,2025-08-01,3000000
228948,2022/23,Thilo Kehrer,Defender,both,1996-09-21,18000000,2160,0,2,2,25,2230,22000000,18000000,1260,0,0,2022-08-01,22000000
228948,2023/24,Thilo Kehrer,Defender,both,1996-09-21,10000000,1795,0,0,0,26,19,13000000,10000000,19,0,0,2023-08-01,9000000
230541,2019/20,Yoshinori Muto,Attack,right,1992-07-15,5500000,2375,0,0,0,27,207,7000000,5500000,111,0,0,2019-08-01,7000000
231572,2020/21,Nélson Semedo,Defender,right,1993-11-16,28000000,2524,1,1,2,26,2988,35000000,28000000,1141,0,0,2020-08-01,35000000
231572,2021/22,Nélson Semedo,Defender,right,1993-11-16,22000000,2159,0,1,1,27,2137,25000000,22000000,1393,0,0,2021-08-01,25000000
231572,2022/23,Nélson Semedo,Defender,right,1993-11-16,15000000,1794,0,1,1,28,2635,20000000,15000000,829,0,1,2022-08-01,18000000
231572,2023/24,Nélson Semedo,Defender,right,1993-11-16,12000000,1429,0,1,1,29,3093,15000000,12000000,1640,0,1,2023-08-01,15000000
231572,2024/25,Nélson Semedo,Defender,right,1993-11-16,9000000,1063,0,4,4,30,2896,10000000,9000000,1411,0,3,2024-08-01,10000000
234189,2019/20,Trezeguet,Attack,right,1994-10-01,8000000,3986,6,2,8,24,1951,8000000,8000000,992,3,1,2019-08-01,10000000
234189,2020/21,Trezeguet,Attack,right,1994-10-01,10000000,3620,2,1,3,25,1167,8000000,10000000,721,0,1,2020-08-01,10000000
234509,2023/24,André Onana,Goalkeeper,right,1996-04-02,35000000,1429,0,0,0,27,3420,40000000,35000000,1800,0,0,2023-08-01,40000000
234509,2024/25,André Onana,Goalkeeper,right,1996-04-02,25000000,1063,0,0,0,28,3060,35000000,25000000,1710,0,0,2024-08-01,35000000
234781,2021/22,Maxwel Cornet,Attack,left,1996-09-27,15000000,2159,9,1,10,24,1776,14000000,15000000,569,5,0,2021-08-01,14000000
234781,2022/23,Maxwel Cornet,Attack,left,1996-09-27,12000000,1794,0,0,0,25,234,17000000,12000000,86,0,0,2022-08-01,15000000
234781,2023/24,Maxwel Cornet,Attack,left,1996-09-27,9000000,1429,1,0,1,26,110,10000000,9000000,1,0,0,2023-08-01,10000000
234781,2024/25,Maxwel Cornet,Attack,left,1996-09-27,8000000,1063,0,0,0,27,71,8000000,8000000,71,0,0,2024-08-01,8000000
234803,2019/20,Andrew Robertson,Defender,left,1994-03-11,64000000,3986,2,12,14,25,3114,80000000,64000000,1637,1,5,2019-08-01,80000000
234803,2020/21,Andrew Robertson,Defender,left,1994-03-11,65000000,3620,1,7,8,26,3386,75000000,65000000,1440,1,5,2020-08-01,75000000
234803,2021/22,Andrew Robertson,Defender,left,1994-03-11,65000000,3255,3,10,13,27,2541,65000000,65000000,1217,1,5,2021-08-01,65000000
234803,2022/23,Andrew Robertson,Defender,left,1994-03-11,40000000,2890,0,8,8,28,2590,55000000,40000000,1017,0,5,2022-08-01,55000000
234803,2023/24,Andrew Robertson,Defender,left,1994-03-11,30000000,2525,3,2,5,29,1692,35000000,30000000,720,1,0,2023-08-01,35000000
234803,2024/25,Andrew Robertson,Defender,left,1994-03-11,18000000,2159,0,1,1,30,2492,25000000,18000000,1297,0,0,2024-08-01,25000000
234803,2025/26,Andrew Robertson,Defender,left,1994-03-11,7000000,1794,1,0,1,31,1172,15000000,7000000,418,0,0,2025-08-01,12000000
236471,2021/22,Ozan Tufan,Midfield,right,1995-03-23,3800000,2159,0,0,0,26,338,10000000,3800000,338,0,0,2021-08-01,10000000
236490,2020/21,Ola Aina,Defender,right,1996-10-08,6000000,2890,2,1,3,23,2670,7000000,6000000,1080,1,0,2020-08-01,7000000
236490,2023/24,Ola Aina,Defender,right,1996-10-08,12000000,1795,1,1,2,26,1701,5000000,12000000,995,1,1,2023-08-01,8000000
236490,2024/25,Ola Aina,Defender,right,1996-10-08,22000000,1429,2,1,3,27,3002,14000000,22000000,1646,2,0,2024-08-01,14000000
236490,2025/26,Ola Aina,Defender,right,1996-10-08,18000000,1064,0,0,0,28,1590,20000000,18000000,270,0,0,2025-08-01,20000000
236953,2019/20,Sam Byram,Defender,right,1993-09-16,2800000,2525,0,0,0,25,1294,3500000,2800000,817,0,0,2019-08-01,3500000
236953,2021/22,Sam Byram,Defender,right,1993-09-16,2000000,1794,0,0,0,27,1024,2000000,2000000,135,0,0,2021-08-01,2000000
236953,2025/26,Sam Byram,Defender,right,1993-09-16,400000,333,0,0,0,31,8,600000,400000,7,0,0,2025-08-01,600000
238223,2019/20,Ederson,Goalkeeper,left,1993-08-17,56000000,3256,0,0,0,25,3072,70000000,56000000,1542,0,0,2019-08-01,70000000
238223,2020/21,Ederson,Goalkeeper,left,1993-08-17,50000000,2890,0,1,1,26,3240,56000000,50000000,1260,0,0,2020-08-01,56000000
238223,2021/22,Ederson,Goalkeeper,left,1993-08-17,45000000,2525,0,0,0,27,3330,50000000,45000000,1710,0,0,2021-08-01,50000000
238223,2022/23,Ederson,Goalkeeper,left,1993-08-17,40000000,2160,0,1,1,28,3150,45000000,40000000,1440,0,1,2022-08-01,45000000
238223,2023/24,Ederson,Goalkeeper,left,1993-08-17,35000000,1795,0,0,0,29,2788,40000000,35000000,1620,0,0,2023-08-01,40000000
238223,2024/25,Ederson,Goalkeeper,left,1993-08-17,20000000,1429,0,4,4,30,2321,30000000,20000000,1170,0,1,2024-08-01,30000000
238266,2022/23,Duje Caleta-Car,Defender,right,1996-09-17,11000000,1794,1,0,1,25,944,14000000,11000000,485,0,0,2022-08-01,14000000
240306,2020/21,Bruno Fernandes,Midfield,right,1994-09-08,90000000,2524,18,11,29,25,3109,80000000,90000000,1216,10,7,2020-08-01,90000000
240306,2021/22,Bruno Fernandes,Midfield,right,1994-09-08,85000000,2159,10,6,16,26,3118,90000000,85000000,1475,5,3,2021-08-01,90000000
240306,2022/23,Bruno Fernandes,Midfield,right,1994-09-08,75000000,1794,8,8,16,27,3320,75000000,75000000,1350,2,2,2022-08-01,75000000
240306,2023/24,Bruno Fernandes,Midfield,right,1994-09-08,70000000,1429,10,8,18,28,3120,70000000,70000000,1710,3,3,2023-08-01,70000000
240306,2024/25,Bruno Fernandes,Midfield,right,1994-09-08,50000000,1063,8,11,19,29,3023,65000000,50000000,1479,4,5,2024-08-01,55000000
240306,2025/26,Bruno Fernandes,Midfield,right,1994-09-08,35000000,698,9,21,30,30,3068,45000000,35000000,1477,5,7,2025-08-01,40000000
240692,2025/26,Reinildo Mandava,Defender,left,1994-01-21,4000000,698,0,2,2,31,1969,5000000,4000000,1023,0,1,2025-08-01,5000000
241481,2019/20,Jaïro Riedewald,Midfield,left,1996-09-09,3200000,2525,0,0,0,22,763,4000000,3200000,205,0,0,2019-08-01,4000000
241481,2020/21,Jaïro Riedewald,Midfield,left,1996-09-09,8000000,2159,2,0,2,23,1817,4500000,8000000,596,1,0,2020-08-01,4500000
241481,2021/22,Jaïro Riedewald,Midfield,left,1996-09-09,5000000,1794,0,0,0,24,117,6000000,5000000,102,0,0,2021-08-01,6000000
241481,2022/23,Jaïro Riedewald,Midfield,left,1996-09-09,3000000,1429,0,0,0,25,59,4000000,3000000,45,0,0,2022-08-01,4000000
241481,2023/24,Jaïro Riedewald,Midfield,left,1996-09-09,3000000,1064,0,0,0,26,230,2000000,3000000,176,0,0,2023-08-01,2000000
241641,2019/20,Bernardo Silva,Midfield,left,1994-08-10,80000000,3256,6,7,13,24,2029,100000000,80000000,1180,5,4,2019-08-01,100000000
241641,2020/21,Bernardo Silva,Midfield,left,1994-08-10,70000000,2890,2,6,8,25,2070,80000000,70000000,554,0,0,2020-08-01,70000000
241641,2021/22,Bernardo Silva,Midfield,left,1994-08-10,80000000,2525,8,4,12,26,2860,75000000,80000000,1615,7,1,2021-08-01,75000000
241641,2022/23,Bernardo Silva,Midfield,left,1994-08-10,80000000,2160,4,6,10,27,2202,80000000,80000000,1156,2,6,2022-08-01,80000000
241641,2023/24,Bernardo Silva,Midfield,left,1994-08-10,70000000,1795,6,9,15,28,2582,80000000,70000000,1359,5,4,2023-08-01,80000000
241641,2024/25,Bernardo Silva,Midfield,left,1994-08-10,38000000,1429,4,4,8,29,2668,60000000,38000000,1554,2,4,2024-08-01,60000000
241641,2025/26,Bernardo Silva,Midfield,left,1994-08-10,22000000,1064,2,4,6,30,2888,32000000,22000000,1238,0,2,2025-08-01,27000000
242606,2023/24,Josh Cullen,Midfield,right,1996-04-07,10000000,1429,2,3,5,27,2060,13000000,10000000,846,0,1,2023-08-01,13000000
242606,2025/26,Josh Cullen,Midfield,right,1996-04-07,4000000,698,2,2,4,29,1520,7000000,4000000,1520,2,2,2025-08-01,7000000
242631,2019/20,Alex Iwobi,Attack,right,1996-05-03,25500000,3256,1,0,1,23,1601,32000000,25500000,1044,1,0,2019-08-01,32000000
242631,2020/21,Alex Iwobi,Attack,right,1996-05-03,22000000,2890,1,2,3,24,1540,25500000,22000000,778,0,2,2020-08-01,25500000
242631,2021/22,Alex Iwobi,Attack,right,1996-05-03,18000000,2525,2,2,4,25,2035,18000000,18000000,712,1,1,2021-08-01,18000000
242631,2022/23,Alex Iwobi,Attack,right,1996-05-03,28000000,2160,2,8,10,26,3382,22000000,28000000,1513,1,5,2022-08-01,25000000
242631,2023/24,Alex Iwobi,Attack,right,1996-05-03,25000000,1795,5,2,7,27,2346,28000000,25000000,1254,3,1,2023-08-01,28000000
242631,2024/25,Alex Iwobi,Attack,right,1996-05-03,28000000,1429,9,6,15,28,2998,25000000,28000000,1665,5,3,2024-08-01,25000000
242631,2025/26,Alex Iwobi,Attack,right,1996-05-03,20000000,1064,4,3,7,29,2436,25000000,20000000,1340,2,2,2025-08-01,25000000
243028,2019/20,Jan Bednarek,Defender,right,1996-04-12,15000000,3621,1,1,2,23,3058,15000000,15000000,1798,0,0,2019-08-01,15000000
243028,2020/21,Jan Bednarek,Defender,right,1996-04-12,25000000,3255,1,1,2,24,3101,15000000,25000000,1350,1,1,2020-08-01,20000000
243028,2021/22,Jan Bednarek,Defender,right,1996-04-12,22000000,2890,4,0,4,25,2631,22000000,22000000,1165,2,0,2021-08-01,22000000
243028,2022/23,Jan Bednarek,Defender,right,1996-04-12,14000000,2525,0,0,0,26,1773,18000000,14000000,250,0,0,2022-08-01,18000000
243028,2024/25,Jan Bednarek,Defender,right,1996-04-12,9000000,1794,2,0,2,28,2535,11000000,9000000,1341,0,0,2024-08-01,11000000
244338,2023/24,Pelly Ruddock Mpanzu,Midfield,right,1994-03-22,1500000,699,0,0,0,29,1093,1500000,1500000,731,0,0,2023-08-01,1500000
245056,2023/24,Saša Lukić,Midfield,right,1996-08-13,10000000,1429,1,0,1,26,1120,10000000,10000000,385,0,0,2023-08-01,10000000
245056,2024/25,Saša Lukić,Midfield,right,1996-08-13,14000000,1063,0,2,2,27,2360,10000000,14000000,1078,0,1,2024-08-01,10000000
245056,2025/26,Saša Lukić,Midfield,right,1996-08-13,10000000,698,1,3,4,28,1734,12000000,10000000,949,1,2,2025-08-01,12000000
246291,2020/21,Diego Llorente,Defender,right,1993-08-16,20000000,2890,1,0,1,26,1205,20000000,20000000,81,0,0,2020-08-01,20000000
246291,2021/22,Diego Llorente,Defender,right,1993-08-16,18000000,2525,3,0,3,27,2343,18000000,18000000,1088,1,0,2021-08-01,18000000
246291,2022/23,Diego Llorente,Defender,right,1993-08-16,12000000,2160,0,0,0,28,648,16000000,12000000,648,0,0,2022-08-01,12000000
246968,2019/20,Ayoze Pérez,Attack,right,1993-07-29,24000000,3256,8,4,12,26,2019,30000000,24000000,1037,4,3,2019-08-01,30000000
246968,2020/21,Ayoze Pérez,Attack,right,1993-07-29,18000000,2890,2,1,3,27,1332,20000000,18000000,541,1,0,2020-08-01,20000000
246968,2021/22,Ayoze Pérez,Attack,right,1993-07-29,10000000,2525,2,3,5,28,442,15000000,10000000,217,0,2,2021-08-01,15000000
246968,2022/23,Ayoze Pérez,Attack,right,1993-07-29,6000000,2160,0,1,1,29,379,8000000,6000000,289,0,1,2022-08-01,6000000
249089,2019/20,Lewis Cook,Midfield,right,1997-02-03,12000000,3256,0,0,0,22,1345,20000000,12000000,707,0,0,2019-08-01,20000000
249089,2022/23,Lewis Cook,Midfield,right,1997-02-03,10000000,2160,0,2,2,25,1715,10000000,10000000,1363,0,2,2022-08-01,10000000
249089,2023/24,Lewis Cook,Midfield,right,1997-02-03,12000000,1795,0,3,3,26,2792,10000000,12000000,1092,0,1,2023-08-01,10000000
249089,2024/25,Lewis Cook,Midfield,right,1997-02-03,15000000,1429,1,3,4,27,2978,14000000,15000000,1492,1,3,2024-08-01,14000000
249089,2025/26,Lewis Cook,Midfield,right,1997-02-03,11000000,1064,0,1,1,28,872,13000000,11000000,394,0,0,2025-08-01,13000000
249126,2019/20,Harry Winks,Midfield,right,1996-02-02,28000000,2525,0,0,0,23,2230,40000000,28000000,1000,0,0,2019-08-01,40000000
249126,2020/21,Harry Winks,Midfield,right,1996-02-02,20000000,2159,0,0,0,24,861,28000000,20000000,373,0,0,2020-08-01,25000000
249126,2021/22,Harry Winks,Midfield,right,1996-02-02,15000000,1794,0,1,1,25,907,17000000,15000000,344,0,0,2021-08-01,17000000
249126,2024/25,Harry Winks,Midfield,right,1996-02-02,9000000,698,0,2,2,28,1540,12000000,9000000,1061,0,2,2024-08-01,12000000
249356,2019/20,Jack Stacey,Defender,right,1996-04-06,3200000,2525,0,2,2,23,1550,4000000,3200000,798,0,1,2019-08-01,4000000
249356,2022/23,Jack Stacey,Defender,right,1996-04-06,2000000,1429,0,0,0,26,293,3000000,2000000,175,0,0,2022-08-01,3000000
249565,2019/20,Youri Tielemans,Midfield,right,1997-05-07,44000000,3256,3,6,9,22,2834,45000000,44000000,1669,3,3,2019-08-01,55000000
249565,2020/21,Youri Tielemans,Midfield,right,1997-05-07,55000000,2890,6,4,10,23,3358,45000000,55000000,1383,3,0,2020-08-01,50000000
249565,2021/22,Youri Tielemans,Midfield,right,1997-05-07,55000000,2525,6,4,10,24,2634,55000000,55000000,1172,5,2,2021-08-01,55000000
249565,2022/23,Youri Tielemans,Midfield,right,1997-05-07,25000000,2160,3,2,5,25,2351,45000000,25000000,1293,3,1,2022-08-01,40000000
249565,2023/24,Youri Tielemans,Midfield,right,1997-05-07,25000000,1795,2,6,8,26,1621,20000000,25000000,557,0,3,2023-08-01,20000000
249565,2024/25,Youri Tielemans,Midfield,right,1997-05-07,38000000,1429,3,7,10,27,3032,30000000,38000000,1596,0,4,2024-08-01,30000000
249565,2025/26,Youri Tielemans,Midfield,right,1997-05-07,30000000,1064,0,4,4,28,1863,35000000,30000000,955,0,3,2025-08-01,35000000
249994,2021/22,José Sá,Goalkeeper,right,1993-01-17,18000000,2159,0,1,1,28,3285,8000000,18000000,1620,0,1,2021-08-01,8000000
249994,2022/23,José Sá,Goalkeeper,right,1993-01-17,18000000,1794,0,0,0,29,3240,18000000,18000000,1530,0,0,2022-08-01,18000000
249994,2023/24,José Sá,Goalkeeper,right,1993-01-17,14000000,1429,0,0,0,30,3038,16000000,14000000,1553,0,0,2023-08-01,16000000
249994,2024/25,José Sá,Goalkeeper,right,1993-01-17,7000000,1063,0,0,0,31,2610,10000000,7000000,1080,0,0,2024-08-01,8000000
249994,2025/26,José Sá,Goalkeeper,right,1993-01-17,3500000,698,0,0,0,32,2070,5000000,3500000,630,0,0,2025-08-01,5000000
250426,2021/22,Adam Armstrong,Attack,right,1997-02-10,15000000,2890,2,3,5,24,1415,18000000,15000000,1175,2,3,2021-08-01,18000000
250426,2022/23,Adam Armstrong,Attack,right,1997-02-10,10000000,2525,2,1,3,25,1334,15000000,10000000,884,1,1,2022-08-01,15000000
250426,2024/25,Adam Armstrong,Attack,right,1997-02-10,12000000,1794,2,2,4,27,1254,16000000,12000000,1084,2,2,2024-08-01,16000000
251106,2024/25,Enes Ünal,Attack,right,1997-05-10,10000000,1429,2,1,3,27,332,15000000,10000000,312,2,1,2024-08-01,13000000
251106,2025/26,Enes Ünal,Attack,right,1997-05-10,7000000,1064,1,0,1,28,214,8000000,7000000,69,1,0,2025-08-01,8000000
251664,2021/22,Ivan Toney,Attack,right,1996-03-16,35000000,2525,12,5,17,25,2908,32000000,35000000,1440,4,2,2021-08-01,32000000
251664,2022/23,Ivan Toney,Attack,right,1996-03-16,35000000,2160,20,4,24,26,2955,40000000,35000000,1440,12,3,2022-08-01,45000000
251845,2021/22,Sergi Canós,Attack,right,1997-02-02,14000000,1794,3,2,5,24,2094,14000000,14000000,1338,2,2,2021-08-01,14000000
251845,2022/23,Sergi Canós,Attack,right,1997-02-02,9000000,1429,0,0,0,25,73,12000000,9000000,71,0,0,2022-08-01,12000000
251896,2019/20,Jesús Vallejo,Defender,right,1997-01-05,6000000,2890,0,0,0,22,162,10000000,6000000,162,0,0,2019-08-01,10000000
251912,2020/21,Semi Ajayi,Defender,right,1993-11-09,6000000,2524,2,0,2,26,2780,5000000,6000000,1350,1,0,2020-08-01,5000000
252345,2021/22,Ken Sema,Defender,left,1993-09-30,2500000,2129,0,0,0,27,846,3000000,2500000,329,0,0,2021-08-01,3000000
253341,2019/20,Rob Holding,Defender,right,1995-09-20,9500000,2709,0,0,0,23,581,12000000,9500000,77,0,0,2019-08-01,12000000
253341,2020/21,Rob Holding,Defender,right,1995-09-20,18000000,2343,0,0,0,24,2558,9500000,18000000,1125,0,0,2020-08-01,12000000
253341,2021/22,Rob Holding,Defender,right,1995-09-20,10000000,1978,1,0,1,25,841,12000000,10000000,291,0,0,2021-08-01,12000000
253341,2022/23,Rob Holding,Defender,right,1995-09-20,8000000,1613,1,0,1,26,562,10000000,8000000,15,0,0,2022-08-01,10000000
253677,2019/20,Tyrone Mings,Defender,left,1993-03-13,22500000,2890,2,2,4,26,2903,18000000,22500000,1373,1,1,2019-08-01,28000000
253677,2020/21,Tyrone Mings,Defender,left,1993-03-13,30000000,2524,2,2,4,27,3195,27000000,30000000,1125,2,1,2020-08-01,27000000
253677,2021/22,Tyrone Mings,Defender,left,1993-03-13,30000000,2159,1,3,4,28,3188,32000000,30000000,1478,1,1,2021-08-01,32000000
253677,2022/23,Tyrone Mings,Defender,left,1993-03-13,22000000,1794,1,2,3,29,3150,25000000,22000000,1260,0,0,2022-08-01,25000000
253677,2023/24,Tyrone Mings,Defender,left,1993-03-13,13000000,1429,0,0,0,30,31,16000000,13000000,31,0,0,2023-08-01,16000000
253677,2024/25,Tyrone Mings,Defender,left,1993-03-13,5000000,1063,0,0,0,31,1121,10000000,5000000,160,0,0,2024-08-01,8000000
253677,2025/26,Tyrone Mings,Defender,left,1993-03-13,3000000,698,0,1,1,32,1323,4000000,3000000,498,0,0,2025-08-01,4000000
255755,2020/21,Alex Telles,Defender,left,1992-12-15,20000000,2343,0,2,2,27,691,40000000,20000000,429,0,1,2020-08-01,35000000
255755,2021/22,Alex Telles,Defender,left,1992-12-15,18000000,1978,0,4,4,28,1660,18000000,18000000,467,0,0,2021-08-01,18000000
255788,2024/25,Cameron Burgess,Defender,left,1995-10-21,2000000,1429,0,2,2,28,1540,2500000,2000000,810,0,1,2024-08-01,2500000
255906,2022/23,Scott McKenna,Defender,left,1996-11-12,10000000,2525,0,0,0,25,1573,7000000,10000000,1260,0,0,2022-08-01,10000000
255906,2023/24,Scott McKenna,Defender,left,1996-11-12,9000000,2160,0,0,0,26,417,10000000,9000000,417,0,0,2023-08-01,10000000
255916,2019/20,DeAndre Yedlin,Defender,right,1993-07-09,6500000,3074,1,0,1,26,936,8000000,6500000,674,1,0,2019-08-01,8000000
255916,2020/21,DeAndre Yedlin,Defender,right,1993-07-09,5000000,2708,0,0,0,27,437,5000000,5000000,274,0,0,2020-08-01,5000000
256178,2019/20,Joe Gomez,Defender,right,1997-05-23,40000000,2890,0,0,0,22,1999,35000000,40000000,467,0,0,2019-08-01,35000000
256178,2020/21,Joe Gomez,Defender,right,1997-05-23,30000000,2524,0,0,0,23,590,40000000,30000000,590,0,0,2020-08-01,40000000
256178,2021/22,Joe Gomez,Defender,right,1997-05-23,18000000,2159,0,1,1,24,330,25000000,18000000,14,0,0,2021-08-01,25000000
256178,2022/23,Joe Gomez,Defender,right,1997-05-23,22000000,1794,0,0,0,25,1461,25000000,22000000,900,0,0,2022-08-01,30000000
256178,2023/24,Joe Gomez,Defender,right,1997-05-23,28000000,1429,0,1,1,26,1776,22000000,28000000,835,0,0,2023-08-01,22000000
256178,2024/25,Joe Gomez,Defender,right,1997-05-23,20000000,1063,0,0,0,27,519,28000000,20000000,519,0,0,2024-08-01,28000000
256178,2025/26,Joe Gomez,Defender,right,1997-05-23,13000000,698,0,2,2,28,600,18000000,13000000,246,0,2,2025-08-01,15000000
257455,2022/23,João Palhinha,Midfield,right,1995-07-09,40000000,2160,3,0,3,27,3113,28000000,40000000,1418,3,0,2022-08-01,28000000
257455,2023/24,João Palhinha,Midfield,right,1995-07-09,55000000,1795,4,1,5,28,2709,55000000,55000000,1412,2,1,2023-08-01,60000000
257455,2025/26,João Palhinha,Midfield,right,1995-07-09,15000000,1064,5,2,7,30,2198,25000000,15000000,1115,2,2,2025-08-01,25000000
257805,2021/22,Mathias Normann,Midfield,right,1996-05-28,10000000,1794,1,2,3,25,1651,13000000,10000000,707,1,1,2021-08-01,13000000
258004,2020/21,Rúben Dias,Defender,right,1997-05-14,75000000,3255,1,0,1,23,2845,35000000,75000000,1060,0,0,2020-08-01,60000000
258004,2021/22,Rúben Dias,Defender,right,1997-05-14,75000000,2890,2,4,6,24,2403,75000000,75000000,1593,2,2,2021-08-01,75000000
258004,2022/23,Rúben Dias,Defender,right,1997-05-14,80000000,2525,0,0,0,25,1998,75000000,80000000,872,0,0,2022-08-01,75000000
258004,2023/24,Rúben Dias,Defender,right,1997-05-14,80000000,2160,0,0,0,26,2557,80000000,80000000,1297,0,0,2023-08-01,80000000
258004,2024/25,Rúben Dias,Defender,right,1997-05-14,65000000,1794,0,0,0,27,2269,75000000,65000000,1086,0,0,2024-08-01,75000000
258004,2025/26,Rúben Dias,Defender,right,1997-05-14,55000000,1429,2,0,2,28,2140,60000000,55000000,1535,2,0,2025-08-01,60000000
258878,2020/21,Tosin Adarabioyo,Defender,right,1997-09-24,12000000,2890,0,0,0,22,2954,2800000,12000000,990,0,0,2020-08-01,5000000
258878,2022/23,Tosin Adarabioyo,Defender,right,1997-09-24,16000000,2160,1,0,1,24,2084,18000000,16000000,901,1,0,2022-08-01,18000000
258878,2023/24,Tosin Adarabioyo,Defender,right,1997-09-24,20000000,1795,2,0,2,25,1617,12000000,20000000,542,1,0,2023-08-01,12000000
258878,2024/25,Tosin Adarabioyo,Defender,right,1997-09-24,20000000,1429,1,1,2,26,1405,20000000,20000000,623,0,0,2024-08-01,20000000
258878,2025/26,Tosin Adarabioyo,Defender,right,1997-09-24,16000000,1064,0,0,0,27,789,20000000,16000000,557,0,0,2025-08-01,20000000
258883,2020/21,Jonjoe Kenny,Defender,right,1997-03-15,5800000,2890,0,0,0,23,80,9500000,5800000,80,0,0,2020-08-01,7000000
258883,2021/22,Jonjoe Kenny,Defender,right,1997-03-15,4000000,2525,0,1,1,24,1017,4500000,4000000,100,0,0,2021-08-01,4500000
258889,2019/20,Dominic Solanke,Attack,right,1997-09-14,12000000,3986,3,1,4,21,1644,15000000,12000000,863,0,0,2019-08-01,15000000
258889,2022/23,Dominic Solanke,Attack,right,1997-09-14,20000000,2890,6,7,13,24,2873,18000000,20000000,1258,3,3,2022-08-01,18000000
258889,2023/24,Dominic Solanke,Attack,right,1997-09-14,40000000,2525,19,3,22,25,3333,25000000,40000000,1698,12,1,2023-08-01,25000000
258889,2024/25,Dominic Solanke,Attack,right,1997-09-14,40000000,2159,9,3,12,26,2206,45000000,40000000,1421,6,3,2024-08-01,45000000
258889,2025/26,Dominic Solanke,Attack,right,1997-09-14,28000000,1794,3,0,3,27,1001,35000000,28000000,31,0,0,2025-08-01,35000000
258916,2021/22,Kieran Dowell,Midfield,left,1997-10-10,2500000,2159,1,1,2,23,912,3000000,2500000,316,0,0,2021-08-01,3000000
258919,2019/20,Dean Henderson,Goalkeeper,right,1997-03-12,20000000,3256,0,0,0,22,3240,7000000,20000000,1710,0,0,2019-08-01,15000000
258919,2020/21,Dean Henderson,Goalkeeper,right,1997-03-12,22000000,2890,0,0,0,23,1125,20000000,22000000,225,0,0,2020-08-01,20000000
258919,2022/23,Dean Henderson,Goalkeeper,right,1997-03-12,18000000,2160,0,0,0,25,1620,22000000,18000000,1350,0,0,2022-08-01,22000000
258919,2023/24,Dean Henderson,Goalkeeper,right,1997-03-12,12000000,1795,0,0,0,26,1620,12000000,12000000,360,0,0,2023-08-01,12000000
258919,2024/25,Dean Henderson,Goalkeeper,right,1997-03-12,20000000,1429,0,0,0,27,3420,15000000,20000000,1710,0,0,2024-08-01,15000000
258919,2025/26,Dean Henderson,Goalkeeper,right,1997-03-12,28000000,1064,0,0,0,28,3330,25000000,28000000,1620,0,0,2025-08-01,28000000
258923,2019/20,Marcus Rashford,Attack,right,1997-10-31,80000000,3256,17,9,26,21,2655,80000000,80000000,1733,12,5,2019-08-01,80000000
258923,2020/21,Marcus Rashford,Attack,right,1997-10-31,85000000,2890,11,11,22,22,2924,80000000,85000000,1274,7,5,2020-08-01,80000000
258923,2021/22,Marcus Rashford,Attack,right,1997-10-31,60000000,2525,4,2,6,23,1233,85000000,60000000,586,2,1,2021-08-01,85000000
258923,2022/23,Marcus Rashford,Attack,right,1997-10-31,80000000,2160,17,5,22,24,2891,55000000,80000000,1262,6,3,2022-08-01,55000000
258923,2023/24,Marcus Rashford,Attack,right,1997-10-31,60000000,1795,7,3,10,25,2278,75000000,60000000,1327,3,3,2023-08-01,70000000
258923,2024/25,Marcus Rashford,Attack,right,1997-10-31,50000000,1429,6,4,10,26,1426,55000000,50000000,982,4,1,2024-08-01,55000000
260827,2020/21,Joachim Andersen,Defender,right,1996-05-31,22000000,3255,1,1,2,24,2730,13000000,22000000,782,0,0,2020-08-01,13000000
260827,2021/22,Joachim Andersen,Defender,right,1996-05-31,25000000,2890,0,3,3,25,2915,22000000,25000000,1205,0,1,2021-08-01,22000000
260827,2022/23,Joachim Andersen,Defender,right,1996-05-31,30000000,2525,1,0,1,26,2783,28000000,30000000,1350,1,0,2022-08-01,32000000
260827,2023/24,Joachim Andersen,Defender,right,1996-05-31,35000000,2160,2,3,5,27,3417,35000000,35000000,1800,2,1,2023-08-01,35000000
260827,2024/25,Joachim Andersen,Defender,right,1996-05-31,27000000,1794,0,0,0,28,2674,32000000,27000000,964,0,0,2024-08-01,32000000
260827,2025/26,Joachim Andersen,Defender,right,1996-05-31,20000000,1429,0,1,1,29,2877,25000000,20000000,1482,0,0,2025-08-01,25000000
261988,2020/21,Filip Krovinovic,Midfield,right,1995-08-29,3000000,2494,0,0,0,24,543,6500000,3000000,543,0,0,2020-08-01,6500000
262226,2020/21,Timothy Castagne,Defender,right,1995-12-05,28000000,2524,2,3,5,24,2347,18000000,28000000,690,1,2,2020-08-01,24000000
262226,2021/22,Timothy Castagne,Defender,right,1995-12-05,28000000,2159,1,0,1,25,2126,28000000,28000000,1271,0,0,2021-08-01,28000000
262226,2022/23,Timothy Castagne,Defender,right,1995-12-05,25000000,1794,2,3,5,26,3257,28000000,25000000,1372,1,2,2022-08-01,28000000
262226,2023/24,Timothy Castagne,Defender,right,1995-12-05,17000000,1429,1,3,4,27,2634,17000000,17000000,1280,0,0,2023-08-01,17000000
262226,2024/25,Timothy Castagne,Defender,right,1995-12-05,13000000,1063,0,1,1,28,1643,15000000,13000000,448,0,1,2024-08-01,15000000
262226,2025/26,Timothy Castagne,Defender,right,1995-12-05,8000000,698,0,0,0,29,1842,10000000,8000000,547,0,0,2025-08-01,10000000
262300,2024/25,Ryan Manning,Defender,left,1996-06-14,3000000,1063,0,1,1,28,1468,3500000,3000000,673,0,0,2024-08-01,3500000
262749,2021/22,David Raya,Goalkeeper,right,1995-09-15,22000000,2525,0,0,0,25,2160,18000000,22000000,810,0,0,2021-08-01,18000000
262749,2022/23,David Raya,Goalkeeper,right,1995-09-15,30000000,2160,0,0,0,26,3420,22000000,30000000,1530,0,0,2022-08-01,22000000
262749,2023/24,David Raya,Goalkeeper,right,1995-09-15,35000000,1795,0,0,0,27,2880,32000000,35000000,1350,0,0,2023-08-01,35000000
262749,2024/25,David Raya,Goalkeeper,right,1995-09-15,40000000,1429,0,0,0,28,3420,40000000,40000000,1620,0,0,2024-08-01,40000000
262749,2025/26,David Raya,Goalkeeper,right,1995-09-15,30000000,1064,0,0,0,29,3330,35000000,30000000,1710,0,0,2025-08-01,35000000
262980,2019/20,Jefferson Lerma,Midfield,right,1994-10-25,20000000,2890,1,2,3,24,2709,25000000,20000000,1408,0,1,2019-08-01,25000000
262980,2022/23,Jefferson Lerma,Midfield,right,1994-10-25,20000000,1794,5,0,5,27,3255,15000000,20000000,1530,2,0,2022-08-01,15000000
262980,2023/24,Jefferson Lerma,Midfield,right,1994-10-25,20000000,1429,1,1,2,28,2404,20000000,20000000,1310,0,1,2023-08-01,20000000
262980,2024/25,Jefferson Lerma,Midfield,right,1994-10-25,10000000,1063,0,1,1,29,2277,18000000,10000000,1005,0,0,2024-08-01,14000000
262980,2025/26,Jefferson Lerma,Midfield,right,1994-10-25,6000000,698,0,4,4,30,1724,8000000,6000000,625,0,2,2025-08-01,8000000
263236,2019/20,Kevin Danso,Defender,right,1998-09-19,6300000,3986,0,1,1,20,276,7000000,6300000,276,0,1,2019-08-01,7000000
263236,2025/26,Kevin Danso,Defender,right,1998-09-19,20000000,1794,0,0,0,26,1491,22000000,20000000,582,0,0,2025-08-01,22000000
263856,2019/20,Víctor Camarasa,Midfield,right,1994-05-28,4000000,1795,0,0,0,25,5,5000000,4000000,5,0,0,2019-08-01,5000000
265078,2019/20,Patrick Cutrone,Attack,right,1998-01-03,15500000,3621,2,0,2,21,295,25000000,15500000,295,2,0,2019-08-01,20000000
270171,2021/22,Vitaly Janelt,Midfield,left,1998-05-10,14000000,3255,4,0,4,23,2308,10000000,14000000,1010,1,0,2021-08-01,10000000
270171,2022/23,Vitaly Janelt,Midfield,left,1998-05-10,20000000,2890,3,1,4,24,2210,16000000,20000000,1113,2,1,2022-08-01,16000000
270171,2023/24,Vitaly Janelt,Midfield,left,1998-05-10,22000000,2525,1,3,4,25,3073,22000000,22000000,1553,0,1,2023-08-01,22000000
270171,2024/25,Vitaly Janelt,Midfield,left,1998-05-10,20000000,2159,1,3,4,26,2267,22000000,20000000,1317,1,3,2024-08-01,22000000
270171,2025/26,Vitaly Janelt,Midfield,left,1998-05-10,16000000,1794,1,4,5,27,1437,18000000,16000000,490,0,1,2025-08-01,18000000
272622,2019/20,Issa Diop,Defender,right,1997-01-09,28000000,2890,3,1,4,22,2766,35000000,28000000,1236,0,0,2019-08-01,35000000
272622,2020/21,Issa Diop,Defender,right,1997-01-09,18000000,2524,2,0,2,23,1379,25000000,18000000,297,0,0,2020-08-01,20000000
272622,2021/22,Issa Diop,Defender,right,1997-01-09,10000000,2159,0,1,1,24,962,15000000,10000000,450,0,0,2021-08-01,12000000
272622,2022/23,Issa Diop,Defender,right,1997-01-09,18000000,1794,1,0,1,25,2009,13000000,18000000,776,1,0,2022-08-01,15000000
272622,2023/24,Issa Diop,Defender,right,1997-01-09,20000000,1429,0,0,0,26,1425,22000000,20000000,801,0,0,2023-08-01,22000000
272622,2024/25,Issa Diop,Defender,right,1997-01-09,14000000,1063,0,0,0,27,1335,20000000,14000000,1020,0,0,2024-08-01,20000000
272622,2025/26,Issa Diop,Defender,right,1997-01-09,8000000,698,1,0,1,28,814,12000000,8000000,231,0,0,2025-08-01,10000000
272855,2024/25,Paul Onuachu,Attack,right,1994-05-28,6000000,1429,4,1,5,30,1045,11000000,6000000,267,0,0,2024-08-01,11000000
272999,2019/20,Miguel Almirón,Attack,left,1994-02-10,16000000,3074,4,2,6,25,3034,20000000,16000000,1589,1,1,2019-08-01,20000000
272999,2020/21,Miguel Almirón,Attack,left,1994-02-10,17500000,2708,4,1,5,26,2438,16000000,17500000,781,1,1,2020-08-01,16000000
272999,2021/22,Miguel Almirón,Attack,left,1994-02-10,16000000,2343,1,0,1,27,1720,16000000,16000000,977,0,0,2021-08-01,16000000
272999,2022/23,Miguel Almirón,Attack,left,1994-02-10,32000000,1978,11,2,13,28,2508,18000000,32000000,1431,9,1,2022-08-01,20000000
272999,2023/24,Miguel Almirón,Attack,left,1994-02-10,20000000,1613,3,1,4,29,1947,30000000,20000000,1312,3,1,2023-08-01,30000000
272999,2024/25,Miguel Almirón,Attack,left,1994-02-10,10000000,1247,0,0,0,30,150,16000000,10000000,136,0,0,2024-08-01,16000000
274839,2019/20,Wilfred Ndidi,Midfield,right,1996-12-16,45000000,3256,2,1,3,22,2674,45000000,45000000,1640,2,0,2019-08-01,45000000
274839,2020/21,Wilfred Ndidi,Midfield,right,1996-12-16,60000000,2890,1,4,5,23,2179,45000000,60000000,551,0,0,2020-08-01,45000000
274839,2021/22,Wilfred Ndidi,Midfield,right,1996-12-16,60000000,2525,0,0,0,24,1619,60000000,60000000,1170,0,0,2021-08-01,60000000
274839,2022/23,Wilfred Ndidi,Midfield,right,1996-12-16,25000000,2160,0,0,0,25,1682,50000000,25000000,713,0,0,2022-08-01,40000000
274839,2024/25,Wilfred Ndidi,Midfield,right,1996-12-16,15000000,1429,0,5,5,27,2337,18000000,15000000,1223,0,4,2024-08-01,18000000
275590,2022/23,Kieffer Moore,Attack,right,1992-08-08,4000000,2160,4,0,4,29,1274,4000000,4000000,923,4,0,2022-08-01,4000000
275590,2023/24,Kieffer Moore,Attack,right,1992-08-08,2000000,1795,1,0,1,30,100,2500000,2000000,93,1,0,2023-08-01,2500000
277033,2023/24,David Brooks,Attack,left,1997-07-08,8000000,2160,1,1,2,26,273,9000000,8000000,252,1,1,2023-08-01,9000000
277033,2024/25,David Brooks,Attack,left,1997-07-08,10000000,1794,2,0,2,27,948,9000000,10000000,236,1,0,2024-08-01,9000000
277033,2025/26,David Brooks,Attack,left,1997-07-08,12000000,1429,1,3,4,28,1199,12000000,12000000,849,1,1,2025-08-01,12000000
277179,2019/20,Angeliño,Defender,left,1997-01-04,20000000,3256,0,0,0,22,422,16000000,20000000,422,0,0,2019-08-01,16000000
278166,2023/24,Amari'i Bell,Defender,left,1994-05-05,2500000,1429,0,0,0,29,1723,2500000,2500000,1177,0,0,2023-08-01,2500000
279455,2019/20,Harry Wilson,Attack,left,1997-03-22,17500000,3986,7,0,7,22,1664,18000000,17500000,980,6,0,2019-08-01,25000000
279455,2022/23,Harry Wilson,Attack,left,1997-03-22,16000000,2890,2,5,7,25,1097,17000000,16000000,276,0,1,2022-08-01,17000000
279455,2023/24,Harry Wilson,Attack,left,1997-03-22,17000000,2525,4,6,10,26,1614,17000000,17000000,1040,2,3,2023-08-01,17000000
279455,2024/25,Harry Wilson,Attack,left,1997-03-22,15000000,2159,6,2,8,27,1159,17000000,15000000,517,5,0,2024-08-01,17000000
279455,2025/26,Harry Wilson,Attack,left,1997-03-22,25000000,1794,10,7,17,28,2694,18000000,25000000,1250,5,4,2025-08-01,20000000
282429,2020/21,Sergio Reguilón,Defender,left,1996-12-16,25000000,2708,0,4,4,23,2249,28000000,25000000,881,0,2,2020-08-01,28000000
282429,2021/22,Sergio Reguilón,Defender,left,1996-12-16,25000000,2343,2,3,5,24,1922,28000000,25000000,1205,1,3,2021-08-01,28000000
282429,2023/24,Sergio Reguilón,Defender,left,1996-12-16,12000000,1613,0,4,4,26,1536,10000000,12000000,412,0,0,2023-08-01,10000000
282429,2024/25,Sergio Reguilón,Defender,left,1996-12-16,6000000,1247,0,0,0,27,195,11000000,6000000,40,0,0,2024-08-01,11000000
282939,2025/26,Luke O'Nien,Defender,right,1994-11-21,700000,698,0,1,1,30,564,1300000,700000,3,0,0,2025-08-01,1300000
283628,2020/21,Tomáš Souček,Midfield,right,1995-02-27,40000000,2524,10,1,11,25,3420,20000000,40000000,1440,4,0,2020-08-01,30000000
283628,2021/22,Tomáš Souček,Midfield,right,1995-02-27,45000000,2159,5,1,6,26,3062,42000000,45000000,1699,3,1,2021-08-01,45000000
283628,2022/23,Tomáš Souček,Midfield,right,1995-02-27,35000000,1794,2,3,5,27,2819,45000000,35000000,1395,1,1,2022-08-01,45000000
283628,2023/24,Tomáš Souček,Midfield,right,1995-02-27,30000000,1429,7,2,9,28,2874,35000000,30000000,1440,5,1,2023-08-01,35000000
283628,2024/25,Tomáš Souček,Midfield,right,1995-02-27,18000000,1063,9,2,11,29,2571,24000000,18000000,1256,4,1,2024-08-01,24000000
283628,2025/26,Tomáš Souček,Midfield,right,1995-02-27,10000000,698,5,0,5,30,2199,15000000,10000000,586,2,0,2025-08-01,12000000
284165,2020/21,Steven Bergwijn,Attack,right,1997-10-08,22000000,2524,1,4,5,22,1212,28000000,22000000,593,0,0,2020-08-01,28000000
284165,2021/22,Steven Bergwijn,Attack,right,1997-10-08,18000000,2159,3,1,4,23,550,18000000,18000000,311,0,1,2021-08-01,18000000
284730,2022/23,Manuel Akanji,Defender,right,1995-07-19,38000000,2160,0,1,1,27,2286,30000000,38000000,882,0,1,2022-08-01,30000000
284730,2023/24,Manuel Akanji,Defender,right,1995-07-19,45000000,1795,2,0,2,28,2514,42000000,45000000,1261,2,0,2023-08-01,42000000
284730,2024/25,Manuel Akanji,Defender,right,1995-07-19,28000000,1429,0,0,0,29,2014,40000000,28000000,1277,0,0,2024-08-01,40000000
284857,2021/22,Marc Cucurella,Defender,left,1998-07-22,28000000,3986,1,1,2,23,3092,20000000,28000000,1292,0,1,2021-08-01,20000000
284857,2022/23,Marc Cucurella,Defender,left,1998-07-22,35000000,3621,0,2,2,24,1678,55000000,35000000,940,0,2,2022-08-01,55000000
284857,2023/24,Marc Cucurella,Defender,left,1998-07-22,30000000,3256,0,2,2,25,1785,28000000,30000000,705,0,0,2023-08-01,25000000
284857,2024/25,Marc Cucurella,Defender,left,1998-07-22,35000000,2890,5,2,7,26,2992,30000000,35000000,1359,1,2,2024-08-01,30000000
284857,2025/26,Marc Cucurella,Defender,left,1998-07-22,50000000,2525,1,4,5,27,2710,45000000,50000000,1507,0,2,2025-08-01,50000000
285548,2019/20,Fabián Balbuena,Defender,right,1991-08-23,9500000,2890,1,0,1,27,1176,12000000,9500000,901,1,0,2019-08-01,12000000
285548,2020/21,Fabián Balbuena,Defender,right,1991-08-23,5000000,2524,1,0,1,28,1198,8000000,5000000,1080,1,0,2020-08-01,8000000
285845,2019/20,Ainsley Maitland-Niles,Defender,right,1997-08-29,14500000,2890,0,2,2,21,1383,18000000,14500000,941,0,2,2019-08-01,18000000
285845,2020/21,Ainsley Maitland-Niles,Defender,right,1997-08-29,16000000,2524,0,1,1,22,1719,18000000,16000000,385,0,1,2020-08-01,18000000
285845,2021/22,Ainsley Maitland-Niles,Defender,right,1997-08-29,10000000,2159,0,0,0,23,264,12000000,10000000,264,0,0,2021-08-01,12000000
285845,2022/23,Ainsley Maitland-Niles,Defender,right,1997-08-29,8000000,1794,0,1,1,24,1404,8000000,8000000,538,0,0,2022-08-01,8000000
286047,2023/24,Guglielmo Vicario,Goalkeeper,right,1996-10-07,35000000,1795,0,0,0,26,3420,20000000,35000000,1800,0,0,2023-08-01,30000000
286047,2024/25,Guglielmo Vicario,Goalkeeper,right,1996-10-07,32000000,1429,0,0,0,27,2160,35000000,32000000,1080,0,0,2024-08-01,35000000
286047,2025/26,Guglielmo Vicario,Goalkeeper,right,1996-10-07,18000000,1064,0,0,0,28,2790,30000000,18000000,1620,0,0,2025-08-01,30000000
287579,2023/24,Sofyan Amrabat,Midfield,right,1996-08-21,22000000,1795,0,0,0,26,932,28000000,22000000,611,0,0,2023-08-01,28000000
288255,2020/21,Donny van de Beek,Midfield,right,1997-04-18,30000000,2890,1,1,2,23,513,44000000,30000000,251,1,0,2020-08-01,40000000
288255,2021/22,Donny van de Beek,Midfield,right,1997-04-18,25000000,2525,2,0,2,24,553,25000000,25000000,69,1,0,2021-08-01,25000000
288255,2022/23,Donny van de Beek,Midfield,right,1997-04-18,13000000,2160,0,0,0,25,163,20000000,13000000,118,0,0,2022-08-01,20000000
288255,2023/24,Donny van de Beek,Midfield,right,1997-04-18,5000000,1795,0,0,0,26,2,10000000,5000000,2,0,0,2023-08-01,9000000
288323,2024/25,Marcus Harness,Midfield,right,1996-02-24,800000,1429,0,0,0,28,43,800000,800000,43,0,0,2024-08-01,800000
289446,2019/20,Yerry Mina,Defender,right,1994-09-23,20000000,3256,2,1,3,24,2282,25000000,20000000,1540,0,0,2019-08-01,25000000
289446,2020/21,Yerry Mina,Defender,right,1994-09-23,20000000,2890,2,0,2,25,1939,20000000,20000000,1170,2,0,2020-08-01,20000000
289446,2021/22,Yerry Mina,Defender,right,1994-09-23,20000000,2525,0,0,0,26,847,20000000,20000000,488,0,0,2021-08-01,20000000
289446,2022/23,Yerry Mina,Defender,right,1994-09-23,10000000,2160,2,0,2,27,596,18000000,10000000,146,1,0,2022-08-01,18000000
289592,2022/23,Orel Mangala,Midfield,right,1998-03-18,16000000,2160,1,1,2,24,1555,12000000,16000000,328,0,0,2022-08-01,12000000
289592,2023/24,Orel Mangala,Midfield,right,1998-03-18,20000000,1795,1,0,1,25,1570,20000000,20000000,1409,1,0,2023-08-01,22000000
289592,2024/25,Orel Mangala,Midfield,right,1998-03-18,18000000,1429,1,0,1,26,1261,20000000,18000000,946,1,0,2024-08-01,20000000
290532,2020/21,Saïd Benrahma,Attack,right,1995-08-10,22000000,2524,1,6,7,24,1388,22000000,22000000,304,0,2,2020-08-01,22000000
290532,2021/22,Saïd Benrahma,Attack,right,1995-08-10,25000000,2159,8,6,14,25,2184,25000000,25000000,1380,5,3,2021-08-01,25000000
290532,2022/23,Saïd Benrahma,Attack,right,1995-08-10,25000000,1794,6,3,9,26,2071,22000000,25000000,928,3,1,2022-08-01,22000000
290532,2023/24,Saïd Benrahma,Attack,right,1995-08-10,20000000,1429,0,1,1,27,615,22000000,20000000,542,0,1,2023-08-01,22000000
290951,2020/21,Aboubakar Kamara,Attack,right,1995-03-07,2000000,1794,0,0,0,25,309,2000000,2000000,279,0,0,2020-08-01,2000000
291200,2022/23,Moussa Niakhaté,Defender,left,1996-03-08,18000000,2160,0,0,0,26,1166,18000000,18000000,162,0,0,2022-08-01,18000000
291200,2023/24,Moussa Niakhaté,Defender,left,1996-03-08,16000000,1795,1,0,1,27,1457,16000000,16000000,978,0,0,2023-08-01,16000000
291739,2021/22,Milot Rashica,Attack,right,1996-06-28,7000000,2159,1,2,3,25,2239,8000000,7000000,808,0,1,2021-08-01,8000000
292139,2024/25,Sammie Szmodics,Midfield,right,1995-09-24,10000000,698,4,0,4,28,1002,10000000,10000000,916,3,0,2024-08-01,12000000
292246,2021/22,Hee-chan Hwang,Attack,right,1996-01-26,16000000,2525,5,1,6,25,1822,13000000,16000000,986,4,0,2021-08-01,13000000
292246,2022/23,Hee-chan Hwang,Attack,right,1996-01-26,12000000,2160,3,1,4,26,1127,12000000,12000000,470,0,1,2022-08-01,12000000
292246,2023/24,Hee-chan Hwang,Attack,right,1996-01-26,25000000,1795,12,3,15,27,2124,18000000,25000000,1449,10,3,2023-08-01,22000000
292246,2024/25,Hee-chan Hwang,Attack,right,1996-01-26,12000000,1429,2,0,2,28,649,22000000,12000000,423,2,0,2024-08-01,22000000
292246,2025/26,Hee-chan Hwang,Attack,right,1996-01-26,6000000,1064,2,2,4,29,1455,10000000,6000000,737,1,0,2025-08-01,10000000
292417,2019/20,Demarai Gray,Attack,right,1996-06-28,14500000,3256,2,3,5,23,608,18000000,14500000,361,1,1,2019-08-01,18000000
292417,2020/21,Demarai Gray,Attack,right,1996-06-28,8000000,2890,0,0,0,24,18,12000000,8000000,18,0,0,2020-08-01,12000000
292417,2021/22,Demarai Gray,Attack,right,1996-06-28,22000000,2525,5,4,9,25,2351,15000000,22000000,1246,5,2,2021-08-01,22000000
292417,2022/23,Demarai Gray,Attack,right,1996-06-28,20000000,2160,4,1,5,26,2511,20000000,20000000,1414,2,0,2022-08-01,20000000
292808,2022/23,Wout Faes,Defender,right,1998-04-03,20000000,1429,1,2,3,24,2787,15000000,20000000,990,0,0,2022-08-01,20000000
292808,2024/25,Wout Faes,Defender,right,1998-04-03,15000000,698,1,0,1,26,2812,20000000,15000000,1254,1,0,2024-08-01,20000000
293194,2025/26,Borna Sosa,Defender,left,1998-01-21,3000000,1064,0,0,0,27,99,4000000,3000000,26,0,0,2025-08-01,4000000
293200,2021/22,Nikola Vlašić,Midfield,right,1997-10-04,22000000,2159,1,0,1,23,554,27000000,22000000,197,1,0,2021-08-01,27000000
293281,2023/24,Jacob Bruun Larsen,Attack,right,1998-09-19,8000000,2160,6,0,6,24,1247,3000000,8000000,449,2,0,2023-08-01,3000000
293281,2025/26,Jacob Bruun Larsen,Attack,right,1998-09-19,4000000,1429,0,1,1,26,1023,5000000,4000000,807,0,1,2025-08-01,5000000
293283,2020/21,Oskar Buur,Defender,right,1998-03-31,300000,2159,0,0,0,22,21,100000,300000,21,0,0,2020-08-01,500000
293569,2020/21,Josh Brownhill,Midfield,right,1995-12-19,7000000,2524,0,1,1,24,2813,5500000,7000000,1260,0,0,2020-08-01,5500000
293569,2021/22,Josh Brownhill,Midfield,right,1995-12-19,7000000,2159,2,3,5,25,2953,7000000,7000000,1200,0,0,2021-08-01,7000000
293569,2023/24,Josh Brownhill,Midfield,right,1995-12-19,15000000,1429,4,2,6,27,2252,18000000,15000000,1501,3,0,2023-08-01,18000000
294057,2019/20,James Maddison,Midfield,right,1996-11-23,55000000,3256,6,3,9,22,2629,45000000,55000000,1607,5,3,2019-08-01,60000000
294057,2020/21,James Maddison,Midfield,right,1996-11-23,55000000,2890,8,7,15,23,2105,55000000,55000000,885,3,4,2020-08-01,55000000
294057,2021/22,James Maddison,Midfield,right,1996-11-23,50000000,2525,12,8,20,24,2467,50000000,50000000,1169,5,3,2021-08-01,50000000
294057,2022/23,James Maddison,Midfield,right,1996-11-23,60000000,2160,10,9,19,25,2486,55000000,60000000,1100,7,4,2022-08-01,55000000
294057,2023/24,James Maddison,Midfield,right,1996-11-23,70000000,1795,4,9,13,26,2154,70000000,70000000,889,3,5,2023-08-01,70000000
294057,2024/25,James Maddison,Midfield,right,1996-11-23,42000000,1429,9,7,16,27,1817,60000000,42000000,1143,8,4,2024-08-01,60000000
295313,2022/23,Taiwo Awoniyi,Attack,right,1997-08-12,25000000,1794,10,1,11,24,1411,20000000,25000000,573,3,0,2022-08-01,20000000
295313,2023/24,Taiwo Awoniyi,Attack,right,1997-08-12,28000000,1429,6,3,9,25,1046,30000000,28000000,672,4,2,2023-08-01,28000000
295313,2024/25,Taiwo Awoniyi,Attack,right,1997-08-12,16000000,1063,1,0,1,26,399,22000000,16000000,216,0,0,2024-08-01,22000000
295313,2025/26,Taiwo Awoniyi,Attack,right,1997-08-12,8000000,698,4,2,6,27,481,14000000,8000000,182,0,0,2025-08-01,12000000
295330,2019/20,Kelechi Iheanacho,Attack,left,1996-10-03,15000000,2525,5,4,9,22,961,12000000,15000000,221,3,2,2019-08-01,12000000
295330,2020/21,Kelechi Iheanacho,Attack,left,1996-10-03,20000000,2159,12,2,14,23,1457,15000000,20000000,234,0,0,2020-08-01,15000000
295330,2021/22,Kelechi Iheanacho,Attack,left,1996-10-03,20000000,1794,4,5,9,24,1260,20000000,20000000,588,2,4,2021-08-01,20000000
295330,2022/23,Kelechi Iheanacho,Attack,left,1996-10-03,18000000,1429,5,5,10,25,1121,17000000,18000000,249,1,1,2022-08-01,17000000
295630,2021/22,Dimitrios Giannoulis,Defender,left,1995-10-17,5000000,2525,0,1,1,25,1166,7000000,5000000,532,0,1,2021-08-01,7000000
296986,2020/21,Tyler Roberts,Attack,right,1999-01-12,6000000,2524,1,2,3,21,1339,3600000,6000000,238,0,0,2020-08-01,3600000
296986,2021/22,Tyler Roberts,Attack,right,1999-01-12,8000000,2159,1,1,2,22,978,8000000,8000000,797,1,1,2021-08-01,8000000
297212,2020/21,Joe Rodon,Defender,right,1997-10-22,10000000,2890,0,0,0,22,732,7000000,10000000,101,0,0,2020-08-01,10000000
297212,2021/22,Joe Rodon,Defender,right,1997-10-22,8000000,2525,0,0,0,23,87,8000000,8000000,78,0,0,2021-08-01,8000000
297212,2025/26,Joe Rodon,Defender,right,1997-10-22,18000000,1064,2,0,2,27,2954,12000000,18000000,1561,2,0,2025-08-01,12000000
298477,2019/20,Oli McBurnie,Attack,right,1996-06-04,12000000,3256,6,0,6,23,2119,12000000,12000000,786,3,0,2019-08-01,10000000
298477,2020/21,Oli McBurnie,Attack,right,1996-06-04,10000000,2890,1,1,2,24,1319,15000000,10000000,822,1,1,2020-08-01,15000000
298477,2023/24,Oli McBurnie,Attack,right,1996-06-04,4500000,1795,6,3,9,27,1285,4500000,4500000,679,3,1,2023-08-01,4500000
300716,2019/20,Kieran Tierney,Defender,left,1997-06-05,28000000,3986,1,1,2,22,992,25000000,28000000,299,0,0,2019-08-01,25000000
300716,2020/21,Kieran Tierney,Defender,left,1997-06-05,32000000,3620,1,4,5,23,2301,32000000,32000000,1341,0,1,2020-08-01,28000000
300716,2021/22,Kieran Tierney,Defender,left,1997-06-05,32000000,3255,1,3,4,24,1919,32000000,32000000,1109,1,2,2021-08-01,32000000
300716,2022/23,Kieran Tierney,Defender,left,1997-06-05,25000000,2890,0,1,1,25,777,30000000,25000000,449,0,0,2022-08-01,30000000
302215,2019/20,Naby Keïta,Midfield,right,1995-02-10,40000000,2525,2,3,5,24,813,50000000,40000000,197,1,1,2019-08-01,42000000
302215,2020/21,Naby Keïta,Midfield,right,1995-02-10,32000000,2159,0,0,0,25,521,40000000,32000000,398,0,0,2020-08-01,40000000
302215,2021/22,Naby Keïta,Midfield,right,1995-02-10,25000000,1794,3,1,4,26,1175,30000000,25000000,506,2,1,2021-08-01,30000000
302215,2022/23,Naby Keïta,Midfield,right,1995-02-10,12000000,1429,0,0,0,27,292,20000000,12000000,51,0,0,2022-08-01,20000000
303254,2019/20,Fikayo Tomori,Defender,right,1997-12-19,16000000,2890,1,0,1,21,1293,10000000,16000000,1229,1,0,2019-08-01,20000000
303254,2020/21,Fikayo Tomori,Defender,right,1997-12-19,28000000,2524,0,0,0,22,45,20000000,28000000,45,0,0,2020-08-01,17000000
303657,2023/24,Ionuț Radu,Goalkeeper,right,1997-05-28,3000000,2160,0,0,0,26,180,3000000,3000000,180,0,0,2023-08-01,3000000
306024,2019/20,Dominic Calvert-Lewin,Attack,right,1997-03-16,24000000,3256,13,1,14,22,2630,22000000,24000000,1133,8,0,2019-08-01,22000000
306024,2020/21,Dominic Calvert-Lewin,Attack,right,1997-03-16,45000000,2890,16,3,19,23,2876,40000000,45000000,1330,11,1,2020-08-01,45000000
306024,2021/22,Dominic Calvert-Lewin,Attack,right,1997-03-16,40000000,2525,5,2,7,24,1287,45000000,40000000,250,3,0,2021-08-01,45000000
306024,2022/23,Dominic Calvert-Lewin,Attack,right,1997-03-16,25000000,2160,2,1,3,25,1175,30000000,25000000,410,1,0,2022-08-01,30000000
306024,2023/24,Dominic Calvert-Lewin,Attack,right,1997-03-16,22000000,1795,7,2,9,26,2186,22000000,22000000,1084,3,0,2023-08-01,22000000
306024,2024/25,Dominic Calvert-Lewin,Attack,right,1997-03-16,16000000,1429,3,2,5,27,1613,22000000,16000000,1331,2,1,2024-08-01,22000000
306024,2025/26,Dominic Calvert-Lewin,Attack,right,1997-03-16,22000000,1064,14,1,15,28,2730,15000000,22000000,1119,8,0,2025-08-01,15000000
309400,2020/21,Kai Havertz,Attack,left,1999-06-11,70000000,2890,4,5,9,21,1520,81000000,70000000,805,1,2,2020-08-01,81000000
309400,2021/22,Kai Havertz,Attack,left,1999-06-11,70000000,2525,8,4,12,22,1811,70000000,70000000,857,2,2,2021-08-01,70000000
309400,2022/23,Kai Havertz,Attack,left,1999-06-11,55000000,2160,7,1,8,23,2579,70000000,55000000,978,4,1,2022-08-01,70000000
309400,2023/24,Kai Havertz,Attack,left,1999-06-11,70000000,1795,13,7,20,24,2640,60000000,70000000,1175,4,1,2023-08-01,55000000
309400,2024/25,Kai Havertz,Attack,left,1999-06-11,65000000,1429,9,3,12,25,1875,75000000,65000000,1482,7,2,2024-08-01,75000000
309400,2025/26,Kai Havertz,Attack,left,1999-06-11,55000000,1064,2,3,5,26,583,60000000,55000000,30,0,0,2025-08-01,55000000
314183,2020/21,Karlan Grant,Attack,right,1997-09-18,8000000,2159,1,0,1,22,1132,8000000,8000000,867,1,0,2020-08-01,10000000
314210,2019/20,Tom Davies,Midfield,right,1998-06-30,16000000,2525,1,0,1,21,2026,18000000,16000000,918,1,0,2019-08-01,18000000
314210,2020/21,Tom Davies,Midfield,right,1998-06-30,18000000,2159,0,1,1,22,1426,16000000,18000000,337,0,0,2020-08-01,16000000
314210,2021/22,Tom Davies,Midfield,right,1998-06-30,18000000,1794,1,0,1,23,233,18000000,18000000,155,1,0,2021-08-01,18000000
314210,2022/23,Tom Davies,Midfield,right,1998-06-30,9000000,1429,0,0,0,24,527,12000000,9000000,308,0,0,2022-08-01,12000000
314210,2023/24,Tom Davies,Midfield,right,1998-06-30,5000000,1064,0,0,0,25,214,6000000,5000000,57,0,0,2023-08-01,6000000
314241,2025/26,Josh Laurent,Midfield,right,1995-05-06,1500000,698,1,0,1,30,1759,2000000,1500000,876,1,0,2025-08-01,2000000
314288,2025/26,Lukas Nmecha,Attack,right,1998-12-14,10000000,698,6,1,7,26,1073,5000000,10000000,511,4,0,2025-08-01,8000000
314353,2019/20,Trent Alexander-Arnold,Defender,right,1998-10-07,110000000,4351,4,13,17,20,3176,110000000,110000000,1663,2,8,2019-08-01,110000000
314353,2020/21,Trent Alexander-Arnold,Defender,right,1998-10-07,75000000,3985,2,7,9,21,3033,110000000,75000000,1142,0,2,2020-08-01,110000000
314353,2021/22,Trent Alexander-Arnold,Defender,right,1998-10-07,80000000,3620,2,12,14,22,2854,80000000,80000000,1504,2,8,2021-08-01,80000000
314353,2022/23,Trent Alexander-Arnold,Defender,right,1998-10-07,65000000,3255,2,9,11,23,2931,70000000,65000000,1158,1,0,2022-08-01,70000000
314353,2023/24,Trent Alexander-Arnold,Defender,right,1998-10-07,70000000,2890,3,4,7,24,2163,70000000,70000000,1412,2,3,2023-08-01,70000000
314353,2024/25,Trent Alexander-Arnold,Defender,right,1998-10-07,75000000,2524,3,7,10,25,2377,75000000,75000000,1316,1,4,2024-08-01,75000000
314366,2020/21,Kyle Edwards,Midfield,right,1998-02-17,1000000,1429,0,0,0,22,114,1300000,1000000,114,0,0,2020-08-01,1300000
314367,2025/26,Marcus Edwards,Attack,left,1998-12-03,6000000,1429,1,3,4,26,1065,10000000,6000000,273,0,1,2025-08-01,8000000
314875,2020/21,Jarrod Bowen,Attack,left,1996-12-20,30000000,3620,8,5,13,23,2577,28000000,30000000,1230,4,2,2020-08-01,28000000
314875,2021/22,Jarrod Bowen,Attack,left,1996-12-20,42000000,3255,12,12,24,24,2993,35000000,42000000,1593,3,9,2021-08-01,35000000
314875,2022/23,Jarrod Bowen,Attack,left,1996-12-20,38000000,2890,6,6,12,25,3237,42000000,38000000,1523,2,1,2022-08-01,42000000
314875,2023/24,Jarrod Bowen,Attack,left,1996-12-20,50000000,2525,16,6,22,26,3022,48000000,50000000,1618,11,2,2023-08-01,50000000
314875,2024/25,Jarrod Bowen,Attack,left,1996-12-20,40000000,2159,13,10,23,27,2980,45000000,40000000,1659,5,5,2024-08-01,45000000
314875,2025/26,Jarrod Bowen,Attack,left,1996-12-20,30000000,1794,9,11,20,28,3409,35000000,30000000,1710,6,1,2025-08-01,35000000
315779,2019/20,Christian Pulisic,Attack,right,1998-09-18,60000000,2890,9,6,15,20,1727,60000000,60000000,1010,5,2,2019-08-01,60000000
315779,2020/21,Christian Pulisic,Attack,right,1998-09-18,50000000,2524,4,2,6,21,1737,60000000,50000000,605,1,0,2020-08-01,60000000
315779,2021/22,Christian Pulisic,Attack,right,1998-09-18,42000000,2159,6,2,8,22,1286,45000000,42000000,595,2,0,2021-08-01,45000000
315779,2022/23,Christian Pulisic,Attack,right,1998-09-18,25000000,1794,1,1,2,23,813,38000000,25000000,497,1,1,2022-08-01,38000000
315858,2025/26,Gianluigi Donnarumma,Goalkeeper,right,1999-02-25,45000000,1794,0,0,0,26,3060,45000000,45000000,1350,0,0,2025-08-01,45000000
315867,2022/23,Gianluca Scamacca,Attack,right,1999-01-01,22000000,2160,3,0,3,23,928,30000000,22000000,846,2,0,2022-08-01,30000000
315969,2019/20,Scott McTominay,Midfield,right,1996-12-08,22500000,3256,4,1,5,22,1771,20000000,22500000,1454,3,1,2019-08-01,28000000
315969,2020/21,Scott McTominay,Midfield,right,1996-12-08,35000000,2890,4,1,5,23,2128,22500000,35000000,856,2,1,2020-08-01,25000000
315969,2021/22,Scott McTominay,Midfield,right,1996-12-08,32000000,2525,1,1,2,24,2391,35000000,32000000,1196,1,0,2021-08-01,35000000
315969,2022/23,Scott McTominay,Midfield,right,1996-12-08,25000000,2160,1,0,1,25,1151,30000000,25000000,637,0,0,2022-08-01,30000000
315969,2023/24,Scott McTominay,Midfield,right,1996-12-08,32000000,1795,7,1,8,26,1892,28000000,32000000,1112,5,0,2023-08-01,28000000
315969,2024/25,Scott McTominay,Midfield,right,1996-12-08,50000000,1429,0,0,0,27,17,40000000,50000000,17,0,0,2024-08-01,40000000
316125,2019/20,Ben Chilwell,Defender,left,1996-12-21,40000000,2890,3,3,6,22,2375,50000000,40000000,1430,1,3,2019-08-01,50000000
316125,2020/21,Ben Chilwell,Defender,left,1996-12-21,45000000,2524,3,5,8,23,2291,50000000,45000000,1082,2,4,2020-08-01,50000000
316125,2021/22,Ben Chilwell,Defender,left,1996-12-21,38000000,2159,3,1,4,24,541,38000000,38000000,540,3,1,2021-08-01,38000000
316125,2022/23,Ben Chilwell,Defender,left,1996-12-21,35000000,1794,2,3,5,25,1408,38000000,35000000,417,1,2,2022-08-01,38000000
316125,2023/24,Ben Chilwell,Defender,left,1996-12-21,28000000,1429,0,1,1,26,757,30000000,28000000,338,0,1,2023-08-01,30000000
316264,2021/22,Martin Ødegaard,Midfield,left,1998-12-17,45000000,2525,7,4,11,22,2793,42000000,45000000,1159,4,3,2021-08-01,42000000
316264,2022/23,Martin Ødegaard,Midfield,left,1998-12-17,90000000,2160,15,8,23,23,3150,50000000,90000000,1261,7,5,2022-08-01,60000000
316264,2023/24,Martin Ødegaard,Midfield,left,1998-12-17,110000000,1795,8,10,18,24,3104,90000000,110000000,1511,4,3,2023-08-01,90000000
316264,2024/25,Martin Ødegaard,Midfield,left,1998-12-17,85000000,1429,3,8,11,25,2332,110000000,85000000,911,1,2,2024-08-01,110000000
316264,2025/26,Martin Ødegaard,Midfield,left,1998-12-17,65000000,1064,1,7,8,26,1371,80000000,65000000,718,1,2,2025-08-01,75000000
318077,2019/20,Lucas Torreira,Midfield,right,1996-02-11,30000000,3256,1,1,2,23,1508,45000000,30000000,989,1,0,2019-08-01,45000000
318508,2025/26,Olivier Boscagli,Defender,left,1997-11-18,15000000,1794,0,1,1,27,800,18000000,15000000,142,0,0,2025-08-01,18000000
318523,2021/22,Romain Perraud,Defender,left,1997-09-22,8000000,2525,0,1,1,23,1625,10000000,8000000,614,0,0,2021-08-01,8000000
318523,2022/23,Romain Perraud,Defender,left,1997-09-22,12000000,2160,2,2,4,24,1837,10000000,12000000,919,2,2,2022-08-01,10000000
319301,2019/20,Daniel James,Attack,right,1997-11-10,19000000,3621,3,6,9,21,2291,25000000,19000000,1579,3,6,2019-08-01,28000000
319301,2020/21,Daniel James,Attack,right,1997-11-10,18000000,3255,3,1,4,22,912,16000000,18000000,323,1,0,2020-08-01,16000000
319301,2021/22,Daniel James,Attack,right,1997-11-10,18000000,2890,4,5,9,23,2499,18000000,18000000,1185,1,2,2021-08-01,18000000
319301,2022/23,Daniel James,Attack,right,1997-11-10,12000000,2525,2,1,3,24,807,16000000,12000000,540,1,0,2022-08-01,16000000
319301,2025/26,Daniel James,Attack,right,1997-11-10,10000000,1429,0,0,0,27,553,16000000,10000000,352,0,0,2025-08-01,14000000
319859,2021/22,Mathias Jensen,Midfield,right,1996-01-01,10000000,2159,0,1,1,25,1600,8000000,10000000,656,0,1,2021-08-01,8000000
319859,2022/23,Mathias Jensen,Midfield,right,1996-01-01,22000000,1794,5,6,11,26,2831,12000000,22000000,1264,1,3,2022-08-01,14000000
319859,2023/24,Mathias Jensen,Midfield,right,1996-01-01,28000000,1429,3,3,6,27,2221,28000000,28000000,1000,3,2,2023-08-01,30000000
319859,2024/25,Mathias Jensen,Midfield,right,1996-01-01,14000000,1063,0,2,2,28,852,25000000,14000000,481,0,1,2024-08-01,25000000
319859,2025/26,Mathias Jensen,Midfield,right,1996-01-01,10000000,698,3,1,4,29,2252,12000000,10000000,623,2,0,2025-08-01,12000000
320141,2019/20,Çağlar Söyüncü,Defender,both,1996-05-23,40000000,2890,1,1,2,23,3037,20000000,40000000,1710,1,1,2019-08-01,40000000
320141,2020/21,Çağlar Söyüncü,Defender,both,1996-05-23,45000000,2524,1,0,1,24,1816,40000000,45000000,360,0,0,2020-08-01,40000000
320141,2021/22,Çağlar Söyüncü,Defender,both,1996-05-23,40000000,2159,1,0,1,25,2498,45000000,40000000,1418,1,0,2021-08-01,45000000
320141,2022/23,Çağlar Söyüncü,Defender,both,1996-05-23,15000000,1794,1,0,1,26,529,28000000,15000000,72,0,0,2022-08-01,22000000
320411,2019/20,Philip Billing,Midfield,left,1996-06-11,14500000,3986,1,1,2,23,2533,15000000,14500000,1505,0,1,2019-08-01,18000000
320411,2022/23,Philip Billing,Midfield,left,1996-06-11,20000000,2890,7,1,8,26,2787,18000000,20000000,1247,4,1,2022-08-01,18000000
320411,2023/24,Philip Billing,Midfield,left,1996-06-11,22000000,2525,2,2,4,27,1393,22000000,22000000,1167,2,2,2023-08-01,22000000
320411,2024/25,Philip Billing,Midfield,left,1996-06-11,10000000,2159,0,0,0,28,176,18000000,10000000,168,0,0,2024-08-01,14000000
321247,2019/20,Emiliano Buendía,Attack,right,1996-12-25,14500000,2890,1,7,8,22,2463,18000000,14500000,1504,0,6,2019-08-01,18000000
321247,2021/22,Emiliano Buendía,Attack,right,1996-12-25,32000000,2159,4,6,10,24,1901,35000000,32000000,970,1,2,2021-08-01,35000000
321247,2022/23,Emiliano Buendía,Attack,right,1996-12-25,28000000,1794,5,2,7,25,2422,28000000,28000000,812,1,0,2022-08-01,28000000
321247,2024/25,Emiliano Buendía,Attack,right,1996-12-25,15000000,1063,0,0,0,27,89,20000000,15000000,48,0,0,2024-08-01,18000000
321247,2025/26,Emiliano Buendía,Attack,right,1996-12-25,16000000,698,6,2,8,28,1760,18000000,16000000,676,4,2,2025-08-01,18000000
322702,2023/24,Benson Manuel,Attack,left,1997-03-28,5000000,1429,0,0,0,26,110,6000000,5000000,73,0,0,2023-08-01,6000000
322985,2023/24,Gustavo Hamer,Midfield,right,1997-06-24,15000000,1429,4,6,10,26,2924,16000000,15000000,1444,2,2,2023-08-01,16000000
324223,2024/25,James Bree,Defender,right,1997-12-11,2500000,698,0,1,1,26,1073,2500000,2500000,265,0,0,2024-08-01,2500000
324358,2020/21,Ollie Watkins,Attack,right,1995-12-30,32000000,2890,14,5,19,24,3329,30000000,32000000,1260,6,2,2020-08-01,30000000
324358,2021/22,Ollie Watkins,Attack,right,1995-12-30,35000000,2525,11,2,13,25,2955,35000000,35000000,1361,5,1,2021-08-01,35000000
324358,2022/23,Ollie Watkins,Attack,right,1995-12-30,40000000,2160,15,6,21,26,3136,32000000,40000000,1263,3,3,2022-08-01,32000000
324358,2023/24,Ollie Watkins,Attack,right,1995-12-30,65000000,1795,19,13,32,27,3226,55000000,65000000,1763,9,8,2023-08-01,60000000
324358,2024/25,Ollie Watkins,Attack,right,1995-12-30,40000000,1429,16,8,24,28,2610,55000000,40000000,1280,8,4,2024-08-01,55000000
324358,2025/26,Ollie Watkins,Attack,right,1995-12-30,25000000,1064,16,3,19,29,2854,35000000,25000000,1398,6,1,2025-08-01,30000000
324882,2019/20,Marvelous Nakamba,Midfield,left,1994-01-19,8000000,2525,0,0,0,25,1835,8000000,8000000,1062,0,0,2019-08-01,10000000
324882,2020/21,Marvelous Nakamba,Midfield,left,1994-01-19,7000000,2159,0,0,0,26,751,8000000,7000000,104,0,0,2020-08-01,8000000
324882,2021/22,Marvelous Nakamba,Midfield,left,1994-01-19,7000000,1794,0,0,0,27,904,7000000,7000000,757,0,0,2021-08-01,7000000
324882,2023/24,Marvelous Nakamba,Midfield,left,1994-01-19,5000000,1064,0,0,0,29,1133,5000000,5000000,1133,0,0,2023-08-01,5000000
325443,2025/26,Viktor Gyökeres,Attack,right,1998-06-04,65000000,1794,14,1,15,27,2231,70000000,65000000,1167,5,0,2025-08-01,70000000
326029,2025/26,Donyell Malen,Attack,right,1999-01-19,45000000,1794,4,1,5,26,645,25000000,45000000,621,4,1,2025-08-01,25000000
326031,2024/25,Matthijs de Ligt,Defender,right,1999-08-12,38000000,1794,2,0,2,24,2128,55000000,38000000,1224,1,0,2024-08-01,45000000
326031,2025/26,Matthijs de Ligt,Defender,right,1999-08-12,30000000,1429,1,0,1,25,1170,40000000,30000000,1170,1,0,2025-08-01,40000000
328658,2021/22,Kristoffer Ajer,Defender,right,1998-04-17,18000000,3255,1,2,3,23,1987,17000000,18000000,566,0,0,2021-08-01,17000000
328658,2022/23,Kristoffer Ajer,Defender,right,1998-04-17,16000000,2890,0,0,0,24,766,16000000,16000000,504,0,0,2022-08-01,16000000
328658,2023/24,Kristoffer Ajer,Defender,right,1998-04-17,15000000,2525,2,1,3,25,1833,18000000,15000000,727,0,1,2023-08-01,18000000
328658,2024/25,Kristoffer Ajer,Defender,right,1998-04-17,18000000,2159,0,0,0,26,1443,18000000,18000000,721,0,0,2024-08-01,18000000
328658,2025/26,Kristoffer Ajer,Defender,right,1998-04-17,18000000,1794,0,1,1,27,1809,16000000,18000000,702,0,1,2025-08-01,16000000
328784,2020/21,Robin Koch,Defender,right,1996-07-17,17000000,3620,0,0,0,24,1131,17000000,17000000,909,0,0,2020-08-01,17000000
328784,2021/22,Robin Koch,Defender,right,1996-07-17,16000000,3255,0,0,0,25,1574,17000000,16000000,180,0,0,2021-08-01,17000000
328784,2022/23,Robin Koch,Defender,right,1996-07-17,18000000,2890,0,0,0,26,3177,18000000,18000000,1395,0,0,2022-08-01,18000000
329145,2022/23,Diego Carlos,Defender,right,1993-03-15,20000000,2160,0,0,0,29,205,30000000,20000000,180,0,0,2022-08-01,30000000
329145,2023/24,Diego Carlos,Defender,right,1993-03-15,16000000,1795,0,0,0,30,1811,18000000,16000000,904,0,0,2023-08-01,16000000
329145,2024/25,Diego Carlos,Defender,right,1993-03-15,9500000,1429,0,0,0,31,828,12000000,9500000,828,0,0,2024-08-01,11000000
330659,2023/24,Justin Kluivert,Midfield,both,1999-05-05,14000000,1795,7,1,8,24,1935,11000000,14000000,815,2,0,2023-08-01,11000000
330659,2024/25,Justin Kluivert,Midfield,both,1999-05-05,35000000,1429,12,6,18,25,2356,22000000,35000000,1135,6,2,2024-08-01,22000000
330659,2025/26,Justin Kluivert,Midfield,both,1999-05-05,25000000,1064,2,0,2,26,953,32000000,25000000,848,2,0,2025-08-01,32000000
331726,2019/20,Tammy Abraham,Attack,right,1997-10-02,40000000,3986,15,4,19,21,2222,32000000,40000000,1493,12,3,2019-08-01,50000000
331726,2020/21,Tammy Abraham,Attack,right,1997-10-02,38000000,3620,6,2,8,22,1034,40000000,38000000,779,6,2,2020-08-01,40000000
332705,2022/23,Tyler Adams,Midfield,right,1999-02-14,18000000,2160,0,0,0,23,2157,17000000,18000000,1257,0,0,2022-08-01,17000000
332705,2024/25,Tyler Adams,Midfield,right,1999-02-14,18000000,1429,0,3,3,25,1965,15000000,18000000,484,0,0,2024-08-01,15000000
332705,2025/26,Tyler Adams,Midfield,right,1999-02-14,25000000,1064,2,2,4,26,1779,20000000,25000000,1203,2,1,2025-08-01,25000000
333014,2020/21,Sander Berge,Midfield,right,1998-02-14,18000000,3255,1,1,2,22,1121,18000000,18000000,1016,1,1,2020-08-01,18000000
333014,2023/24,Sander Berge,Midfield,right,1998-02-14,20000000,2160,1,2,3,25,3006,20000000,20000000,1476,1,1,2023-08-01,20000000
333014,2024/25,Sander Berge,Midfield,right,1998-02-14,25000000,1794,0,0,0,26,2227,20000000,25000000,958,0,0,2024-08-01,20000000
333014,2025/26,Sander Berge,Midfield,right,1998-02-14,25000000,1429,0,1,1,27,2911,25000000,25000000,1552,0,0,2025-08-01,25000000
333241,2019/20,Joelinton,Midfield,right,1996-08-14,20000000,3256,2,2,4,22,2698,30000000,20000000,1523,1,2,2019-08-01,30000000
333241,2020/21,Joelinton,Midfield,right,1996-08-14,17000000,2890,4,2,6,23,1988,20000000,17000000,888,1,2,2020-08-01,20000000
333241,2021/22,Joelinton,Midfield,right,1996-08-14,20000000,2525,4,1,5,24,2559,15000000,20000000,1210,1,1,2021-08-01,15000000
333241,2022/23,Joelinton,Midfield,right,1996-08-14,42000000,2160,6,2,8,25,2663,28000000,42000000,1239,2,2,2022-08-01,32000000
333241,2023/24,Joelinton,Midfield,right,1996-08-14,40000000,1795,2,1,3,26,1282,42000000,40000000,1056,2,1,2023-08-01,42000000
333241,2024/25,Joelinton,Midfield,right,1996-08-14,35000000,1429,4,3,7,27,2404,40000000,35000000,1505,4,1,2024-08-01,40000000
333241,2025/26,Joelinton,Midfield,right,1996-08-14,25000000,1064,2,1,3,28,1956,30000000,25000000,1051,1,0,2025-08-01,30000000
334526,2022/23,Denis Zakaria,Midfield,right,1996-11-20,18000000,2160,0,0,0,25,413,20000000,18000000,82,0,0,2022-08-01,20000000
335721,2020/21,Ben White,Defender,right,1997-10-08,28000000,2890,0,0,0,22,3196,15000000,28000000,1312,0,0,2020-08-01,22000000
335721,2021/22,Ben White,Defender,right,1997-10-08,40000000,2525,0,0,0,23,2880,40000000,40000000,1530,0,0,2021-08-01,40000000
335721,2022/23,Ben White,Defender,right,1997-10-08,55000000,2160,2,5,7,24,3067,45000000,55000000,1307,0,2,2022-08-01,45000000
335721,2023/24,Ben White,Defender,right,1997-10-08,55000000,1795,4,4,8,25,2995,55000000,55000000,1478,1,1,2023-08-01,55000000
335721,2024/25,Ben White,Defender,right,1997-10-08,45000000,1429,0,2,2,26,1198,55000000,45000000,694,0,1,2024-08-01,55000000
335721,2025/26,Ben White,Defender,right,1997-10-08,30000000,1064,0,1,1,27,704,38000000,30000000,289,0,1,2025-08-01,30000000
336077,2025/26,Altay Bayındır,Goalkeeper,right,1998-04-14,5000000,698,0,0,0,27,540,7000000,5000000,540,0,0,2025-08-01,7000000
336367,2024/25,Joe Lumley,Goalkeeper,right,1995-02-15,500000,1063,0,0,0,29,270,600000,500000,270,0,0,2024-08-01,600000
336869,2022/23,Marc Roca,Midfield,left,1996-11-26,10000000,2525,1,2,3,25,2330,12000000,10000000,1176,1,1,2022-08-01,12000000
337787,2022/23,Connor Ronan,Midfield,right,1998-03-06,800000,1613,0,0,0,24,1,800000,800000,1,0,0,2022-08-01,800000
338070,2021/22,Konstantinos Tsimikas,Defender,left,1996-05-12,15000000,2159,0,2,2,25,874,10000000,15000000,488,0,1,2021-08-01,10000000
338070,2022/23,Konstantinos Tsimikas,Defender,left,1996-05-12,18000000,1794,0,4,4,26,767,18000000,18000000,393,0,3,2022-08-01,18000000
338070,2023/24,Konstantinos Tsimikas,Defender,left,1996-05-12,22000000,1429,0,3,3,27,677,22000000,22000000,664,0,3,2023-08-01,22000000
338070,2024/25,Konstantinos Tsimikas,Defender,left,1996-05-12,18000000,1063,0,1,1,28,833,20000000,18000000,249,0,0,2024-08-01,20000000
338424,2024/25,Mikel Merino,Midfield,left,1996-06-22,35000000,1429,7,2,9,28,1581,45000000,35000000,496,1,0,2024-08-01,45000000
338424,2025/26,Mikel Merino,Midfield,left,1996-06-22,25000000,1064,4,3,7,29,1027,30000000,25000000,924,3,3,2025-08-01,30000000
338629,2025/26,Sebastiaan Bornauw,Defender,right,1999-03-22,8000000,1429,0,0,0,26,433,5000000,8000000,2,0,0,2025-08-01,5000000
338635,2023/24,Hannes Delcroix,Defender,left,1999-02-28,4000000,1795,0,0,0,24,585,4000000,4000000,383,0,0,2023-08-01,4000000
339314,2022/23,Deniz Undav,Attack,both,1996-07-19,10000000,2525,5,0,5,26,619,6000000,10000000,94,0,0,2022-08-01,6000000
339556,2021/22,Rico Henry,Defender,left,1997-07-08,20000000,2159,3,0,3,24,2784,10000000,20000000,1378,2,0,2021-08-01,15000000
339556,2022/23,Rico Henry,Defender,left,1997-07-08,28000000,1794,0,2,2,25,3246,22000000,28000000,1527,0,1,2022-08-01,22000000
339556,2023/24,Rico Henry,Defender,left,1997-07-08,20000000,1429,0,1,1,26,402,25000000,20000000,402,0,1,2023-08-01,25000000
339556,2025/26,Rico Henry,Defender,left,1997-07-08,13000000,698,0,0,0,28,1329,15000000,13000000,521,0,0,2025-08-01,15000000
340321,2022/23,Josh Dasilva,Midfield,left,1998-10-23,16000000,1794,4,2,6,23,1383,9000000,16000000,761,3,1,2022-08-01,9000000
340321,2023/24,Josh Dasilva,Midfield,left,1998-10-23,10000000,1429,0,0,0,24,23,12000000,10000000,10,0,0,2023-08-01,12000000
340322,2020/21,Nathan Tella,Attack,right,1999-07-05,2000000,3985,1,1,2,21,742,750000,2000000,97,0,0,2020-08-01,750000
340322,2021/22,Nathan Tella,Attack,right,1999-07-05,1800000,3620,0,1,1,22,811,2000000,1800000,450,0,0,2021-08-01,2000000
340324,2020/21,Eddie Nketiah,Attack,right,1999-05-30,16000000,3255,2,1,3,21,414,20000000,16000000,310,1,1,2020-08-01,20000000
340324,2021/22,Eddie Nketiah,Attack,right,1999-05-30,16000000,2890,5,1,6,22,826,12000000,16000000,38,0,0,2021-08-01,10000000
340324,2022/23,Eddie Nketiah,Attack,right,1999-05-30,25000000,2525,4,2,6,23,1071,18000000,25000000,321,2,0,2022-08-01,18000000
340324,2023/24,Eddie Nketiah,Attack,right,1999-05-30,30000000,2160,5,2,7,24,1072,30000000,30000000,965,5,1,2023-08-01,35000000
340324,2024/25,Eddie Nketiah,Attack,right,1999-05-30,18000000,1794,3,2,5,25,1025,25000000,18000000,579,0,1,2024-08-01,25000000
340324,2025/26,Eddie Nketiah,Attack,right,1999-05-30,10000000,1429,2,0,2,26,416,16000000,10000000,416,2,0,2025-08-01,16000000
340325,2019/20,Reiss Nelson,Attack,right,1999-12-10,12500000,2890,1,0,1,19,627,14000000,12500000,411,0,0,2019-08-01,14000000
340325,2020/21,Reiss Nelson,Attack,right,1999-12-10,9000000,2524,0,0,0,20,70,12500000,9000000,70,0,0,2020-08-01,12500000
340325,2022/23,Reiss Nelson,Attack,right,1999-12-10,12000000,1794,3,2,5,22,202,7000000,12000000,64,2,1,2022-08-01,7000000
340325,2023/24,Reiss Nelson,Attack,right,1999-12-10,15000000,1429,0,0,0,23,257,15000000,15000000,102,0,0,2023-08-01,15000000
340325,2024/25,Reiss Nelson,Attack,right,1999-12-10,16000000,1063,1,1,2,24,488,18000000,16000000,488,1,1,2024-08-01,18000000
340325,2025/26,Reiss Nelson,Attack,right,1999-12-10,8000000,698,0,1,1,25,118,14000000,8000000,32,0,0,2025-08-01,14000000
340328,2024/25,Stephy Mavididi,Attack,right,1998-05-31,10000000,1429,4,1,5,26,1617,11000000,10000000,1029,2,1,2024-08-01,11000000
340329,2019/20,Joe Willock,Midfield,right,1999-08-20,16000000,2890,1,1,2,19,842,6000000,16000000,547,0,0,2019-08-01,18000000
340329,2020/21,Joe Willock,Midfield,right,1999-08-20,16000000,2524,8,0,8,20,1214,16000000,16000000,221,0,0,2020-08-01,16000000
340329,2021/22,Joe Willock,Midfield,right,1999-08-20,22000000,2159,2,0,2,21,2045,22000000,22000000,1053,0,0,2021-08-01,22000000
340329,2022/23,Joe Willock,Midfield,right,1999-08-20,38000000,1794,3,6,9,22,2578,25000000,38000000,1269,2,2,2022-08-01,30000000
340329,2023/24,Joe Willock,Midfield,right,1999-08-20,30000000,1429,1,0,1,23,419,35000000,30000000,136,0,0,2023-08-01,35000000
340329,2024/25,Joe Willock,Midfield,right,1999-08-20,22000000,1063,0,2,2,24,1073,28000000,22000000,537,0,1,2024-08-01,28000000
340329,2025/26,Joe Willock,Midfield,right,1999-08-20,14000000,698,0,2,2,25,980,18000000,14000000,233,0,0,2025-08-01,16000000
340456,2024/25,Noussair Mazraoui,Defender,right,1997-11-14,25000000,1429,0,2,2,26,2849,32000000,25000000,1433,0,2,2024-08-01,32000000
340456,2025/26,Noussair Mazraoui,Defender,right,1997-11-14,18000000,1064,0,0,0,27,984,22000000,18000000,443,0,0,2025-08-01,22000000
340918,2020/21,Caoimhín Kelleher,Goalkeeper,right,1998-11-23,2500000,3620,0,0,0,21,180,900000,2500000,90,0,0,2020-08-01,2000000
340918,2021/22,Caoimhín Kelleher,Goalkeeper,right,1998-11-23,8000000,3255,0,0,0,22,180,2500000,8000000,90,0,0,2021-08-01,2500000
340918,2023/24,Caoimhín Kelleher,Goalkeeper,right,1998-11-23,20000000,2525,0,0,0,24,900,15000000,20000000,180,0,0,2023-08-01,15000000
340918,2024/25,Caoimhín Kelleher,Goalkeeper,right,1998-11-23,20000000,2159,0,0,0,25,900,22000000,20000000,720,0,0,2024-08-01,22000000
340918,2025/26,Caoimhín Kelleher,Goalkeeper,right,1998-11-23,28000000,1794,0,0,0,26,3330,22000000,28000000,1620,0,0,2025-08-01,22000000
341051,2019/20,Kyle Walker-Peters,Defender,right,1997-04-13,8000000,3256,0,0,0,22,946,10000000,8000000,242,0,0,2019-08-01,10000000
341051,2020/21,Kyle Walker-Peters,Defender,right,1997-04-13,18000000,2890,0,3,3,23,2649,12000000,18000000,1440,0,2,2020-08-01,15000000
341051,2021/22,Kyle Walker-Peters,Defender,right,1997-04-13,22000000,2525,1,2,3,24,2632,18000000,22000000,1167,0,2,2021-08-01,18000000
341051,2022/23,Kyle Walker-Peters,Defender,right,1997-04-13,25000000,2160,1,0,1,25,2653,25000000,25000000,1135,1,0,2022-08-01,25000000
341051,2024/25,Kyle Walker-Peters,Defender,right,1997-04-13,15000000,1429,0,2,2,27,2922,20000000,15000000,1513,0,2,2024-08-01,20000000
341051,2025/26,Kyle Walker-Peters,Defender,right,1997-04-13,12000000,1064,1,0,1,28,1380,13000000,12000000,773,1,0,2025-08-01,13000000
341092,2024/25,Federico Chiesa,Attack,right,1997-10-25,14000000,1429,0,0,0,26,104,30000000,14000000,18,0,0,2024-08-01,22000000
341092,2025/26,Federico Chiesa,Attack,right,1997-10-25,13000000,1064,2,1,3,27,318,18000000,13000000,212,2,1,2025-08-01,18000000
341317,2020/21,Oliver Burke,Attack,right,1997-04-07,6000000,3255,1,1,2,23,1273,5500000,6000000,614,0,1,2020-08-01,5500000
341429,2019/20,Davinson Sánchez,Defender,right,1996-06-12,48000000,3621,0,0,0,23,2431,60000000,48000000,1350,0,0,2019-08-01,60000000
341429,2020/21,Davinson Sánchez,Defender,right,1996-06-12,32000000,3255,0,0,0,24,1486,45000000,32000000,450,0,0,2020-08-01,40000000
341429,2021/22,Davinson Sánchez,Defender,right,1996-06-12,28000000,2890,2,0,2,25,1626,30000000,28000000,839,1,0,2021-08-01,30000000
341429,2022/23,Davinson Sánchez,Defender,right,1996-06-12,15000000,2525,0,0,0,26,852,25000000,15000000,554,0,0,2022-08-01,25000000
341429,2023/24,Davinson Sánchez,Defender,right,1996-06-12,18000000,2160,0,0,0,27,76,14000000,18000000,76,0,0,2023-08-01,16000000
341501,2019/20,Hamza Choudhury,Midfield,right,1997-10-01,8000000,2890,1,1,2,21,889,10000000,8000000,446,0,1,2019-08-01,10000000
341501,2020/21,Hamza Choudhury,Midfield,right,1997-10-01,7000000,2524,0,0,0,22,314,8000000,7000000,70,0,0,2020-08-01,8000000
341501,2021/22,Hamza Choudhury,Midfield,right,1997-10-01,4000000,2159,0,0,0,23,287,5000000,4000000,135,0,0,2021-08-01,5000000
341501,2024/25,Hamza Choudhury,Midfield,right,1997-10-01,4500000,1063,0,0,0,26,130,4500000,4500000,130,0,0,2024-08-01,4500000
341647,2020/21,Cengiz Ünder,Attack,left,1997-07-14,18000000,2524,0,2,2,23,275,23000000,18000000,204,0,2,2020-08-01,23000000
342048,2020/21,Grady Diangana,Attack,left,1998-04-19,10000000,2524,1,0,1,22,1237,12000000,10000000,1029,1,0,2020-08-01,12000000
342385,2024/25,Guido Rodríguez,Midfield,right,1994-04-12,10000000,1429,0,1,1,30,1155,15000000,10000000,895,0,0,2024-08-01,15000000
342385,2025/26,Guido Rodríguez,Midfield,right,1994-04-12,4000000,1064,0,0,0,31,177,8000000,4000000,166,0,0,2025-08-01,6000000
343052,2020/21,Nicolas Pépé,Attack,left,1995-05-29,35000000,2890,10,1,11,25,1612,40000000,35000000,453,2,0,2020-08-01,40000000
343052,2021/22,Nicolas Pépé,Attack,left,1995-05-29,25000000,2525,1,2,3,26,681,30000000,25000000,501,0,1,2021-08-01,30000000
343475,2019/20,Ben Godfrey,Defender,right,1998-01-15,16000000,2525,0,0,0,21,2646,9000000,16000000,1490,0,0,2019-08-01,13000000
343475,2020/21,Ben Godfrey,Defender,right,1998-01-15,25000000,2159,0,2,2,22,2683,25000000,25000000,779,0,0,2020-08-01,25000000
343475,2021/22,Ben Godfrey,Defender,right,1998-01-15,20000000,1794,0,0,0,23,2031,25000000,20000000,1221,0,0,2021-08-01,25000000
343475,2022/23,Ben Godfrey,Defender,right,1998-01-15,13000000,1429,0,1,1,24,803,18000000,13000000,122,0,0,2022-08-01,18000000
343475,2023/24,Ben Godfrey,Defender,right,1998-01-15,10000000,1064,0,0,0,25,1123,8000000,10000000,91,0,0,2023-08-01,8000000
344009,2024/25,Nathan Broadhead,Attack,right,1998-04-05,4500000,1794,2,0,2,26,697,5000000,4500000,134,0,0,2024-08-01,5000000
344069,2025/26,Anton Stach,Midfield,right,1998-11-15,28000000,1429,5,3,8,26,2378,20000000,28000000,1273,3,2,2025-08-01,20000000
344152,2021/22,Odsonne Édouard,Attack,right,1998-01-16,17000000,2525,6,3,9,23,1566,17000000,17000000,942,4,3,2021-08-01,17000000
344152,2022/23,Odsonne Édouard,Attack,right,1998-01-16,15000000,2160,5,2,7,24,1806,15000000,15000000,787,3,2,2022-08-01,17000000
344152,2023/24,Odsonne Édouard,Attack,right,1998-01-16,18000000,1795,7,0,7,25,1555,20000000,18000000,1251,6,0,2023-08-01,20000000
344152,2024/25,Odsonne Édouard,Attack,right,1998-01-16,8000000,1429,0,0,0,26,142,14000000,8000000,142,0,0,2024-08-01,14000000
344152,2025/26,Odsonne Édouard,Attack,right,1998-01-16,12000000,1064,0,0,0,27,2,6000000,12000000,2,0,0,2025-08-01,8000000
344381,2023/24,Christopher Nkunku,Attack,right,1997-11-14,65000000,2525,3,0,3,25,439,75000000,65000000,131,1,0,2023-08-01,75000000
344381,2024/25,Christopher Nkunku,Attack,right,1997-11-14,35000000,2159,3,2,5,26,910,50000000,35000000,390,2,1,2024-08-01,50000000
344830,2019/20,Tahith Chong,Midfield,left,1999-12-04,6300000,3621,0,0,0,19,34,7000000,6300000,24,0,0,2019-08-01,7000000
344830,2023/24,Tahith Chong,Midfield,left,1999-12-04,6000000,2160,4,0,4,23,1987,4500000,6000000,730,1,0,2023-08-01,4500000
345468,2020/21,Andi Zeqiri,Attack,left,1999-06-22,2500000,3255,0,0,0,21,165,1500000,2500000,18,0,0,2020-08-01,1500000
345911,2025/26,Ladislav Krejci,Defender,left,1999-04-20,22000000,1794,2,1,3,26,2361,22000000,22000000,1235,2,1,2025-08-01,22000000
346018,2019/20,Jamal Lewis,Defender,left,1998-01-25,11000000,2525,1,0,1,21,2305,9000000,11000000,1155,0,0,2019-08-01,12000000
346018,2020/21,Jamal Lewis,Defender,left,1998-01-25,15000000,2159,0,1,1,22,1834,15000000,15000000,1018,0,0,2020-08-01,15000000
346018,2021/22,Jamal Lewis,Defender,left,1998-01-25,10000000,1794,0,0,0,23,263,12000000,10000000,263,0,0,2021-08-01,10000000
346018,2022/23,Jamal Lewis,Defender,left,1998-01-25,6000000,1429,0,0,0,24,9,8000000,6000000,7,0,0,2022-08-01,8000000
346314,2021/22,Trevoh Chalobah,Defender,right,1999-07-05,20000000,2525,3,1,4,22,1448,10000000,20000000,838,2,0,2021-08-01,18000000
346314,2022/23,Trevoh Chalobah,Defender,right,1999-07-05,18000000,2160,0,0,0,23,1603,22000000,18000000,722,0,0,2022-08-01,22000000
346314,2024/25,Trevoh Chalobah,Defender,right,1999-07-05,25000000,1429,3,1,4,25,1974,13000000,25000000,1063,3,0,2024-08-01,13000000
346314,2025/26,Trevoh Chalobah,Defender,right,1999-07-05,40000000,1064,3,0,3,26,2782,32000000,40000000,1562,3,0,2025-08-01,35000000
346482,2020/21,Dan Nlundulu,Attack,right,1999-02-05,1500000,2890,0,0,0,21,102,800000,1500000,17,0,0,2020-08-01,800000
346483,2019/20,Mason Mount,Midfield,right,1999-01-10,40500000,3256,7,6,13,20,2875,35000000,40500000,1643,5,3,2019-08-01,45000000
346483,2020/21,Mason Mount,Midfield,right,1999-01-10,75000000,2890,6,6,12,21,2894,45000000,75000000,1261,1,4,2020-08-01,45000000
346483,2021/22,Mason Mount,Midfield,right,1999-01-10,75000000,2525,11,10,21,22,2364,75000000,75000000,1156,7,5,2021-08-01,75000000
346483,2022/23,Mason Mount,Midfield,right,1999-01-10,60000000,2160,3,2,5,23,1655,75000000,60000000,1126,3,2,2022-08-01,75000000
346483,2023/24,Mason Mount,Midfield,right,1999-01-10,35000000,1795,1,0,1,24,514,45000000,35000000,401,0,0,2023-08-01,45000000
346483,2024/25,Mason Mount,Midfield,right,1999-01-10,28000000,1429,1,0,1,25,621,32000000,28000000,247,0,0,2024-08-01,32000000
346483,2025/26,Mason Mount,Midfield,right,1999-01-10,25000000,1064,3,0,3,26,1017,32000000,25000000,788,3,0,2025-08-01,32000000
346707,2019/20,Sean Longstaff,Midfield,right,1997-10-30,17500000,3621,1,1,2,21,1373,18000000,17500000,831,0,1,2019-08-01,22000000
346707,2020/21,Sean Longstaff,Midfield,right,1997-10-30,15000000,3255,0,1,1,22,1408,17500000,15000000,645,0,0,2020-08-01,17500000
346707,2021/22,Sean Longstaff,Midfield,right,1997-10-30,13000000,2890,1,1,2,23,1460,13000000,13000000,845,1,1,2021-08-01,13000000
346707,2022/23,Sean Longstaff,Midfield,right,1997-10-30,25000000,2525,1,4,5,24,2516,15000000,25000000,1232,1,2,2022-08-01,22000000
346707,2023/24,Sean Longstaff,Midfield,right,1997-10-30,25000000,2160,6,2,8,25,2747,25000000,25000000,1085,2,1,2023-08-01,25000000
346707,2024/25,Sean Longstaff,Midfield,right,1997-10-30,20000000,1794,0,0,0,26,787,25000000,20000000,711,0,0,2024-08-01,25000000
346707,2025/26,Sean Longstaff,Midfield,right,1997-10-30,15000000,1429,2,2,4,27,1006,16000000,15000000,880,1,2,2025-08-01,18000000
346779,2019/20,Ché Adams,Attack,right,1996-07-13,12000000,2890,4,3,7,23,1106,12000000,12000000,634,0,1,2019-08-01,12000000
346779,2020/21,Ché Adams,Attack,right,1996-07-13,20000000,2524,9,5,14,24,2674,12000000,20000000,1355,4,4,2020-08-01,15000000
346779,2021/22,Ché Adams,Attack,right,1996-07-13,18000000,2159,7,3,10,25,2042,20000000,18000000,870,3,1,2021-08-01,20000000
346779,2022/23,Ché Adams,Attack,right,1996-07-13,20000000,1794,5,3,8,26,1997,22000000,20000000,1247,4,1,2022-08-01,22000000
346890,2025/26,Noah Okafor,Attack,right,2000-05-24,25000000,1429,8,1,9,25,1569,18000000,25000000,936,2,0,2025-08-01,18000000
348026,2025/26,Nordi Mukiele,Defender,right,1997-11-01,16000000,1429,3,4,7,27,2787,15000000,16000000,1440,1,2,2025-08-01,15000000
348623,2019/20,Mason Holgate,Defender,right,1996-10-22,18000000,2525,0,3,3,22,2054,7000000,18000000,1008,0,2,2019-08-01,7000000
348623,2020/21,Mason Holgate,Defender,right,1996-10-22,20000000,2159,1,0,1,23,2289,18000000,20000000,532,1,0,2020-08-01,18000000
348623,2021/22,Mason Holgate,Defender,right,1996-10-22,18000000,1794,2,1,3,24,2134,18000000,18000000,517,0,0,2021-08-01,18000000
348623,2022/23,Mason Holgate,Defender,right,1996-10-22,9000000,1429,0,0,0,25,509,16000000,9000000,320,0,0,2022-08-01,16000000
348623,2024/25,Mason Holgate,Defender,right,1996-10-22,4000000,698,0,0,0,27,5,4500000,4000000,5,0,0,2024-08-01,4500000
348795,2019/20,Giovani Lo Celso,Midfield,left,1996-04-09,40000000,3256,0,2,2,23,1487,50000000,40000000,268,0,0,2019-08-01,50000000
348795,2020/21,Giovani Lo Celso,Midfield,left,1996-04-09,27000000,2890,1,1,2,24,950,35000000,27000000,437,1,1,2020-08-01,35000000
348795,2021/22,Giovani Lo Celso,Midfield,left,1996-04-09,22000000,2525,0,0,0,25,233,22000000,22000000,210,0,0,2021-08-01,22000000
348795,2023/24,Giovani Lo Celso,Midfield,left,1996-04-09,16000000,1795,2,2,4,27,494,16000000,16000000,411,2,2,2023-08-01,16000000
349066,2022/23,Alexander Isak,Attack,right,1999-09-21,70000000,3255,10,2,12,22,1526,50000000,70000000,244,2,0,2022-08-01,50000000
349066,2023/24,Alexander Isak,Attack,right,1999-09-21,75000000,2890,21,2,23,23,2266,70000000,75000000,963,8,0,2023-08-01,70000000
349066,2024/25,Alexander Isak,Attack,right,1999-09-21,120000000,2524,23,6,29,24,2774,75000000,120000000,1383,12,4,2024-08-01,75000000
349066,2025/26,Alexander Isak,Attack,right,1999-09-21,85000000,2159,3,1,4,25,702,140000000,85000000,507,2,1,2025-08-01,120000000
349503,2024/25,Conor Chaplin,Attack,left,1997-02-16,6000000,698,1,1,2,27,854,8000000,6000000,611,1,1,2024-08-01,8000000
349599,2022/23,Pervis Estupiñán,Defender,left,1998-01-21,32000000,2890,1,6,7,24,2684,20000000,32000000,815,0,1,2022-08-01,20000000
349599,2023/24,Pervis Estupiñán,Defender,left,1998-01-21,30000000,2525,2,3,5,25,1245,35000000,30000000,540,2,3,2023-08-01,35000000
349599,2024/25,Pervis Estupiñán,Defender,left,1998-01-21,30000000,2159,1,1,2,26,2403,30000000,30000000,1153,0,1,2024-08-01,30000000
349701,2020/21,Antonee Robinson,Defender,left,1997-08-08,7000000,2890,0,0,0,22,2162,3500000,7000000,1080,0,0,2020-08-01,5000000
349701,2022/23,Antonee Robinson,Defender,left,1997-08-08,15000000,2160,0,1,1,24,3089,10000000,15000000,1289,0,0,2022-08-01,10000000
349701,2023/24,Antonee Robinson,Defender,left,1997-08-08,25000000,1795,0,6,6,25,3270,20000000,25000000,1662,0,3,2023-08-01,20000000
349701,2024/25,Antonee Robinson,Defender,left,1997-08-08,35000000,1429,0,10,10,26,3167,28000000,35000000,1710,0,7,2024-08-01,28000000
349701,2025/26,Antonee Robinson,Defender,left,1997-08-08,22000000,1064,1,0,1,27,1492,30000000,22000000,331,0,0,2025-08-01,30000000
351749,2020/21,Kalvin Phillips,Midfield,right,1995-12-02,40000000,2890,1,2,3,24,2429,22000000,40000000,1125,0,2,2020-08-01,27000000
351749,2021/22,Kalvin Phillips,Midfield,right,1995-12-02,50000000,2525,0,1,1,25,1595,40000000,50000000,1000,0,1,2021-08-01,40000000
351749,2022/23,Kalvin Phillips,Midfield,right,1995-12-02,32000000,2160,0,0,0,26,291,45000000,32000000,1,0,0,2022-08-01,45000000
351749,2023/24,Kalvin Phillips,Midfield,right,1995-12-02,25000000,1795,0,0,0,27,396,28000000,25000000,89,0,0,2023-08-01,28000000
351749,2024/25,Kalvin Phillips,Midfield,right,1995-12-02,12000000,1429,0,0,0,28,1240,22000000,12000000,673,0,0,2024-08-01,20000000
351755,2020/21,Darnell Furlong,Defender,right,1995-10-31,5000000,1794,1,3,4,24,2930,3200000,5000000,1328,1,2,2020-08-01,3200000
352041,2025/26,Lucas Perri,Goalkeeper,right,1997-12-10,10000000,1429,0,0,0,27,1440,16000000,10000000,1170,0,0,2025-08-01,16000000
353032,2025/26,Omar Alderete,Defender,left,1996-12-26,13000000,1429,1,1,2,28,2802,10000000,13000000,1207,1,1,2025-08-01,12000000
354352,2019/20,Frédéric Guilbert,Defender,right,1994-12-24,7000000,3256,0,2,2,24,2041,9000000,7000000,1270,0,2,2019-08-01,9000000
354361,2020/21,Frank Anguissa,Midfield,right,1995-11-16,25000000,2524,0,3,3,24,2585,20000000,25000000,1194,0,2,2020-08-01,20000000
354362,2022/23,Rodrigo Bentancur,Midfield,right,1997-06-25,40000000,2525,5,2,7,25,1506,35000000,40000000,1186,4,2,2022-08-01,40000000
354362,2023/24,Rodrigo Bentancur,Midfield,right,1997-06-25,35000000,2160,1,1,2,26,1007,35000000,35000000,147,0,0,2023-08-01,35000000
354362,2024/25,Rodrigo Bentancur,Midfield,right,1997-06-25,30000000,1794,2,0,2,27,1653,35000000,30000000,692,2,0,2024-08-01,35000000
354362,2025/26,Rodrigo Bentancur,Midfield,right,1997-06-25,20000000,1429,1,1,2,28,1892,27000000,20000000,1149,1,1,2025-08-01,27000000
355861,2019/20,Arnaut Danjuma,Attack,right,1997-01-31,9500000,3256,0,0,0,22,628,12000000,9500000,407,0,0,2019-08-01,12000000
355861,2023/24,Arnaut Danjuma,Attack,right,1997-01-31,13000000,1795,1,0,1,26,589,20000000,13000000,436,1,0,2023-08-01,17000000
355915,2021/22,Cristian Romero,Defender,right,1998-04-27,48000000,2890,1,0,1,23,1846,35000000,48000000,534,0,0,2021-08-01,35000000
355915,2022/23,Cristian Romero,Defender,right,1998-04-27,60000000,2525,0,1,1,24,2365,55000000,60000000,658,0,0,2022-08-01,60000000
355915,2023/24,Cristian Romero,Defender,right,1998-04-27,65000000,2160,5,0,5,25,2792,65000000,65000000,1172,3,0,2023-08-01,65000000
355915,2024/25,Cristian Romero,Defender,right,1998-04-27,50000000,1794,1,1,2,26,1420,65000000,50000000,976,1,0,2024-08-01,65000000
355915,2025/26,Cristian Romero,Defender,right,1998-04-27,45000000,1429,4,1,5,27,1873,55000000,45000000,1189,2,1,2025-08-01,60000000
356141,2024/25,Daichi Kamada,Midfield,right,1996-08-05,12000000,1063,0,0,0,27,1553,15000000,12000000,724,0,0,2024-08-01,15000000
356141,2025/26,Daichi Kamada,Midfield,right,1996-08-05,10000000,698,0,1,1,28,1909,12000000,10000000,1174,0,1,2025-08-01,12000000
357119,2021/22,Ibrahima Konaté,Defender,right,1999-05-25,40000000,3255,0,0,0,22,990,30000000,40000000,540,0,0,2021-08-01,30000000
357119,2022/23,Ibrahima Konaté,Defender,right,1999-05-25,38000000,2890,0,0,0,23,1551,35000000,38000000,111,0,0,2022-08-01,35000000
357119,2023/24,Ibrahima Konaté,Defender,right,1999-05-25,45000000,2525,0,0,0,24,1573,38000000,45000000,792,0,0,2023-08-01,38000000
357119,2024/25,Ibrahima Konaté,Defender,right,1999-05-25,60000000,2159,1,2,3,25,2565,50000000,60000000,975,1,1,2024-08-01,50000000
357119,2025/26,Ibrahima Konaté,Defender,right,1999-05-25,45000000,1794,1,0,1,26,3100,55000000,45000000,1521,0,0,2025-08-01,50000000
357147,2019/20,Diogo Dalot,Defender,right,1999-03-18,12000000,3256,0,0,0,20,66,20000000,12000000,60,0,0,2019-08-01,20000000
357147,2021/22,Diogo Dalot,Defender,right,1999-03-18,20000000,2525,0,0,0,22,1797,12000000,20000000,458,0,0,2021-08-01,12000000
357147,2022/23,Diogo Dalot,Defender,right,1999-03-18,40000000,2160,1,2,3,23,2155,28000000,40000000,1166,0,1,2022-08-01,32000000
357147,2023/24,Diogo Dalot,Defender,right,1999-03-18,35000000,1795,2,3,5,24,3174,35000000,35000000,1554,1,1,2023-08-01,35000000
357147,2024/25,Diogo Dalot,Defender,right,1999-03-18,30000000,1429,0,3,3,25,2813,40000000,30000000,1677,0,1,2024-08-01,40000000
357147,2025/26,Diogo Dalot,Defender,right,1999-03-18,30000000,1064,1,3,4,26,2616,28000000,30000000,1229,1,2,2025-08-01,28000000
357158,2019/20,Rúben Vinagre,Midfield,left,1999-04-09,9000000,3256,0,0,0,20,645,10000000,9000000,298,0,0,2019-08-01,10000000
357158,2020/21,Rúben Vinagre,Midfield,left,1999-04-09,5000000,2890,0,0,0,21,172,9000000,5000000,172,0,0,2020-08-01,9000000
357158,2022/23,Rúben Vinagre,Midfield,left,1999-04-09,4000000,2160,0,0,0,23,24,5000000,4000000,24,0,0,2022-08-01,5000000
357565,2019/20,Rodri,Midfield,right,1996-06-22,64000000,2890,3,2,5,23,2486,80000000,64000000,1345,2,1,2019-08-01,80000000
357565,2020/21,Rodri,Midfield,right,1996-06-22,70000000,2524,2,2,4,24,2748,64000000,70000000,1182,0,0,2020-08-01,64000000
357565,2021/22,Rodri,Midfield,right,1996-06-22,80000000,2159,7,2,9,25,2888,70000000,80000000,1384,2,1,2021-08-01,70000000
357565,2022/23,Rodri,Midfield,right,1996-06-22,90000000,1794,2,6,8,26,2921,80000000,90000000,1305,1,3,2022-08-01,80000000
357565,2023/24,Rodri,Midfield,right,1996-06-22,130000000,1429,8,9,17,27,2938,100000000,130000000,1363,4,2,2023-08-01,110000000
357565,2024/25,Rodri,Midfield,right,1996-06-22,110000000,1063,0,0,0,28,73,130000000,110000000,66,0,0,2024-08-01,130000000
357565,2025/26,Rodri,Midfield,right,1996-06-22,50000000,698,1,0,1,29,1514,90000000,50000000,294,0,0,2025-08-01,75000000
357656,2020/21,Jayson Molumby,Midfield,right,1999-08-06,1000000,2890,0,0,0,20,1,900000,1000000,1,0,0,2020-08-01,900000
357658,2022/23,Mark Travers,Goalkeeper,right,1999-05-18,2000000,2525,0,0,0,23,1035,2000000,2000000,855,0,0,2022-08-01,2000000
357658,2024/25,Mark Travers,Goalkeeper,right,1999-05-18,4000000,1794,0,0,0,25,450,4000000,4000000,270,0,0,2024-08-01,4000000
357662,2019/20,Declan Rice,Midfield,right,1999-01-14,49500000,3256,1,3,4,20,3420,50000000,49500000,1710,0,0,2019-08-01,55000000
357662,2020/21,Declan Rice,Midfield,right,1999-01-14,70000000,2890,2,1,3,21,2880,55000000,70000000,1440,0,1,2020-08-01,55000000
357662,2021/22,Declan Rice,Midfield,right,1999-01-14,80000000,2525,1,4,5,22,3178,75000000,80000000,1620,1,3,2021-08-01,75000000
357662,2022/23,Declan Rice,Midfield,right,1999-01-14,90000000,2160,4,2,6,23,3272,80000000,90000000,1530,1,2,2022-08-01,80000000
357662,2023/24,Declan Rice,Midfield,right,1999-01-14,120000000,1795,7,9,16,24,3231,100000000,120000000,1745,3,1,2023-08-01,110000000
357662,2024/25,Declan Rice,Midfield,right,1999-01-14,120000000,1429,4,7,11,25,2833,110000000,120000000,1286,1,3,2024-08-01,110000000
357662,2025/26,Declan Rice,Midfield,right,1999-01-14,120000000,1064,4,7,11,26,3099,120000000,120000000,1519,2,5,2025-08-01,120000000
357885,2019/20,Pablo Fornals,Midfield,right,1996-02-22,16000000,3621,2,5,7,23,2179,22000000,16000000,1017,1,3,2019-08-01,22000000
357885,2020/21,Pablo Fornals,Midfield,right,1996-02-22,18000000,3255,5,4,9,24,2584,18000000,18000000,1197,2,2,2020-08-01,18000000
357885,2021/22,Pablo Fornals,Midfield,right,1996-02-22,22000000,2890,6,4,10,25,2802,20000000,22000000,1358,4,3,2021-08-01,20000000
357885,2022/23,Pablo Fornals,Midfield,right,1996-02-22,22000000,2525,3,1,4,26,1503,25000000,22000000,794,1,0,2022-08-01,25000000
357885,2023/24,Pablo Fornals,Midfield,right,1996-02-22,14000000,2160,0,0,0,27,419,17000000,14000000,239,0,0,2023-08-01,17000000
361093,2022/23,Sven Botman,Defender,left,2000-01-12,45000000,2890,0,0,0,22,3129,35000000,45000000,1239,0,0,2022-08-01,38000000
361093,2023/24,Sven Botman,Defender,left,2000-01-12,45000000,2525,2,2,4,23,1378,45000000,45000000,585,1,1,2023-08-01,45000000
361093,2025/26,Sven Botman,Defender,left,2000-01-12,35000000,1794,1,1,2,25,1839,40000000,35000000,659,0,0,2025-08-01,35000000
361260,2021/22,Ozan Kabak,Defender,right,2000-03-25,10000000,3255,0,0,0,21,924,17000000,10000000,744,0,0,2021-08-01,15000000
361914,2022/23,Nayef Aguerd,Defender,left,1996-03-30,35000000,2890,2,0,2,26,1595,25000000,35000000,75,0,0,2022-08-01,25000000
361914,2023/24,Nayef Aguerd,Defender,left,1996-03-30,35000000,2525,1,0,1,27,1859,38000000,35000000,1417,1,0,2023-08-01,38000000
361914,2025/26,Nayef Aguerd,Defender,left,1996-03-30,15000000,1794,0,0,0,29,180,20000000,15000000,180,0,0,2025-08-01,22000000
362108,2025/26,Gabriel Gudmundsson,Defender,left,1999-04-29,20000000,1429,0,0,0,26,2639,12000000,20000000,1475,0,0,2025-08-01,15000000
363205,2019/20,Gabriel Jesus,Attack,right,1997-04-03,56000000,2890,14,8,22,22,2027,70000000,56000000,910,6,3,2019-08-01,70000000
363205,2020/21,Gabriel Jesus,Attack,right,1997-04-03,60000000,2524,9,4,13,23,2059,60000000,60000000,630,2,1,2020-08-01,60000000
363205,2021/22,Gabriel Jesus,Attack,right,1997-04-03,50000000,2159,8,9,17,24,1878,60000000,50000000,1231,2,8,2021-08-01,60000000
363205,2022/23,Gabriel Jesus,Attack,right,1997-04-03,75000000,1794,11,7,18,25,2075,65000000,75000000,1226,5,6,2022-08-01,75000000
363205,2023/24,Gabriel Jesus,Attack,right,1997-04-03,65000000,1429,4,5,9,26,1483,70000000,65000000,941,3,1,2023-08-01,70000000
363205,2024/25,Gabriel Jesus,Attack,right,1997-04-03,32000000,1063,3,0,3,27,603,55000000,32000000,423,2,0,2024-08-01,45000000
363205,2025/26,Gabriel Jesus,Attack,right,1997-04-03,17000000,698,3,0,3,28,421,25000000,17000000,66,1,0,2025-08-01,20000000
364135,2019/20,Moise Kean,Attack,right,2000-02-28,25000000,3621,2,2,4,19,835,32000000,25000000,432,0,1,2019-08-01,32000000
364135,2020/21,Moise Kean,Attack,right,2000-02-28,35000000,3255,0,0,0,20,13,25000000,35000000,13,0,0,2020-08-01,25000000
364135,2021/22,Moise Kean,Attack,right,2000-02-28,24000000,2890,0,0,0,21,1,32000000,24000000,1,0,0,2021-08-01,32000000
364258,2019/20,Bernardo,Defender,left,1995-05-14,4800000,2890,0,0,0,24,678,6000000,4800000,145,0,0,2019-08-01,6000000
364258,2020/21,Bernardo,Defender,left,1995-05-14,4000000,2524,0,0,0,25,205,4800000,4000000,115,0,0,2020-08-01,4800000
364409,2023/24,Gabriel Osho,Defender,right,1998-08-14,3000000,2160,2,0,2,24,1848,1000000,3000000,777,1,0,2023-08-01,1000000
365108,2025/26,Dan Ndoye,Attack,right,2000-10-25,32000000,1794,1,1,2,24,1176,40000000,32000000,1006,1,1,2025-08-01,40000000
365172,2021/22,Patson Daka,Attack,right,1998-10-09,20000000,1794,5,3,8,22,1161,22000000,20000000,286,2,3,2021-08-01,22000000
365172,2022/23,Patson Daka,Attack,right,1998-10-09,18000000,1429,4,4,8,23,1179,20000000,18000000,700,3,3,2022-08-01,20000000
366930,2022/23,Sergio Gómez,Defender,left,2000-09-04,13000000,2890,0,1,1,21,341,13000000,13000000,106,0,1,2022-08-01,15000000
366930,2023/24,Sergio Gómez,Defender,left,2000-09-04,10000000,2525,0,1,1,22,48,10000000,10000000,15,0,1,2023-08-01,10000000
369316,2024/25,Ferdi Kadıoğlu,Defender,right,1999-10-07,25000000,1429,1,0,1,24,387,30000000,25000000,387,1,0,2024-08-01,30000000
369316,2025/26,Ferdi Kadıoğlu,Defender,right,1999-10-07,35000000,1064,1,0,1,25,3134,28000000,35000000,1425,0,0,2025-08-01,28000000
369567,2022/23,Sasa Kalajdzic,Attack,right,1997-07-07,15000000,1794,0,0,0,25,45,22000000,15000000,45,0,0,2022-08-01,18000000
369567,2023/24,Sasa Kalajdzic,Attack,right,1997-07-07,5000000,1429,2,0,2,26,159,12000000,5000000,159,2,0,2023-08-01,11000000
369567,2025/26,Sasa Kalajdzic,Attack,right,1997-07-07,4000000,698,0,0,0,28,14,2000000,4000000,14,0,0,2025-08-01,2000000
369684,2022/23,Rasmus Nissen Kristensen,Defender,right,1997-07-11,13000000,3255,3,1,4,25,1961,15000000,13000000,1136,0,1,2022-08-01,15000000
369962,2025/26,Joël Piroe,Attack,left,1999-08-02,10000000,698,0,0,0,25,246,15000000,10000000,200,0,0,2025-08-01,15000000
371436,2021/22,Francisco Sierralta,Defender,right,1997-05-06,1500000,2890,0,0,0,24,428,1500000,1500000,338,0,0,2021-08-01,1500000
371814,2020/21,Nathaniel Phillips,Defender,right,1997-03-21,8000000,1794,1,1,2,23,1455,1800000,8000000,270,0,0,2020-08-01,1800000
371814,2022/23,Nathaniel Phillips,Defender,right,1997-03-21,4000000,1064,0,0,0,25,66,6000000,4000000,66,0,0,2022-08-01,6000000
371851,2025/26,Jaka Bijol,Defender,right,1999-02-05,20000000,1794,1,2,3,26,1893,18000000,20000000,715,1,1,2025-08-01,18000000
372240,2021/22,Mads Bech Sørensen,Defender,left,1999-01-07,5000000,2159,0,0,0,22,833,4000000,5000000,199,0,0,2021-08-01,4000000
372240,2022/23,Mads Bech Sørensen,Defender,left,1999-01-07,2500000,1794,0,0,0,23,19,4000000,2500000,18,0,0,2022-08-01,4000000
372246,2024/25,Carlos Soler,Midfield,right,1997-01-02,18000000,1794,1,1,2,27,1404,20000000,18000000,725,0,1,2024-08-01,20000000
374139,2021/22,Junior Firpo,Defender,left,1996-08-22,12000000,2525,0,2,2,24,1716,12000000,12000000,817,0,0,2021-08-01,12000000
374139,2022/23,Junior Firpo,Defender,left,1996-08-22,10000000,2160,1,1,2,25,1367,12000000,10000000,114,0,0,2022-08-01,12000000
375885,2023/24,Ibrahim Sangaré,Midfield,right,1997-12-02,30000000,1795,0,0,0,25,1038,32000000,30000000,827,0,0,2023-08-01,32000000
375885,2024/25,Ibrahim Sangaré,Midfield,right,1997-12-02,24000000,1429,0,1,1,26,590,28000000,24000000,214,0,0,2024-08-01,28000000
375885,2025/26,Ibrahim Sangaré,Midfield,right,1997-12-02,20000000,1064,2,2,4,27,2080,22000000,20000000,870,2,2,2025-08-01,22000000
376856,2021/22,Charlie Goode,Defender,right,1995-08-03,900000,1429,0,0,0,25,448,1000000,900000,448,0,0,2021-08-01,1000000
377393,2021/22,Pierre Lees-Melou,Midfield,right,1993-05-25,5000000,2159,1,1,2,28,2272,7000000,5000000,983,0,1,2021-08-01,7000000
377468,2023/24,Anel Ahmedhodzic,Defender,right,1999-03-26,18000000,2160,2,0,2,24,2650,18000000,18000000,1215,1,0,2023-08-01,18000000
378710,2019/20,Richarlison,Attack,right,1997-05-10,52000000,2890,13,3,16,22,3080,60000000,52000000,1728,6,3,2019-08-01,60000000
378710,2020/21,Richarlison,Attack,right,1997-05-10,55000000,2524,7,3,10,23,2872,60000000,55000000,911,2,3,2020-08-01,60000000
378710,2021/22,Richarlison,Attack,right,1997-05-10,48000000,2159,10,5,15,24,2528,55000000,48000000,888,3,2,2021-08-01,55000000
378710,2022/23,Richarlison,Attack,right,1997-05-10,48000000,1794,1,4,5,25,1006,50000000,48000000,438,0,3,2022-08-01,55000000
378710,2023/24,Richarlison,Attack,right,1997-05-10,38000000,1429,11,4,15,26,1492,40000000,38000000,920,6,3,2023-08-01,35000000
378710,2024/25,Richarlison,Attack,right,1997-05-10,20000000,1063,4,1,5,27,500,35000000,20000000,88,0,1,2024-08-01,30000000
378710,2025/26,Richarlison,Attack,right,1997-05-10,25000000,698,11,4,15,28,1960,25000000,25000000,1075,7,3,2025-08-01,28000000
379807,2021/22,Lyanco,Defender,right,1997-02-01,5000000,3074,0,0,0,24,906,5000000,5000000,347,0,0,2021-08-01,5000000
379807,2022/23,Lyanco,Defender,right,1997-02-01,3500000,2709,1,1,2,25,1175,4000000,3500000,411,0,0,2022-08-01,4000000
380350,2023/24,Igor Julio,Defender,left,1998-02-07,17000000,1429,0,0,0,25,1636,15000000,17000000,704,0,0,2023-08-01,17000000
380350,2024/25,Igor Julio,Defender,left,1998-02-07,20000000,1063,0,0,0,26,960,22000000,20000000,835,0,0,2024-08-01,22000000
380350,2025/26,Igor Julio,Defender,left,1998-02-07,10000000,698,0,0,0,27,103,18000000,10000000,103,0,0,2025-08-01,15000000
381362,2019/20,Wesley Moraes,Attack,right,1996-11-24,24000000,1429,5,1,6,22,1790,30000000,24000000,1719,4,1,2019-08-01,30000000
381753,2025/26,Ilia Gruev,Midfield,left,2000-05-06,12000000,698,0,3,3,25,1324,8000000,12000000,392,0,0,2025-08-01,9000000
381963,2023/24,Mike Tresor,Midfield,right,1999-05-28,12000000,1795,0,0,0,24,413,15000000,12000000,393,0,0,2023-08-01,15000000
381963,2025/26,Mike Tresor,Midfield,right,1999-05-28,2000000,1064,0,0,0,26,37,4000000,2000000,19,0,0,2025-08-01,4000000
381967,2021/22,Albert Sambi Lokonga,Midfield,right,1999-10-22,14000000,2525,0,0,0,21,1132,16000000,14000000,819,0,0,2021-08-01,16000000
381967,2022/23,Albert Sambi Lokonga,Midfield,right,1999-10-22,15000000,2160,0,0,0,22,732,15000000,15000000,196,0,0,2022-08-01,15000000
381967,2023/24,Albert Sambi Lokonga,Midfield,right,1999-10-22,15000000,1795,1,3,4,23,1310,12000000,15000000,410,0,1,2023-08-01,12000000
383109,2021/22,Przemyslaw Placheta,Attack,left,1998-03-23,1800000,1064,0,0,0,23,506,2000000,1800000,303,0,0,2021-08-01,2000000
384461,2021/22,Jakub Moder,Midfield,right,1999-04-07,12000000,2525,0,3,3,22,1703,10000000,12000000,1050,0,3,2021-08-01,10000000
384461,2023/24,Jakub Moder,Midfield,right,1999-04-07,10000000,1795,0,0,0,24,613,10000000,10000000,47,0,0,2023-08-01,10000000
384461,2024/25,Jakub Moder,Midfield,right,1999-04-07,12000000,1429,0,0,0,25,9,10000000,12000000,8,0,0,2024-08-01,10000000
385848,2024/25,George Edmundson,Defender,right,1997-08-15,800000,1063,0,0,0,26,1,350000,800000,1,0,0,2024-08-01,350000
386047,2023/24,Axel Disasi,Defender,right,1998-03-11,40000000,2160,2,0,2,25,2581,40000000,40000000,1597,1,0,2023-08-01,42000000
386047,2024/25,Axel Disasi,Defender,right,1998-03-11,22000000,1794,1,0,1,26,852,35000000,22000000,351,1,0,2024-08-01,30000000
387331,2020/21,Sam Field,Midfield,left,1998-05-08,1000000,1429,0,0,0,22,61,1000000,1000000,61,0,0,2020-08-01,1000000
387626,2021/22,Leon Bailey,Attack,left,1997-08-09,25000000,2159,1,2,3,23,755,32000000,25000000,424,1,2,2021-08-01,32000000
387626,2022/23,Leon Bailey,Attack,left,1997-08-09,28000000,1794,4,4,8,24,1984,25000000,28000000,919,3,2,2022-08-01,25000000
387626,2023/24,Leon Bailey,Attack,left,1997-08-09,42000000,1429,10,9,19,25,2076,30000000,42000000,864,6,5,2023-08-01,30000000
387626,2024/25,Leon Bailey,Attack,left,1997-08-09,28000000,1063,1,2,3,26,1144,38000000,28000000,835,0,2,2024-08-01,38000000
388165,2021/22,Yoane Wissa,Attack,right,1996-09-03,12000000,2890,7,1,8,24,1273,10000000,12000000,285,2,0,2021-08-01,10000000
388165,2022/23,Yoane Wissa,Attack,right,1996-09-03,18000000,2525,7,3,10,25,1600,15000000,18000000,679,3,1,2022-08-01,15000000
388165,2023/24,Yoane Wissa,Attack,right,1996-09-03,28000000,2160,12,3,15,26,2508,25000000,28000000,1552,4,1,2023-08-01,25000000
388165,2024/25,Yoane Wissa,Attack,right,1996-09-03,32000000,1794,19,5,24,27,2929,28000000,32000000,1144,9,1,2024-08-01,28000000
388165,2025/26,Yoane Wissa,Attack,right,1996-09-03,25000000,1429,1,1,2,28,521,42000000,25000000,150,1,0,2025-08-01,35000000
389253,2023/24,Auston Trusty,Defender,left,1998-08-12,7000000,2160,0,0,0,24,2572,8000000,7000000,1183,0,0,2023-08-01,8000000
390664,2021/22,Jacob Lungi Sørensen,Midfield,right,1998-03-03,1500000,2709,0,0,0,23,601,1800000,1500000,258,0,0,2021-08-01,1800000
391005,2021/22,Mads Roerslev,Defender,right,1999-06-24,2500000,2890,1,1,2,22,1233,1500000,2500000,420,0,0,2021-08-01,1500000
391005,2022/23,Mads Roerslev,Defender,right,1999-06-24,6000000,2525,0,0,0,23,1102,2200000,6000000,611,0,0,2022-08-01,2200000
391005,2023/24,Mads Roerslev,Defender,right,1999-06-24,10000000,2160,1,2,3,24,1988,8000000,10000000,733,0,1,2023-08-01,8000000
391005,2024/25,Mads Roerslev,Defender,right,1999-06-24,6000000,1794,0,2,2,25,1097,12000000,6000000,650,0,1,2024-08-01,12000000
391065,2023/24,Hamed Traoré,Attack,right,2000-02-16,17000000,2525,0,0,0,23,44,18000000,17000000,44,0,0,2023-08-01,18000000
391065,2025/26,Hamed Traoré,Attack,right,2000-02-16,15000000,1794,0,1,1,25,16,15000000,15000000,16,0,1,2025-08-01,15000000
391719,2019/20,Domingos Quina,Midfield,right,1999-11-18,3200000,2160,0,0,0,19,18,3500000,3200000,14,0,0,2019-08-01,3500000
392085,2023/24,Nicolò Zaniolo,Attack,left,1999-07-02,20000000,2160,2,0,2,24,830,25000000,20000000,501,1,0,2023-08-01,25000000
392179,2023/24,Hjalmar Ekdal,Defender,right,1998-10-21,7000000,1429,0,0,0,24,438,7000000,7000000,105,0,0,2023-08-01,7000000
392179,2025/26,Hjalmar Ekdal,Defender,right,1998-10-21,5000000,698,0,0,0,26,1540,6000000,5000000,1074,0,0,2025-08-01,6000000
392591,2023/24,Chiedozie Ogbene,Attack,right,1997-05-01,8000000,1795,4,1,5,26,1992,3000000,8000000,1010,1,1,2023-08-01,3000000
392591,2024/25,Chiedozie Ogbene,Attack,right,1997-05-01,7000000,1429,0,0,0,27,239,8000000,7000000,239,0,0,2024-08-01,8000000
392757,2021/22,Marc Guéhi,Defender,right,2000-07-13,32000000,3620,2,1,3,21,3223,20000000,32000000,1620,2,0,2021-08-01,22000000
392757,2022/23,Marc Guéhi,Defender,right,2000-07-13,35000000,3255,1,0,1,22,3330,35000000,35000000,1350,0,0,2022-08-01,35000000
392757,2023/24,Marc Guéhi,Defender,right,2000-07-13,38000000,2890,0,1,1,23,2023,38000000,38000000,1710,0,1,2023-08-01,38000000
392757,2024/25,Marc Guéhi,Defender,right,2000-07-13,45000000,2524,3,2,5,24,3060,45000000,45000000,1620,2,1,2024-08-01,45000000
392757,2025/26,Marc Guéhi,Defender,right,2000-07-13,70000000,2159,3,4,7,25,3150,50000000,70000000,1530,2,3,2025-08-01,55000000
392763,2020/21,Ian Poveda,Attack,left,2000-02-09,1500000,2159,0,0,0,20,344,750000,1500000,201,0,0,2020-08-01,1500000
392765,2019/20,Emile Smith Rowe,Midfield,right,2000-07-28,2700000,3621,0,0,0,19,97,3000000,2700000,97,0,0,2019-08-01,3000000
392765,2020/21,Emile Smith Rowe,Midfield,right,2000-07-28,18000000,3255,2,4,6,20,1449,2700000,18000000,154,0,1,2020-08-01,2700000
392765,2021/22,Emile Smith Rowe,Midfield,right,2000-07-28,40000000,2890,10,2,12,21,1920,28000000,40000000,1187,8,2,2021-08-01,38000000
392765,2022/23,Emile Smith Rowe,Midfield,right,2000-07-28,35000000,2525,0,2,2,22,162,38000000,35000000,47,0,0,2022-08-01,38000000
392765,2023/24,Emile Smith Rowe,Midfield,right,2000-07-28,22000000,2160,0,2,2,23,346,30000000,22000000,117,0,1,2023-08-01,25000000
392765,2024/25,Emile Smith Rowe,Midfield,right,2000-07-28,30000000,1794,6,3,9,24,2060,28000000,30000000,1102,3,2,2024-08-01,32000000
392765,2025/26,Emile Smith Rowe,Midfield,right,2000-07-28,20000000,1429,3,0,3,25,1928,28000000,20000000,662,3,0,2025-08-01,22000000
392768,2019/20,Callum Hudson-Odoi,Attack,right,2000-11-07,31500000,3256,1,5,6,18,851,35000000,31500000,386,0,3,2019-08-01,35000000
392768,2020/21,Callum Hudson-Odoi,Attack,right,2000-11-07,32000000,2890,2,3,5,19,1058,35000000,32000000,304,1,1,2020-08-01,35000000
392768,2021/22,Callum Hudson-Odoi,Attack,right,2000-11-07,25000000,2525,1,3,4,20,966,32000000,25000000,757,1,2,2021-08-01,32000000
392768,2023/24,Callum Hudson-Odoi,Attack,right,2000-11-07,18000000,1795,8,1,9,22,1857,12000000,18000000,484,1,0,2023-08-01,12000000
392768,2024/25,Callum Hudson-Odoi,Attack,right,2000-11-07,25000000,1429,5,3,8,23,2205,22000000,25000000,1327,2,2,2024-08-01,24000000
392768,2025/26,Callum Hudson-Odoi,Attack,right,2000-11-07,30000000,1064,3,4,7,24,1848,30000000,30000000,1032,3,1,2025-08-01,30000000
392770,2019/20,Angel Gomes,Midfield,right,2000-08-31,3600000,3256,0,0,0,18,19,4000000,3600000,9,0,0,2019-08-01,4000000
392771,2020/21,Ethan Ampadu,Midfield,right,2000-09-14,15000000,3620,0,0,0,19,2091,9000000,15000000,793,0,0,2020-08-01,10000000
392771,2025/26,Ethan Ampadu,Midfield,right,2000-09-14,30000000,1794,1,1,2,24,3123,20000000,30000000,1413,1,0,2025-08-01,20000000
392775,2019/20,Ryan Sessegnon,Defender,left,2000-05-18,25000000,2890,0,0,0,19,342,35000000,25000000,162,0,0,2019-08-01,35000000
392775,2021/22,Ryan Sessegnon,Defender,left,2000-05-18,18000000,2159,0,2,2,21,1053,15000000,18000000,165,0,0,2021-08-01,15000000
392775,2022/23,Ryan Sessegnon,Defender,left,2000-05-18,18000000,1794,2,0,2,22,811,22000000,18000000,663,2,0,2022-08-01,22000000
392775,2024/25,Ryan Sessegnon,Defender,left,2000-05-18,15000000,1063,4,2,6,24,580,9000000,15000000,5,0,0,2024-08-01,9000000
392775,2025/26,Ryan Sessegnon,Defender,left,2000-05-18,22000000,698,3,3,6,25,1822,18000000,22000000,1109,2,2,2025-08-01,20000000
393323,2022/23,Brenden Aaronson,Midfield,right,2000-10-22,25000000,1794,1,3,4,21,2383,30000000,25000000,1369,1,2,2022-08-01,30000000
393323,2025/26,Brenden Aaronson,Midfield,right,2000-10-22,22000000,698,4,5,9,24,2470,15000000,22000000,1005,1,3,2025-08-01,15000000
393325,2021/22,Josh Sargent,Attack,right,2000-02-20,7000000,3620,2,1,3,21,1579,8000000,7000000,899,0,0,2021-08-01,8000000
394327,2022/23,Boubacar Kamara,Midfield,right,1999-11-23,30000000,2890,0,1,1,22,1781,25000000,30000000,757,0,0,2022-08-01,25000000
394327,2023/24,Boubacar Kamara,Midfield,right,1999-11-23,38000000,2525,0,1,1,23,1661,38000000,38000000,1353,0,1,2023-08-01,38000000
394327,2024/25,Boubacar Kamara,Midfield,right,1999-11-23,40000000,2159,1,0,1,24,1728,38000000,40000000,588,0,0,2024-08-01,38000000
394327,2025/26,Boubacar Kamara,Midfield,right,1999-11-23,40000000,1794,1,3,4,25,1418,40000000,40000000,1246,1,3,2025-08-01,40000000
395516,2023/24,Moussa Diaby,Attack,left,1999-07-07,55000000,2160,6,8,14,24,2186,55000000,55000000,1298,4,4,2023-08-01,60000000
396638,2022/23,Manor Solomon,Attack,right,1999-07-24,18000000,2160,4,0,4,23,563,18000000,18000000,24,0,0,2022-08-01,18000000
396638,2023/24,Manor Solomon,Attack,right,1999-07-24,13000000,1795,0,2,2,24,198,18000000,13000000,198,0,2,2023-08-01,18000000
397033,2023/24,Sandro Tonali,Midfield,right,2000-05-08,38000000,3256,1,0,1,23,440,60000000,38000000,440,1,0,2023-08-01,40000000
397033,2024/25,Sandro Tonali,Midfield,right,2000-05-08,60000000,2890,4,2,6,24,2629,38000000,60000000,1010,0,1,2024-08-01,38000000
397033,2025/26,Sandro Tonali,Midfield,right,2000-05-08,80000000,2525,0,2,2,25,2545,75000000,80000000,1325,0,1,2025-08-01,75000000
397102,2020/21,Josh Benson,Midfield,right,1999-12-05,400000,1794,0,0,0,20,261,400000,400000,252,0,0,2020-08-01,400000
398065,2019/20,Harvey Barnes,Attack,right,1997-12-09,22000000,3256,6,8,14,21,2090,22000000,22000000,1082,1,5,2019-08-01,22000000
398065,2020/21,Harvey Barnes,Attack,right,1997-12-09,35000000,2890,9,4,13,22,1950,28000000,35000000,1103,5,1,2020-08-01,28000000
398065,2021/22,Harvey Barnes,Attack,right,1997-12-09,32000000,2525,6,10,16,23,2105,32000000,32000000,1032,2,2,2021-08-01,32000000
398065,2022/23,Harvey Barnes,Attack,right,1997-12-09,35000000,2160,13,1,14,24,2718,32000000,35000000,1251,6,0,2022-08-01,32000000
398065,2023/24,Harvey Barnes,Attack,right,1997-12-09,35000000,1795,5,3,8,25,794,35000000,35000000,185,1,1,2023-08-01,35000000
398065,2024/25,Harvey Barnes,Attack,right,1997-12-09,35000000,1429,9,5,14,26,1754,35000000,35000000,764,5,1,2024-08-01,35000000
398065,2025/26,Harvey Barnes,Attack,right,1997-12-09,32000000,1064,7,1,8,27,1961,32000000,32000000,832,3,0,2025-08-01,32000000
398184,2020/21,Ferran Torres,Attack,right,2000-02-29,50000000,2524,7,2,9,20,1307,45000000,50000000,572,2,1,2020-08-01,50000000
398184,2021/22,Ferran Torres,Attack,right,2000-02-29,45000000,2159,2,1,3,21,305,45000000,45000000,305,2,1,2021-08-01,45000000
398402,2022/23,Sam Surridge,Attack,right,1998-07-28,5000000,2160,1,0,1,24,307,2500000,5000000,160,0,0,2022-08-01,3500000
399434,2022/23,Marcus Tavernier,Midfield,left,1999-03-22,17000000,2525,5,4,9,23,1749,10000000,17000000,1289,2,4,2022-08-01,15000000
399434,2023/24,Marcus Tavernier,Midfield,left,1999-03-22,20000000,2160,3,4,7,24,2133,17000000,20000000,1179,2,4,2023-08-01,17000000
399434,2024/25,Marcus Tavernier,Midfield,left,1999-03-22,18000000,1794,3,6,9,25,1940,20000000,18000000,1145,1,4,2024-08-01,20000000
399434,2025/26,Marcus Tavernier,Midfield,left,1999-03-22,25000000,1429,7,4,11,26,2743,20000000,25000000,1521,4,2,2025-08-01,20000000
399776,2023/24,Pau Torres,Defender,left,1997-01-16,45000000,1795,2,0,2,26,2463,45000000,45000000,1518,2,0,2023-08-01,45000000
399776,2024/25,Pau Torres,Defender,left,1997-01-16,32000000,1429,0,0,0,27,2020,45000000,32000000,1550,0,0,2024-08-01,45000000
399776,2025/26,Pau Torres,Defender,left,1997-01-16,20000000,1064,0,0,0,28,1676,30000000,20000000,954,0,0,2025-08-01,25000000
400536,2024/25,Mads Hermansen,Goalkeeper,right,2000-07-11,15000000,2159,0,0,0,24,2385,12000000,15000000,1395,0,0,2024-08-01,12000000
400536,2025/26,Mads Hermansen,Goalkeeper,right,2000-07-11,15000000,1794,0,1,1,25,1620,18000000,15000000,360,0,0,2025-08-01,15000000
401320,2020/21,Dara O'Shea,Defender,right,1999-03-04,3000000,3620,0,0,0,21,2103,900000,3000000,910,0,0,2020-08-01,2500000
401320,2023/24,Dara O'Shea,Defender,right,1999-03-04,7000000,2525,3,4,7,24,2895,7000000,7000000,1388,0,3,2023-08-01,7000000
401320,2024/25,Dara O'Shea,Defender,right,1999-03-04,14000000,2159,0,2,2,25,3123,10000000,14000000,1413,0,0,2024-08-01,14000000
401356,2023/24,Edson Álvarez,Midfield,right,1997-10-24,35000000,1795,1,1,2,25,2383,35000000,35000000,1254,0,1,2023-08-01,35000000
401356,2024/25,Edson Álvarez,Midfield,right,1997-10-24,25000000,1429,0,1,1,26,1782,30000000,25000000,887,0,0,2024-08-01,30000000
401922,2025/26,Samuel Chukwueze,Attack,left,1999-05-22,18000000,1064,3,4,7,26,1074,10000000,18000000,395,2,4,2025-08-01,10000000
402733,2023/24,Gonzalo Montiel,Defender,right,1997-01-01,10000000,1979,0,2,2,26,802,10000000,10000000,311,0,1,2023-08-01,10000000
403151,2020/21,Robert Sánchez,Goalkeeper,right,1997-11-18,8000000,3620,0,0,0,22,2430,150000,8000000,450,0,0,2020-08-01,150000
403151,2021/22,Robert Sánchez,Goalkeeper,right,1997-11-18,16000000,3255,0,0,0,23,3330,11000000,16000000,1530,0,0,2021-08-01,11000000
403151,2022/23,Robert Sánchez,Goalkeeper,right,1997-11-18,22000000,2890,0,0,0,24,2070,25000000,22000000,1440,0,0,2022-08-01,32000000
403151,2023/24,Robert Sánchez,Goalkeeper,right,1997-11-18,20000000,2525,0,0,0,25,1434,28000000,20000000,1434,0,0,2023-08-01,30000000
403151,2024/25,Robert Sánchez,Goalkeeper,right,1997-11-18,20000000,2159,0,0,0,26,2880,20000000,20000000,1530,0,0,2024-08-01,20000000
403151,2025/26,Robert Sánchez,Goalkeeper,right,1997-11-18,22000000,1794,0,1,1,27,3041,22000000,22000000,1625,0,1,2025-08-01,22000000
403898,2023/24,Jordan Beyer,Defender,right,2000-05-19,13000000,1429,0,1,1,23,1238,16000000,13000000,1238,0,1,2023-08-01,16000000
404584,2021/22,Marcus Forss,Attack,right,1999-06-18,4000000,1794,0,1,1,22,203,4500000,4000000,192,0,1,2021-08-01,4500000
404842,2022/23,Vitaliy Mykolenko,Defender,left,1999-05-29,25000000,2525,0,0,0,23,2655,22000000,25000000,1465,0,0,2022-08-01,22000000
404842,2023/24,Vitaliy Mykolenko,Defender,left,1999-05-29,28000000,2160,2,0,2,24,2471,28000000,28000000,1348,2,0,2023-08-01,28000000
404842,2024/25,Vitaliy Mykolenko,Defender,left,1999-05-29,28000000,1794,1,2,3,25,3084,28000000,28000000,1376,0,0,2024-08-01,28000000
404842,2025/26,Vitaliy Mykolenko,Defender,left,1999-05-29,25000000,1429,0,1,1,26,2961,25000000,25000000,1436,0,0,2025-08-01,25000000
405385,2024/25,Yukinari Sugawara,Defender,right,2000-06-28,11000000,1429,1,1,2,24,1557,12000000,11000000,935,1,1,2024-08-01,12000000
406008,2019/20,Yan Valery,Defender,right,1999-02-22,6300000,2890,0,0,0,20,784,7000000,6300000,559,0,0,2019-08-01,7000000
406008,2021/22,Yan Valery,Defender,right,1999-02-22,2500000,2159,0,0,0,22,369,2500000,2500000,90,0,0,2021-08-01,2500000
406008,2022/23,Yan Valery,Defender,right,1999-02-22,2000000,1794,0,0,0,23,45,2500000,2000000,45,0,0,2022-08-01,2500000
406040,2020/21,Ademola Lookman,Attack,right,1997-10-20,11000000,3620,4,4,8,22,2756,10000000,11000000,1011,2,2,2020-08-01,10000000
406040,2021/22,Ademola Lookman,Attack,right,1997-10-20,10000000,3255,6,0,6,23,1457,9000000,10000000,715,3,0,2021-08-01,9000000
406560,2020/21,Rhian Brewster,Attack,right,2000-04-01,12000000,1794,0,0,0,20,1122,15000000,12000000,569,0,0,2020-08-01,15000000
406560,2023/24,Rhian Brewster,Attack,right,2000-04-01,3000000,699,0,0,0,23,340,3000000,3000000,191,0,0,2023-08-01,3000000
406634,2024/25,Matt O'Riley,Midfield,left,2000-11-21,22000000,1794,2,3,5,23,938,22000000,22000000,307,1,0,2024-08-01,22000000
406634,2025/26,Matt O'Riley,Midfield,left,2000-11-21,18000000,1429,1,0,1,24,203,20000000,18000000,178,1,0,2025-08-01,20000000
406635,2019/20,Phil Foden,Midfield,left,2000-05-28,40000000,2890,5,2,7,19,893,30000000,40000000,150,0,1,2019-08-01,30000000
406635,2020/21,Phil Foden,Midfield,left,2000-05-28,80000000,2524,9,5,14,20,1614,60000000,80000000,505,2,1,2020-08-01,60000000
406635,2021/22,Phil Foden,Midfield,left,2000-05-28,90000000,2159,9,5,14,21,2134,85000000,90000000,921,5,3,2021-08-01,85000000
406635,2022/23,Phil Foden,Midfield,left,2000-05-28,110000000,1794,11,5,16,22,1842,110000000,110000000,930,7,3,2022-08-01,110000000
406635,2023/24,Phil Foden,Midfield,left,2000-05-28,150000000,1429,19,8,27,23,2871,110000000,150000000,1519,5,6,2023-08-01,110000000
406635,2024/25,Phil Foden,Midfield,left,2000-05-28,100000000,1063,7,2,9,24,1781,140000000,100000000,966,1,1,2024-08-01,140000000
406635,2025/26,Phil Foden,Midfield,left,2000-05-28,70000000,698,7,5,12,25,2085,80000000,70000000,1319,7,2,2025-08-01,80000000
406638,2019/20,Oliver Skipp,Midfield,right,2000-09-16,7200000,3621,0,0,0,18,74,8000000,7200000,12,0,0,2019-08-01,8000000
406638,2021/22,Oliver Skipp,Midfield,right,2000-09-16,18000000,2890,0,0,0,20,1349,15000000,18000000,1155,0,0,2021-08-01,20000000
406638,2022/23,Oliver Skipp,Midfield,right,2000-09-16,15000000,2525,1,0,1,21,1496,15000000,15000000,129,0,0,2022-08-01,15000000
406638,2023/24,Oliver Skipp,Midfield,right,2000-09-16,15000000,2160,0,0,0,22,694,15000000,15000000,437,0,0,2023-08-01,15000000
406638,2024/25,Oliver Skipp,Midfield,right,2000-09-16,10000000,1794,0,0,0,23,1122,18000000,10000000,705,0,0,2024-08-01,14000000
410225,2019/20,Ismaïla Sarr,Attack,right,1998-02-25,24500000,3621,5,6,11,21,2029,27000000,24500000,772,3,1,2019-08-01,27000000
410225,2021/22,Ismaïla Sarr,Attack,right,1998-02-25,27000000,2890,5,2,7,23,1865,27000000,27000000,1032,5,0,2021-08-01,27000000
410225,2024/25,Ismaïla Sarr,Attack,right,1998-02-25,25000000,1794,8,7,15,26,2721,20000000,25000000,1186,4,3,2024-08-01,20000000
410225,2025/26,Ismaïla Sarr,Attack,right,1998-02-25,40000000,1429,9,1,10,27,2177,30000000,40000000,1012,3,1,2025-08-01,35000000
410436,2020/21,Bailey Peacock-Farrell,Goalkeeper,left,1996-10-29,1000000,2524,0,0,0,23,360,1200000,1000000,90,0,0,2020-08-01,1200000
410708,2020/21,Pascal Struijk,Defender,left,1999-08-11,9000000,3985,1,0,1,20,2076,750000,9000000,482,0,0,2020-08-01,2500000
410708,2021/22,Pascal Struijk,Defender,left,1999-08-11,15000000,3620,1,0,1,21,2051,9000000,15000000,838,0,0,2021-08-01,9000000
410708,2022/23,Pascal Struijk,Defender,left,1999-08-11,18000000,3255,2,1,3,22,2203,18000000,18000000,1344,2,1,2022-08-01,20000000
410708,2025/26,Pascal Struijk,Defender,left,1999-08-11,22000000,2159,0,1,1,25,2937,20000000,22000000,1358,0,0,2025-08-01,20000000
411295,2020/21,Raphinha,Attack,left,1996-12-14,30000000,2890,6,9,15,23,2364,18000000,30000000,746,2,2,2020-08-01,18000000
411295,2021/22,Raphinha,Attack,left,1996-12-14,45000000,2525,11,3,14,24,2923,32000000,45000000,1352,8,1,2021-08-01,40000000
411537,2025/26,Zian Flemming,Attack,right,1998-08-01,12000000,1429,11,0,11,27,1776,8000000,12000000,666,5,0,2025-08-01,10000000
412660,2019/20,Keinan Davis,Attack,left,1998-02-13,2300000,4351,0,0,0,21,538,2500000,2300000,74,0,0,2019-08-01,2500000
412660,2020/21,Keinan Davis,Attack,left,1998-02-13,3000000,3985,1,1,2,22,265,2300000,3000000,41,0,0,2020-08-01,2300000
412660,2021/22,Keinan Davis,Attack,left,1998-02-13,2500000,3620,0,0,0,23,11,3000000,2500000,11,0,0,2021-08-01,3000000
412669,2021/22,Francisco Trincão,Midfield,left,1999-12-29,20000000,3255,2,1,3,21,1342,22000000,20000000,801,0,0,2021-08-01,22000000
413032,2020/21,Ibrahima Diallo,Midfield,right,1999-03-08,15000000,1429,0,0,0,21,1012,15000000,15000000,114,0,0,2020-08-01,15000000
413032,2021/22,Ibrahima Diallo,Midfield,right,1999-03-08,10000000,1064,0,2,2,22,1018,12000000,10000000,589,0,1,2021-08-01,12000000
413032,2022/23,Ibrahima Diallo,Midfield,right,1999-03-08,7000000,699,0,0,0,23,816,8000000,7000000,494,0,0,2022-08-01,8000000
413039,2021/22,Bryan Mbeumo,Attack,left,1999-08-07,22000000,3255,4,7,11,21,2916,16000000,22000000,1323,3,1,2021-08-01,16000000
413039,2022/23,Bryan Mbeumo,Attack,left,1999-08-07,35000000,2890,9,8,17,22,2928,25000000,35000000,1272,3,1,2022-08-01,28000000
413039,2023/24,Bryan Mbeumo,Attack,left,1999-08-07,40000000,2525,9,6,15,23,1961,38000000,40000000,1288,7,3,2023-08-01,38000000
413039,2024/25,Bryan Mbeumo,Attack,left,1999-08-07,55000000,2159,20,8,28,24,3417,50000000,55000000,1617,10,2,2024-08-01,50000000
413039,2025/26,Bryan Mbeumo,Attack,left,1999-08-07,75000000,1794,11,3,14,25,2625,70000000,75000000,1406,6,1,2025-08-01,75000000
413220,2019/20,James Justin,Defender,both,1998-02-23,6000000,3621,0,1,1,21,1010,4000000,6000000,110,0,1,2019-08-01,4000000
413220,2020/21,James Justin,Defender,both,1998-02-23,17000000,3255,2,2,4,22,2070,10000000,17000000,1440,1,2,2020-08-01,17000000
413220,2022/23,James Justin,Defender,both,1998-02-23,20000000,2525,0,1,1,24,1254,25000000,20000000,1254,0,1,2022-08-01,25000000
413220,2024/25,James Justin,Defender,both,1998-02-23,13000000,1794,2,2,4,26,2921,15000000,13000000,1556,2,1,2024-08-01,15000000
413220,2025/26,James Justin,Defender,both,1998-02-23,12000000,1429,2,1,3,27,1896,12000000,12000000,160,0,0,2025-08-01,12000000
413403,2019/20,Ezri Konsa,Defender,right,1997-10-23,9000000,3256,1,2,3,21,2042,8000000,9000000,645,0,1,2019-08-01,8000000
413403,2020/21,Ezri Konsa,Defender,right,1997-10-23,25000000,2890,2,0,2,22,3195,12000000,25000000,1035,2,0,2020-08-01,12000000
413403,2021/22,Ezri Konsa,Defender,right,1997-10-23,22000000,2525,2,0,2,23,2481,25000000,22000000,1489,2,0,2021-08-01,25000000
413403,2022/23,Ezri Konsa,Defender,right,1997-10-23,25000000,2160,0,0,0,24,3323,22000000,25000000,1351,0,0,2022-08-01,22000000
413403,2023/24,Ezri Konsa,Defender,right,1997-10-23,35000000,1795,1,0,1,25,3074,35000000,35000000,1760,0,0,2023-08-01,35000000
413403,2024/25,Ezri Konsa,Defender,right,1997-10-23,35000000,1429,2,0,2,26,2937,35000000,35000000,1452,1,0,2024-08-01,35000000
413403,2025/26,Ezri Konsa,Defender,right,1997-10-23,40000000,1064,0,0,0,27,3036,35000000,40000000,1596,0,0,2025-08-01,35000000
413507,2024/25,Nikola Milenković,Defender,right,1997-10-12,35000000,1794,5,2,7,26,3330,18000000,35000000,1620,2,1,2024-08-01,25000000
413507,2025/26,Nikola Milenković,Defender,right,1997-10-12,28000000,1429,0,0,0,27,3375,30000000,28000000,1710,0,0,2025-08-01,30000000
414908,2025/26,Marshall Munetsi,Midfield,right,1996-06-22,15000000,1064,1,1,2,29,874,12000000,15000000,874,1,1,2025-08-01,12000000
415381,2024/25,Mats Wieffer,Defender,right,1999-11-16,25000000,1794,1,5,6,24,1008,30000000,25000000,467,1,2,2024-08-01,30000000
415381,2025/26,Mats Wieffer,Defender,right,1999-11-16,25000000,1429,2,3,5,25,1908,25000000,25000000,1182,0,3,2025-08-01,25000000
415912,2023/24,Konstantinos Mavropanos,Defender,right,1997-12-11,20000000,1795,1,0,1,25,1501,14000000,20000000,406,1,0,2023-08-01,14000000
415912,2024/25,Konstantinos Mavropanos,Defender,right,1997-12-11,17000000,1429,0,0,0,26,2037,20000000,17000000,1178,0,0,2024-08-01,20000000
415912,2025/26,Konstantinos Mavropanos,Defender,right,1997-12-11,18000000,1064,3,0,3,27,2532,15000000,18000000,911,0,0,2025-08-01,15000000
415970,2022/23,Joe Worrall,Defender,right,1997-01-10,12000000,2160,1,0,1,25,2216,10000000,12000000,803,0,0,2022-08-01,8000000
415970,2023/24,Joe Worrall,Defender,right,1997-01-10,7500000,1795,0,0,0,26,440,12000000,7500000,440,0,0,2023-08-01,12000000
415970,2025/26,Joe Worrall,Defender,right,1997-01-10,2000000,1064,0,0,0,28,497,4000000,2000000,154,0,0,2025-08-01,4000000
417346,2020/21,Jack Harrison,Attack,left,1996-11-20,15000000,2890,8,8,16,23,2855,7000000,15000000,1253,3,4,2020-08-01,9000000
417346,2021/22,Jack Harrison,Attack,left,1996-11-20,18000000,2525,8,1,9,24,2647,15000000,18000000,1109,0,1,2021-08-01,15000000
417346,2022/23,Jack Harrison,Attack,left,1996-11-20,22000000,2160,5,7,12,25,2727,28000000,22000000,1006,1,3,2022-08-01,25000000
417346,2023/24,Jack Harrison,Attack,left,1996-11-20,18000000,1795,3,3,6,26,2219,22000000,18000000,1120,2,3,2023-08-01,22000000
417346,2024/25,Jack Harrison,Attack,left,1996-11-20,14000000,1429,1,1,2,27,2083,16000000,14000000,942,0,0,2024-08-01,16000000
417346,2025/26,Jack Harrison,Attack,left,1996-11-20,6500000,1064,0,0,0,28,263,12000000,6500000,263,0,0,2025-08-01,10000000
418560,2022/23,Erling Haaland,Attack,left,2000-07-21,180000000,4351,36,8,44,22,2777,170000000,180000000,1221,21,3,2022-08-01,170000000
418560,2023/24,Erling Haaland,Attack,left,2000-07-21,180000000,3986,27,4,31,23,2558,180000000,180000000,1295,14,3,2023-08-01,180000000
418560,2024/25,Erling Haaland,Attack,left,2000-07-21,180000000,3620,22,3,25,24,2743,200000000,180000000,1710,14,1,2024-08-01,200000000
418560,2025/26,Erling Haaland,Attack,left,2000-07-21,200000000,3255,27,8,35,25,2959,200000000,200000000,1557,19,4,2025-08-01,200000000
419025,2022/23,Conor Coventry,Midfield,right,2000-03-25,1800000,1794,0,0,0,22,1,900000,1800000,1,0,0,2022-08-01,1000000
419930,2019/20,Jack Simpson,Defender,left,1996-12-18,1200000,1795,0,0,0,22,238,1500000,1200000,145,0,0,2019-08-01,1500000
420002,2021/22,Jean-Philippe Mateta,Attack,right,1997-06-28,10000000,2159,5,1,6,24,1149,8000000,10000000,169,1,0,2021-08-01,5000000
420002,2022/23,Jean-Philippe Mateta,Attack,right,1997-06-28,7000000,1794,2,0,2,25,754,9000000,7000000,292,1,0,2022-08-01,9000000
420002,2023/24,Jean-Philippe Mateta,Attack,right,1997-06-28,20000000,1429,16,5,21,26,2285,7000000,20000000,800,2,3,2023-08-01,7000000
420002,2024/25,Jean-Philippe Mateta,Attack,right,1997-06-28,30000000,1063,14,2,16,27,2656,20000000,30000000,1426,4,1,2024-08-01,20000000
420002,2025/26,Jean-Philippe Mateta,Attack,right,1997-06-28,30000000,698,12,0,12,28,2223,35000000,30000000,1473,7,0,2025-08-01,40000000
420210,2025/26,Lutsharel Geertruida,Defender,right,2000-07-18,20000000,1429,0,0,0,25,1685,20000000,20000000,713,0,0,2025-08-01,20000000
420243,2023/24,Jurriën Timber,Defender,right,2001-06-17,38000000,1795,0,0,0,22,71,40000000,38000000,50,0,0,2023-08-01,40000000
420243,2024/25,Jurriën Timber,Defender,right,2001-06-17,55000000,1429,1,3,4,23,2423,45000000,55000000,1311,1,1,2024-08-01,45000000
420243,2025/26,Jurriën Timber,Defender,right,2001-06-17,70000000,1064,3,6,9,24,2457,60000000,70000000,1462,2,4,2025-08-01,70000000
420808,2024/25,George Hirst,Attack,right,1999-02-15,4000000,1794,3,1,4,25,647,5000000,4000000,175,1,1,2024-08-01,5000000
421637,2021/22,Frank Onyeka,Midfield,right,1998-01-01,9000000,3255,0,0,0,23,1051,9000000,9000000,869,0,0,2021-08-01,10000000
421637,2022/23,Frank Onyeka,Midfield,right,1998-01-01,8000000,2890,0,2,2,24,843,9000000,8000000,438,0,1,2022-08-01,9000000
421637,2023/24,Frank Onyeka,Midfield,right,1998-01-01,9000000,2525,1,2,3,25,1153,9000000,9000000,733,0,1,2023-08-01,9000000
421637,2024/25,Frank Onyeka,Midfield,right,1998-01-01,7000000,2159,0,0,0,26,23,9000000,7000000,23,0,0,2024-08-01,9000000
421637,2025/26,Frank Onyeka,Midfield,right,1998-01-01,8000000,1794,0,1,1,27,88,7000000,8000000,88,0,1,2025-08-01,7000000
423440,2025/26,Martín Zubimendi,Midfield,right,1999-02-02,75000000,1794,5,1,6,26,3002,70000000,75000000,1594,3,1,2025-08-01,75000000
423744,2019/20,Billy Gilmour,Midfield,right,2001-06-11,5400000,3621,0,0,0,18,192,2500000,5400000,9,0,0,2019-08-01,3000000
423744,2020/21,Billy Gilmour,Midfield,right,2001-06-11,10000000,3255,0,0,0,19,259,7500000,10000000,8,0,0,2020-08-01,7500000
423744,2021/22,Billy Gilmour,Midfield,right,2001-06-11,12000000,2890,0,1,1,20,1858,15000000,12000000,1056,0,1,2021-08-01,15000000
423744,2022/23,Billy Gilmour,Midfield,right,2001-06-11,12000000,2525,0,1,1,21,507,12000000,12000000,104,0,0,2022-08-01,12000000
423744,2023/24,Billy Gilmour,Midfield,right,2001-06-11,18000000,2160,0,1,1,22,2126,18000000,18000000,1190,0,1,2023-08-01,18000000
423744,2024/25,Billy Gilmour,Midfield,right,2001-06-11,20000000,1794,0,0,0,23,98,16000000,20000000,98,0,0,2024-08-01,16000000
424015,2022/23,Nathan Patterson,Defender,right,2001-10-16,16000000,1794,0,0,0,20,1277,14000000,16000000,925,0,0,2022-08-01,14000000
424015,2023/24,Nathan Patterson,Defender,right,2001-10-16,15000000,1429,0,2,2,21,1000,15000000,15000000,946,0,2,2023-08-01,15000000
424015,2024/25,Nathan Patterson,Defender,right,2001-10-16,15000000,1063,0,1,1,22,345,15000000,15000000,40,0,0,2024-08-01,15000000
424015,2025/26,Nathan Patterson,Defender,right,2001-10-16,10000000,698,0,0,0,23,240,13000000,10000000,74,0,0,2025-08-01,10000000
425306,2023/24,Matt Turner,Goalkeeper,right,1994-06-24,7000000,1064,0,0,0,29,1530,10000000,7000000,1350,0,0,2023-08-01,10000000
425334,2020/21,Matty Cash,Defender,right,1997-08-07,22000000,3255,0,2,2,22,2378,12000000,22000000,1135,0,2,2020-08-01,12000000
425334,2021/22,Matty Cash,Defender,right,1997-08-07,25000000,2890,4,3,7,23,3380,22000000,25000000,1605,1,0,2021-08-01,22000000
425334,2022/23,Matty Cash,Defender,right,1997-08-07,25000000,2525,0,1,1,24,1821,22000000,25000000,1032,0,0,2022-08-01,22000000
425334,2023/24,Matty Cash,Defender,right,1997-08-07,28000000,2160,2,2,4,25,2143,28000000,28000000,1267,2,1,2023-08-01,28000000
425334,2024/25,Matty Cash,Defender,right,1997-08-07,25000000,1794,1,1,2,26,2077,28000000,25000000,902,1,0,2024-08-01,28000000
425334,2025/26,Matty Cash,Defender,right,1997-08-07,22000000,1429,3,3,6,27,3022,22000000,22000000,1595,3,1,2025-08-01,22000000
425902,2022/23,Ryan Yates,Midfield,right,1997-11-21,11000000,2160,0,2,2,24,1839,8000000,11000000,1124,0,1,2022-08-01,8000000
425902,2023/24,Ryan Yates,Midfield,right,1997-11-21,12000000,1795,1,1,2,25,1986,12000000,12000000,896,0,0,2023-08-01,12000000
425902,2024/25,Ryan Yates,Midfield,right,1997-11-21,12000000,1429,2,1,3,26,1904,13000000,12000000,1305,1,0,2024-08-01,13000000
425902,2025/26,Ryan Yates,Midfield,right,1997-11-21,7000000,1064,0,2,2,27,603,10000000,7000000,300,0,1,2025-08-01,10000000
425918,2023/24,Jakub Kiwior,Defender,left,2000-02-15,30000000,2525,1,3,4,23,945,25000000,30000000,293,0,0,2023-08-01,25000000
425918,2024/25,Jakub Kiwior,Defender,left,2000-02-15,28000000,2159,1,0,1,24,1117,28000000,28000000,323,0,0,2024-08-01,28000000
426192,2024/25,Ben Brereton Díaz,Attack,right,1999-04-18,7500000,1429,0,0,0,25,448,8000000,7500000,448,0,0,2024-08-01,8000000
427568,2019/20,Aaron Ramsdale,Goalkeeper,right,1998-05-14,12500000,3256,0,1,1,21,3330,6000000,12500000,1800,0,1,2019-08-01,10000000
427568,2020/21,Aaron Ramsdale,Goalkeeper,right,1998-05-14,12000000,2890,0,0,0,22,3420,16000000,12000000,1440,0,0,2020-08-01,16000000
427568,2021/22,Aaron Ramsdale,Goalkeeper,right,1998-05-14,28000000,2525,0,0,0,23,3060,20000000,28000000,1440,0,0,2021-08-01,25000000
427568,2022/23,Aaron Ramsdale,Goalkeeper,right,1998-05-14,40000000,2160,0,0,0,24,3420,30000000,40000000,1440,0,0,2022-08-01,30000000
427568,2023/24,Aaron Ramsdale,Goalkeeper,right,1998-05-14,25000000,1795,0,0,0,25,540,32000000,25000000,450,0,0,2023-08-01,28000000
427568,2024/25,Aaron Ramsdale,Goalkeeper,right,1998-05-14,16000000,1429,0,0,0,26,2700,22000000,16000000,1080,0,0,2024-08-01,20000000
427568,2025/26,Aaron Ramsdale,Goalkeeper,right,1998-05-14,12000000,1064,0,0,0,27,1003,14000000,12000000,553,0,0,2025-08-01,12000000
429014,2019/20,Morgan Gibbs-White,Midfield,right,2000-01-27,7200000,3256,0,0,0,19,126,8000000,7200000,120,0,0,2019-08-01,8000000
429014,2021/22,Morgan Gibbs-White,Midfield,right,2000-01-27,11000000,2525,0,0,0,21,7,9000000,11000000,7,0,0,2021-08-01,9000000
429014,2022/23,Morgan Gibbs-White,Midfield,right,2000-01-27,40000000,2160,5,8,13,22,3159,25000000,40000000,1219,2,2,2022-08-01,25000000
429014,2023/24,Morgan Gibbs-White,Midfield,right,2000-01-27,40000000,1795,5,10,15,23,3162,40000000,40000000,1687,2,3,2023-08-01,40000000
429014,2024/25,Morgan Gibbs-White,Midfield,right,2000-01-27,50000000,1429,7,10,17,24,2824,40000000,50000000,1175,3,3,2024-08-01,40000000
429014,2025/26,Morgan Gibbs-White,Midfield,right,2000-01-27,70000000,1064,15,4,19,25,3113,65000000,70000000,1609,3,1,2025-08-01,65000000
429915,2025/26,Maxim De Cuyper,Defender,left,2000-12-22,22000000,1794,2,3,5,24,1414,20000000,22000000,872,2,0,2025-08-01,22000000
429983,2024/25,Jørgen Strand Larsen,Attack,right,2000-02-06,30000000,2159,14,4,18,24,2603,27000000,30000000,1543,7,2,2024-08-01,27000000
429983,2025/26,Jørgen Strand Larsen,Attack,right,2000-02-06,40000000,1794,4,1,5,25,2315,40000000,40000000,1262,1,0,2025-08-01,40000000
430310,2024/25,Andrew Irving,Midfield,left,2000-05-13,4000000,1794,0,0,0,24,162,5000000,4000000,65,0,0,2024-08-01,5000000
430310,2025/26,Andrew Irving,Midfield,left,2000-05-13,4500000,1429,0,0,0,25,157,5000000,4500000,157,0,0,2025-08-01,5000000
431755,2022/23,Dejan Kulusevski,Midfield,left,2000-04-25,50000000,2160,2,7,9,22,2079,50000000,50000000,705,1,5,2022-08-01,50000000
431755,2023/24,Dejan Kulusevski,Midfield,left,2000-04-25,55000000,1795,8,3,11,23,2766,55000000,55000000,1675,5,2,2023-08-01,55000000
431755,2024/25,Dejan Kulusevski,Midfield,left,2000-04-25,50000000,1429,7,4,11,24,2391,60000000,50000000,1501,5,4,2024-08-01,60000000
432164,2025/26,Igor Jesus,Attack,right,2001-02-25,25000000,1429,6,4,10,24,2315,20000000,25000000,978,1,1,2025-08-01,20000000
432914,2025/26,John Victor,Goalkeeper,right,1996-02-13,5000000,1064,0,0,0,29,438,7000000,5000000,360,0,0,2025-08-01,7000000
433177,2019/20,Bukayo Saka,Attack,left,2001-09-05,35000000,3986,1,5,6,17,1753,7000000,35000000,676,0,1,2019-08-01,13000000
433177,2020/21,Bukayo Saka,Attack,left,2001-09-05,65000000,3620,5,4,9,18,2561,40000000,65000000,1165,2,1,2020-08-01,40000000
433177,2021/22,Bukayo Saka,Attack,left,2001-09-05,65000000,3255,11,7,18,19,2994,65000000,65000000,1404,5,4,2021-08-01,65000000
433177,2022/23,Bukayo Saka,Attack,left,2001-09-05,120000000,2890,14,11,25,20,3194,70000000,120000000,1359,6,6,2022-08-01,100000000
433177,2023/24,Bukayo Saka,Attack,left,2001-09-05,140000000,2525,16,9,25,21,2936,120000000,140000000,1668,6,6,2023-08-01,120000000
433177,2024/25,Bukayo Saka,Attack,left,2001-09-05,150000000,2159,6,11,17,22,1736,150000000,150000000,1276,5,11,2024-08-01,150000000
433177,2025/26,Bukayo Saka,Attack,left,2001-09-05,110000000,1794,7,7,14,23,2226,140000000,110000000,1325,4,4,2025-08-01,130000000
433183,2023/24,Tommy Doyle,Midfield,right,2001-10-17,10000000,1795,0,0,0,21,1214,7000000,10000000,405,0,0,2023-08-01,7000000
433183,2024/25,Tommy Doyle,Midfield,right,2001-10-17,10000000,1429,0,1,1,22,476,10000000,10000000,370,0,1,2024-08-01,10000000
433186,2021/22,Bali Mumba,Defender,right,2001-10-08,400000,668,0,0,0,19,45,500000,400000,45,0,0,2021-08-01,500000
433188,2019/20,Curtis Jones,Midfield,right,2001-01-30,5000000,2890,1,0,1,18,122,1500000,5000000,14,0,0,2019-08-01,2000000
433188,2020/21,Curtis Jones,Midfield,right,2001-01-30,30000000,2524,1,2,3,19,1178,5000000,30000000,671,0,0,2020-08-01,17000000
433188,2021/22,Curtis Jones,Midfield,right,2001-01-30,28000000,2159,1,1,2,20,856,30000000,28000000,322,1,1,2021-08-01,30000000
433188,2022/23,Curtis Jones,Midfield,right,2001-01-30,25000000,1794,3,1,4,21,1039,25000000,25000000,169,0,0,2022-08-01,22000000
433188,2023/24,Curtis Jones,Midfield,right,2001-01-30,35000000,1429,1,1,2,22,1166,30000000,35000000,487,0,1,2023-08-01,30000000
433188,2024/25,Curtis Jones,Midfield,right,2001-01-30,45000000,1063,3,4,7,23,1711,45000000,45000000,811,3,3,2024-08-01,45000000
433188,2025/26,Curtis Jones,Midfield,right,2001-01-30,35000000,698,1,2,3,24,1930,40000000,35000000,817,0,0,2025-08-01,40000000
434207,2019/20,Aaron Connolly,Attack,right,2000-01-28,4000000,1795,3,2,5,19,1261,2500000,4000000,675,2,1,2019-08-01,4500000
434207,2020/21,Aaron Connolly,Attack,right,2000-01-28,7000000,1429,2,1,3,20,791,7000000,7000000,537,1,1,2020-08-01,7000000
434207,2021/22,Aaron Connolly,Attack,right,2000-01-28,6000000,1064,0,0,0,21,155,7000000,6000000,155,0,0,2021-08-01,7000000
434223,2021/22,Adam Idah,Attack,right,2001-02-11,3000000,3255,1,1,2,20,620,3000000,3000000,281,0,0,2021-08-01,3000000
434224,2024/25,Maxence Lacroix,Defender,right,2000-04-06,25000000,1794,1,1,2,24,3119,20000000,25000000,1440,1,1,2024-08-01,20000000
434224,2025/26,Maxence Lacroix,Defender,right,2000-04-06,50000000,1429,1,2,3,25,3087,32000000,50000000,1620,0,2,2025-08-01,35000000
434675,2023/24,Cody Gakpo,Attack,right,1999-05-07,55000000,2525,8,5,13,24,1646,50000000,55000000,787,2,1,2023-08-01,50000000
434675,2024/25,Cody Gakpo,Attack,right,1999-05-07,70000000,2159,10,5,15,25,1938,60000000,70000000,903,5,2,2024-08-01,60000000
434675,2025/26,Cody Gakpo,Attack,right,1999-05-07,60000000,1794,7,5,12,26,2749,70000000,60000000,1143,4,3,2025-08-01,70000000
435338,2020/21,Gabriel,Defender,left,1997-12-19,25000000,3255,2,0,2,22,1997,20000000,25000000,1052,2,0,2020-08-01,28000000
435338,2021/22,Gabriel,Defender,left,1997-12-19,38000000,2890,5,0,5,23,3067,25000000,38000000,1419,2,0,2021-08-01,25000000
435338,2022/23,Gabriel,Defender,left,1997-12-19,55000000,2525,3,0,3,24,3411,40000000,55000000,1440,2,0,2022-08-01,40000000
435338,2023/24,Gabriel,Defender,left,1997-12-19,70000000,2160,4,0,4,25,3044,60000000,70000000,1464,1,0,2023-08-01,60000000
435338,2024/25,Gabriel,Defender,left,1997-12-19,75000000,1794,3,3,6,26,2365,75000000,75000000,1359,3,2,2024-08-01,75000000
435338,2025/26,Gabriel,Defender,left,1997-12-19,75000000,1429,3,4,7,27,2751,75000000,75000000,1086,2,2,2025-08-01,75000000
435648,2024/25,Joshua Zirkzee,Attack,right,2001-05-22,30000000,1794,3,2,5,23,1394,42000000,30000000,698,3,1,2024-08-01,42000000
435648,2025/26,Joshua Zirkzee,Attack,right,2001-05-22,20000000,1429,2,1,3,24,609,28000000,20000000,439,2,0,2025-08-01,25000000
438001,2023/24,Santiago Bueno,Defender,right,1998-11-09,8000000,1795,0,0,0,24,820,8000000,8000000,200,0,0,2023-08-01,8000000
438001,2024/25,Santiago Bueno,Defender,right,1998-11-09,10000000,1429,0,0,0,25,1682,8000000,10000000,972,0,0,2024-08-01,8000000
438001,2025/26,Santiago Bueno,Defender,right,1998-11-09,10000000,1064,3,2,5,26,2553,10000000,10000000,844,2,1,2025-08-01,10000000
442248,2021/22,Ethan Pinnock,Defender,left,1993-05-29,12000000,2159,1,1,2,28,2697,10000000,12000000,1438,1,1,2021-08-01,10000000
442248,2022/23,Ethan Pinnock,Defender,left,1993-05-29,14000000,1794,3,0,3,29,2700,12000000,14000000,810,0,0,2022-08-01,12000000
442248,2023/24,Ethan Pinnock,Defender,left,1993-05-29,12000000,1429,2,0,2,30,2521,15000000,12000000,1710,1,0,2023-08-01,15000000
442248,2024/25,Ethan Pinnock,Defender,left,1993-05-29,7000000,1063,2,0,2,31,1913,10000000,7000000,1440,2,0,2024-08-01,8000000
442248,2025/26,Ethan Pinnock,Defender,left,1993-05-29,3000000,698,0,0,0,32,321,4000000,3000000,231,0,0,2025-08-01,4000000
442531,2020/21,Edouard Mendy,Goalkeeper,right,1992-03-01,25000000,2890,0,0,0,28,2745,20000000,25000000,1080,0,0,2020-08-01,25000000
442531,2021/22,Edouard Mendy,Goalkeeper,right,1992-03-01,32000000,2525,0,0,0,29,3060,30000000,32000000,1710,0,0,2021-08-01,32000000
442531,2022/23,Edouard Mendy,Goalkeeper,right,1992-03-01,12000000,2160,0,0,0,30,855,25000000,12000000,765,0,0,2022-08-01,25000000
444208,2019/20,Michael Obafemi,Attack,right,2000-07-06,4500000,2890,3,2,5,19,661,2000000,4500000,259,1,0,2019-08-01,2500000
444208,2020/21,Michael Obafemi,Attack,right,2000-07-06,3000000,2524,0,0,0,20,57,4500000,3000000,13,0,0,2020-08-01,4500000
444208,2023/24,Michael Obafemi,Attack,right,2000-07-06,2200000,1429,0,0,0,23,18,3500000,2200000,18,0,0,2023-08-01,3500000
444211,2020/21,Will Smallbone,Midfield,right,2000-02-21,2000000,2159,0,0,0,20,173,3000000,2000000,112,0,0,2020-08-01,3000000
444211,2021/22,Will Smallbone,Midfield,right,2000-02-21,2000000,1794,0,0,0,21,133,2000000,2000000,70,0,0,2021-08-01,2000000
444211,2024/25,Will Smallbone,Midfield,right,2000-02-21,6000000,698,1,0,1,24,682,7000000,6000000,241,0,0,2024-08-01,7000000
444523,2022/23,Lucas Paquetá,Midfield,left,1997-08-27,45000000,3074,4,3,7,24,2172,45000000,45000000,765,0,2,2022-08-01,45000000
444523,2023/24,Lucas Paquetá,Midfield,left,1997-08-27,65000000,2709,4,6,10,25,2639,65000000,65000000,1523,2,5,2023-08-01,65000000
444523,2024/25,Lucas Paquetá,Midfield,left,1997-08-27,28000000,2343,4,0,4,26,2385,55000000,28000000,1289,3,0,2024-08-01,40000000
444523,2025/26,Lucas Paquetá,Midfield,left,1997-08-27,32000000,1978,4,1,5,27,1522,35000000,32000000,1459,4,1,2025-08-01,35000000
445939,2025/26,Omar Marmoush,Attack,right,1999-02-07,50000000,1429,3,3,6,26,699,65000000,50000000,206,0,1,2025-08-01,65000000
447661,2019/20,Douglas Luiz,Midfield,right,1998-05-09,22000000,3621,3,2,5,21,2608,10000000,22000000,1143,2,0,2019-08-01,20000000
447661,2020/21,Douglas Luiz,Midfield,right,1998-05-09,35000000,3255,0,2,2,22,2791,27000000,35000000,1137,0,1,2020-08-01,27000000
447661,2021/22,Douglas Luiz,Midfield,right,1998-05-09,38000000,2890,2,3,5,23,2722,35000000,38000000,1145,0,3,2021-08-01,35000000
447661,2022/23,Douglas Luiz,Midfield,right,1998-05-09,40000000,2525,6,6,12,24,2932,35000000,40000000,1019,1,3,2022-08-01,35000000
447661,2023/24,Douglas Luiz,Midfield,right,1998-05-09,70000000,2160,9,5,14,25,3002,55000000,70000000,1658,6,3,2023-08-01,60000000
447661,2025/26,Douglas Luiz,Midfield,right,1998-05-09,18000000,1429,1,0,1,27,922,25000000,18000000,311,0,0,2025-08-01,25000000
447995,2024/25,Ross Stewart,Attack,right,1996-07-11,4000000,698,1,0,1,28,385,4500000,4000000,131,0,0,2024-08-01,4500000
448854,2021/22,Emmanuel Dennis,Attack,right,1997-11-15,14000000,2525,10,6,16,23,2590,8000000,14000000,1264,8,5,2021-08-01,8000000
448854,2022/23,Emmanuel Dennis,Attack,right,1997-11-15,8000000,2160,2,2,4,24,716,12000000,8000000,370,1,1,2022-08-01,12000000
450050,2023/24,Jean-Ricner Bellegarde,Midfield,right,1998-06-27,15000000,1795,2,1,3,25,957,15000000,15000000,520,2,1,2023-08-01,15000000
450050,2024/25,Jean-Ricner Bellegarde,Midfield,right,1998-06-27,18000000,1429,2,7,9,26,1684,18000000,18000000,778,1,2,2024-08-01,18000000
450050,2025/26,Jean-Ricner Bellegarde,Midfield,right,1998-06-27,16000000,1064,1,1,2,27,1250,16000000,16000000,691,1,0,2025-08-01,16000000
451276,2023/24,Dominik Szoboszlai,Midfield,right,2000-10-25,75000000,1795,3,2,5,22,2111,70000000,75000000,1531,2,2,2023-08-01,75000000
451276,2024/25,Dominik Szoboszlai,Midfield,right,2000-10-25,80000000,1429,6,7,13,23,2497,75000000,80000000,1132,2,3,2024-08-01,75000000
451276,2025/26,Dominik Szoboszlai,Midfield,right,2000-10-25,100000000,1064,6,7,13,24,3233,85000000,100000000,1523,2,1,2025-08-01,85000000
451677,2021/22,Christos Tzolis,Attack,right,2002-01-30,8000000,2890,0,0,0,19,328,10000000,8000000,282,0,0,2021-08-01,10000000
453704,2021/22,Álvaro Fernández,Goalkeeper,right,1998-04-13,4000000,2159,0,0,0,23,1080,4000000,4000000,810,0,0,2021-08-01,4000000
455661,2025/26,Nick Woltemade,Attack,right,2002-02-14,55000000,2159,8,3,11,23,1914,65000000,55000000,1182,7,1,2025-08-01,70000000
456877,2020/21,Rekeem Harper,Midfield,right,2000-03-08,2500000,1033,0,0,0,20,31,2300000,2500000,22,0,0,2020-08-01,2300000
458178,2024/25,Jack Taylor,Midfield,right,1998-06-23,3000000,1429,1,0,1,26,838,3000000,3000000,337,1,0,2024-08-01,3000000
459463,2021/22,Cucho Hernández,Attack,right,1999-04-20,9000000,3255,5,2,7,22,1141,9000000,9000000,651,2,1,2021-08-01,9000000
460939,2025/26,Tijjani Reijnders,Midfield,right,1998-07-29,50000000,1794,5,2,7,27,1636,70000000,50000000,1177,4,2,2025-08-01,65000000
461883,2023/24,Calvin Bassey,Defender,left,1999-12-31,16000000,1429,1,0,1,23,2300,16000000,16000000,1116,0,0,2023-08-01,16000000
461883,2024/25,Calvin Bassey,Defender,left,1999-12-31,25000000,1063,1,0,1,24,3074,16000000,25000000,1620,0,0,2024-08-01,16000000
461883,2025/26,Calvin Bassey,Defender,left,1999-12-31,28000000,698,1,1,2,25,2532,28000000,28000000,1358,1,0,2025-08-01,28000000
462250,2024/25,João Félix,Attack,right,1999-11-10,20000000,1063,1,1,2,24,363,30000000,20000000,348,1,1,2024-08-01,30000000
462832,2021/22,Mads Bidstrup,Midfield,right,2001-02-25,1000000,3620,0,0,0,20,36,900000,1000000,36,0,0,2021-08-01,900000
463603,2023/24,Benoît Badiashile,Defender,left,2001-03-26,30000000,2525,0,1,1,22,1338,35000000,30000000,460,0,1,2023-08-01,35000000
463603,2024/25,Benoît Badiashile,Defender,left,2001-03-26,22000000,2159,0,0,0,23,333,28000000,22000000,247,0,0,2024-08-01,28000000
463603,2025/26,Benoît Badiashile,Defender,left,2001-03-26,15000000,1794,0,0,0,24,471,20000000,15000000,246,0,0,2025-08-01,18000000
463605,2025/26,Bafodé Diakité,Defender,right,2001-01-06,25000000,1794,0,0,0,24,1275,35000000,25000000,1260,0,0,2025-08-01,35000000
465555,2023/24,Djordje Petrovic,Goalkeeper,right,1999-10-08,20000000,2525,0,0,0,23,1986,6000000,20000000,366,0,0,2023-08-01,9000000
465555,2025/26,Djordje Petrovic,Goalkeeper,right,1999-10-08,28000000,1794,0,0,0,25,3420,28000000,28000000,1710,0,0,2025-08-01,28000000
465606,2022/23,Halil Dervişoğlu,Attack,right,1999-12-08,2000000,1794,0,0,0,22,7,2500000,2000000,7,0,0,2022-08-01,2500000
465717,2020/21,Jayden Bogle,Defender,right,2000-07-27,7000000,2890,2,0,2,20,1108,6300000,7000000,36,1,0,2020-08-01,6300000
465717,2023/24,Jayden Bogle,Defender,right,2000-07-27,3800000,1795,3,0,3,23,2793,3800000,3800000,1220,1,0,2023-08-01,3800000
465717,2025/26,Jayden Bogle,Defender,right,2000-07-27,15000000,1064,1,4,5,25,2805,10000000,15000000,1579,0,2,2025-08-01,10000000
465830,2019/20,Mattéo Guendouzi,Midfield,right,1999-04-14,32000000,3986,0,2,2,20,1748,45000000,32000000,1405,0,2,2019-08-01,50000000
466794,2019/20,Eric García,Defender,right,2001-01-09,16000000,4351,0,0,0,18,790,7000000,16000000,167,0,0,2019-08-01,7000000
466794,2020/21,Eric García,Defender,right,2001-01-09,20000000,3985,0,0,0,19,380,20000000,20000000,200,0,0,2020-08-01,20000000
466805,2025/26,Nico González,Midfield,right,2002-01-03,40000000,1429,1,0,1,23,1567,45000000,40000000,1227,1,0,2025-08-01,45000000
466810,2023/24,Ansu Fati,Attack,right,2002-10-31,25000000,1064,2,0,2,20,511,30000000,25000000,287,2,0,2023-08-01,30000000
467563,2022/23,Armel Bella-Kotchap,Defender,right,2001-12-11,20000000,2890,0,2,2,20,1885,16000000,20000000,996,0,1,2022-08-01,18000000
467623,2023/24,Lyle Foster,Attack,right,2000-09-03,13000000,1795,5,3,8,22,1909,13000000,13000000,896,4,3,2023-08-01,13000000
467623,2025/26,Lyle Foster,Attack,right,2000-09-03,8000000,1064,3,2,5,24,1372,8000000,8000000,874,2,1,2025-08-01,10000000
468002,2020/21,Ben Johnson,Defender,right,2000-01-24,3000000,2890,1,0,1,20,518,2000000,3000000,141,1,0,2020-08-01,2000000
468002,2021/22,Ben Johnson,Defender,right,2000-01-24,9000000,2525,1,0,1,21,1398,3000000,9000000,758,1,0,2021-08-01,3000000
468002,2022/23,Ben Johnson,Defender,right,2000-01-24,10000000,2160,0,0,0,22,861,12000000,10000000,488,0,0,2022-08-01,12000000
468002,2023/24,Ben Johnson,Defender,right,2000-01-24,8000000,1795,0,0,0,23,539,8000000,8000000,1,0,0,2023-08-01,8000000
468002,2024/25,Ben Johnson,Defender,right,2000-01-24,8000000,1429,1,2,3,24,1349,9000000,8000000,593,0,1,2024-08-01,9000000
468066,2024/25,Jens Cajuste,Midfield,right,1999-08-10,12000000,698,1,1,2,24,1978,12000000,12000000,769,0,0,2024-08-01,12000000
468198,2022/23,Joe Aribo,Midfield,left,1996-07-21,11000000,1429,2,0,2,26,1229,15000000,11000000,1060,2,0,2022-08-01,15000000
468198,2024/25,Joe Aribo,Midfield,left,1996-07-21,6000000,698,3,0,3,28,2020,6000000,6000000,1041,2,0,2024-08-01,6000000
468249,2023/24,Vitinho,Defender,right,1999-07-23,5000000,2344,0,2,2,24,2318,5000000,5000000,1138,0,0,2023-08-01,5000000
469050,2021/22,Nathan Collins,Defender,right,2001-04-30,10000000,2890,2,0,2,20,1670,8000000,10000000,450,0,0,2021-08-01,8000000
469050,2022/23,Nathan Collins,Defender,right,2001-04-30,22000000,2525,0,0,0,21,1812,22000000,22000000,1203,0,0,2022-08-01,22000000
469050,2023/24,Nathan Collins,Defender,right,2001-04-30,25000000,2160,1,1,2,22,2650,25000000,25000000,1193,1,1,2023-08-01,25000000
469050,2024/25,Nathan Collins,Defender,right,2001-04-30,28000000,1794,2,5,7,23,3420,28000000,28000000,1620,2,2,2024-08-01,28000000
469050,2025/26,Nathan Collins,Defender,right,2001-04-30,30000000,1429,1,2,3,24,2972,35000000,30000000,1546,0,0,2025-08-01,35000000
469781,2022/23,Marcos Senesi,Defender,left,1997-05-10,22000000,2890,2,0,2,25,2495,17000000,22000000,1120,0,0,2022-08-01,17000000
469781,2023/24,Marcos Senesi,Defender,left,1997-05-10,22000000,2525,4,5,9,26,2247,20000000,22000000,1207,2,2,2023-08-01,20000000
469781,2024/25,Marcos Senesi,Defender,left,1997-05-10,22000000,2159,0,0,0,27,1107,24000000,22000000,921,0,0,2024-08-01,24000000
469781,2025/26,Marcos Senesi,Defender,left,1997-05-10,25000000,1794,0,5,5,28,3290,22000000,25000000,1580,0,3,2025-08-01,22000000
469958,2023/24,Jacob Brown,Attack,right,1998-04-10,4000000,1429,2,0,2,25,1020,4000000,4000000,1009,2,0,2023-08-01,4000000
470607,2022/23,Brennan Johnson,Attack,right,2001-05-23,38000000,2890,8,3,11,21,2941,20000000,38000000,1279,2,0,2022-08-01,20000000
470607,2023/24,Brennan Johnson,Attack,right,2001-05-23,48000000,2525,5,10,15,22,2333,48000000,48000000,1081,1,4,2023-08-01,48000000
470607,2024/25,Brennan Johnson,Attack,right,2001-05-23,40000000,2159,11,5,16,23,2179,50000000,40000000,1362,7,3,2024-08-01,50000000
470607,2025/26,Brennan Johnson,Attack,right,2001-05-23,30000000,1794,2,1,3,24,1723,35000000,30000000,606,2,0,2025-08-01,35000000
471690,2019/20,Max Aarons,Defender,right,2000-01-04,20000000,3621,0,2,2,19,3240,15000000,20000000,1620,0,0,2019-08-01,15000000
471690,2021/22,Max Aarons,Defender,right,2000-01-04,22000000,2890,0,2,2,21,2882,22000000,22000000,1620,0,1,2021-08-01,22000000
471690,2023/24,Max Aarons,Defender,right,2000-01-04,16000000,2160,0,1,1,23,1234,18000000,16000000,997,0,1,2023-08-01,18000000
471690,2024/25,Max Aarons,Defender,right,2000-01-04,6000000,1794,0,0,0,24,85,16000000,6000000,85,0,0,2024-08-01,16000000
472423,2019/20,Reece James,Defender,right,1999-12-08,22500000,4717,0,2,2,19,1513,15000000,22500000,422,0,1,2019-08-01,15000000
472423,2020/21,Reece James,Defender,right,1999-12-08,40000000,4351,1,2,3,20,2367,30000000,40000000,1083,1,2,2020-08-01,35000000
472423,2021/22,Reece James,Defender,right,1999-12-08,60000000,3986,5,9,14,21,1865,45000000,60000000,1115,4,5,2021-08-01,55000000
472423,2022/23,Reece James,Defender,right,1999-12-08,65000000,3621,1,1,2,22,1244,70000000,65000000,611,1,1,2022-08-01,70000000
472423,2023/24,Reece James,Defender,right,1999-12-08,40000000,3256,0,2,2,23,421,55000000,40000000,391,0,1,2023-08-01,50000000
472423,2024/25,Reece James,Defender,right,1999-12-08,30000000,2890,1,1,2,24,1063,35000000,30000000,241,0,0,2024-08-01,30000000
472423,2025/26,Reece James,Defender,right,1999-12-08,60000000,2525,2,5,7,25,1960,35000000,60000000,1247,2,4,2025-08-01,50000000
473050,2023/24,Kevin Schade,Attack,right,2001-11-27,22000000,1795,2,1,3,21,330,25000000,22000000,258,1,0,2023-08-01,25000000
473050,2024/25,Kevin Schade,Attack,right,2001-11-27,30000000,1429,11,2,13,22,2301,22000000,30000000,848,4,2,2024-08-01,22000000
473050,2025/26,Kevin Schade,Attack,right,2001-11-27,35000000,1064,8,4,12,23,2758,35000000,35000000,1418,6,1,2025-08-01,35000000
473169,2025/26,Brian Brobbey,Attack,right,2002-02-01,30000000,1429,7,1,8,23,1934,20000000,30000000,465,2,1,2025-08-01,20000000
474701,2021/22,Crysencio Summerville,Attack,right,2001-10-30,2000000,2890,0,0,0,19,126,2000000,2000000,119,0,0,2021-08-01,2000000
474701,2022/23,Crysencio Summerville,Attack,right,2001-10-30,15000000,2525,4,2,6,20,1415,3000000,15000000,488,4,0,2022-08-01,4000000
474701,2024/25,Crysencio Summerville,Attack,right,2001-10-30,22000000,1794,1,1,2,22,780,22000000,22000000,690,1,1,2024-08-01,22000000
474701,2025/26,Crysencio Summerville,Attack,right,2001-10-30,35000000,1429,5,4,9,23,2484,22000000,35000000,968,0,2,2025-08-01,22000000
475188,2021/22,Kiernan Dewsbury-Hall,Midfield,left,1998-09-06,8000000,3255,1,2,3,22,2105,2000000,8000000,435,0,1,2021-08-01,2000000
475188,2022/23,Kiernan Dewsbury-Hall,Midfield,left,1998-09-06,25000000,2890,2,2,4,23,2316,15000000,25000000,1319,2,2,2022-08-01,20000000
475188,2024/25,Kiernan Dewsbury-Hall,Midfield,left,1998-09-06,20000000,2159,0,1,1,25,258,28000000,20000000,55,0,0,2024-08-01,28000000
475188,2025/26,Kiernan Dewsbury-Hall,Midfield,left,1998-09-06,35000000,1794,8,6,14,26,2638,25000000,35000000,1262,4,3,2025-08-01,28000000
475411,2020/21,Wesley Fofana,Defender,right,2000-12-17,40000000,3255,0,1,1,19,2265,10000000,40000000,990,0,1,2020-08-01,27000000
475411,2022/23,Wesley Fofana,Defender,right,2000-12-17,55000000,2525,1,0,1,21,1367,65000000,55000000,360,0,0,2022-08-01,65000000
475411,2024/25,Wesley Fofana,Defender,right,2000-12-17,25000000,1794,0,0,0,23,1176,30000000,25000000,1017,0,0,2024-08-01,30000000
475411,2025/26,Wesley Fofana,Defender,right,2000-12-17,28000000,1429,0,1,1,24,1726,28000000,28000000,759,0,0,2025-08-01,28000000
475959,2023/24,Josko Gvardiol,Defender,left,2002-01-23,75000000,1795,4,2,6,21,2329,80000000,75000000,1204,0,0,2023-08-01,80000000
475959,2024/25,Josko Gvardiol,Defender,left,2002-01-23,75000000,1429,5,0,5,22,3280,75000000,75000000,1573,4,0,2024-08-01,75000000
475959,2025/26,Josko Gvardiol,Defender,left,2002-01-23,70000000,1064,2,2,4,23,1374,70000000,70000000,1220,2,2,2025-08-01,70000000
476237,2019/20,Steven Alzate,Midfield,right,1998-09-08,2300000,4170,0,0,0,20,1183,2500000,2300000,848,0,0,2019-08-01,2500000
476237,2020/21,Steven Alzate,Midfield,right,1998-09-08,6000000,3804,1,0,1,21,897,7000000,6000000,522,0,0,2020-08-01,7000000
476237,2021/22,Steven Alzate,Midfield,right,1998-09-08,5000000,3439,0,0,0,22,405,6000000,5000000,99,0,0,2021-08-01,6000000
476344,2021/22,Emerson Royal,Defender,right,1999-01-14,25000000,2709,1,1,2,22,2289,25000000,25000000,1104,0,1,2021-08-01,25000000
476344,2022/23,Emerson Royal,Defender,right,1999-01-14,20000000,2344,2,1,3,23,1736,30000000,20000000,903,0,1,2022-08-01,30000000
476344,2023/24,Emerson Royal,Defender,right,1999-01-14,18000000,1979,1,0,1,24,1155,18000000,18000000,777,1,0,2023-08-01,18000000
476352,2022/23,Renan Lodi,Defender,left,1998-04-08,20000000,3074,0,1,1,24,2220,25000000,20000000,568,0,0,2022-08-01,20000000
476701,2024/25,Manuel Ugarte,Midfield,right,2001-04-11,45000000,1794,1,2,3,23,1792,50000000,45000000,713,0,0,2024-08-01,50000000
476701,2025/26,Manuel Ugarte,Midfield,right,2001-04-11,25000000,1429,0,0,0,24,881,35000000,25000000,552,0,0,2025-08-01,30000000
477758,2019/20,Aaron Wan-Bissaka,Defender,right,1997-11-26,40000000,4351,0,4,4,21,3072,40000000,40000000,1521,0,1,2019-08-01,40000000
477758,2020/21,Aaron Wan-Bissaka,Defender,right,1997-11-26,40000000,3985,2,4,6,22,3060,40000000,40000000,1170,1,0,2020-08-01,40000000
477758,2021/22,Aaron Wan-Bissaka,Defender,right,1997-11-26,25000000,3620,0,0,0,23,1794,38000000,25000000,1260,0,0,2021-08-01,38000000
477758,2022/23,Aaron Wan-Bissaka,Defender,right,1997-11-26,25000000,3255,0,0,0,24,1436,18000000,25000000,184,0,0,2022-08-01,18000000
477758,2023/24,Aaron Wan-Bissaka,Defender,right,1997-11-26,20000000,2890,0,2,2,25,1782,20000000,20000000,795,0,1,2023-08-01,20000000
477758,2024/25,Aaron Wan-Bissaka,Defender,right,1997-11-26,24000000,2524,2,5,7,26,3155,22000000,24000000,1535,2,0,2024-08-01,22000000
477758,2025/26,Aaron Wan-Bissaka,Defender,right,1997-11-26,15000000,2159,0,3,3,27,2084,22000000,15000000,1013,0,1,2025-08-01,22000000
478573,2023/24,Ryan Gravenberch,Midfield,right,2002-05-16,35000000,3256,1,0,1,21,1121,35000000,35000000,602,0,0,2023-08-01,35000000
478573,2024/25,Ryan Gravenberch,Midfield,right,2002-05-16,75000000,2890,0,4,4,22,3169,40000000,75000000,1561,0,2,2024-08-01,55000000
478573,2025/26,Ryan Gravenberch,Midfield,right,2002-05-16,80000000,2525,5,3,8,23,2996,90000000,80000000,1412,4,2,2025-08-01,90000000
479999,2020/21,Eberechi Eze,Midfield,right,1998-06-29,20000000,3255,4,6,10,22,2563,18000000,20000000,912,1,2,2020-08-01,18000000
479999,2021/22,Eberechi Eze,Midfield,right,1998-06-29,22000000,2890,1,1,2,23,602,20000000,22000000,36,0,0,2021-08-01,20000000
479999,2022/23,Eberechi Eze,Midfield,right,1998-06-29,40000000,2525,10,4,14,24,2645,25000000,40000000,1283,3,3,2022-08-01,30000000
479999,2023/24,Eberechi Eze,Midfield,right,1998-06-29,55000000,2160,11,4,15,25,2066,48000000,55000000,996,3,1,2023-08-01,48000000
479999,2024/25,Eberechi Eze,Midfield,right,1998-06-29,55000000,1794,8,8,16,26,2603,60000000,55000000,1257,2,2,2024-08-01,55000000
479999,2025/26,Eberechi Eze,Midfield,right,1998-06-29,65000000,1429,7,2,9,27,1900,65000000,65000000,1000,4,2,2025-08-01,65000000
480116,2022/23,Lloyd Kelly,Defender,left,1998-10-06,18000000,2525,0,2,2,23,2041,15000000,18000000,630,0,2,2022-08-01,15000000
480116,2023/24,Lloyd Kelly,Defender,left,1998-10-06,18000000,2160,0,1,1,24,1556,16000000,18000000,682,0,0,2023-08-01,16000000
480116,2024/25,Lloyd Kelly,Defender,left,1998-10-06,16000000,1794,0,1,1,25,301,18000000,16000000,297,0,1,2024-08-01,18000000
480692,2022/23,Luis Díaz,Attack,right,1997-01-13,75000000,2525,4,2,6,25,997,75000000,75000000,615,3,2,2022-08-01,75000000
480692,2023/24,Luis Díaz,Attack,right,1997-01-13,75000000,2160,8,5,13,26,2646,75000000,75000000,1097,3,1,2023-08-01,75000000
480692,2024/25,Luis Díaz,Attack,right,1997-01-13,70000000,1794,13,7,20,27,2413,80000000,70000000,1060,8,3,2024-08-01,85000000
480762,2022/23,Lisandro Martínez,Defender,left,1998-01-18,50000000,1794,1,0,1,24,2117,50000000,50000000,1205,0,0,2022-08-01,50000000
480762,2023/24,Lisandro Martínez,Defender,left,1998-01-18,50000000,1429,0,1,1,25,648,50000000,50000000,377,0,1,2023-08-01,50000000
480762,2024/25,Lisandro Martínez,Defender,left,1998-01-18,40000000,1063,2,1,3,26,1754,50000000,40000000,1402,0,1,2024-08-01,50000000
480762,2025/26,Lisandro Martínez,Defender,left,1998-01-18,40000000,698,0,0,0,27,1231,35000000,40000000,275,0,0,2025-08-01,35000000
480763,2019/20,Juan Foyth,Defender,right,1998-01-12,13500000,3621,0,0,0,21,66,15000000,13500000,66,0,0,2019-08-01,15000000
480987,2019/20,Chris Mepham,Defender,right,1997-11-05,8000000,3256,1,0,1,21,911,10000000,8000000,811,1,0,2019-08-01,10000000
480987,2022/23,Chris Mepham,Defender,right,1997-11-05,8000000,2160,0,0,0,24,2198,6000000,8000000,1252,0,0,2022-08-01,6000000
480987,2023/24,Chris Mepham,Defender,right,1997-11-05,6000000,1795,0,1,1,25,613,7000000,6000000,175,0,0,2023-08-01,7000000
483348,2022/23,Djed Spence,Defender,right,2000-08-09,10000000,2525,0,0,0,21,5,13000000,10000000,3,0,0,2022-08-01,13000000
483348,2024/25,Djed Spence,Defender,right,2000-08-09,20000000,1794,1,2,3,23,1791,8000000,20000000,321,0,1,2024-08-01,8000000
483348,2025/26,Djed Spence,Defender,right,2000-08-09,30000000,1429,0,0,0,24,2056,30000000,30000000,1168,0,0,2025-08-01,32000000
484387,2020/21,Matty Longstaff,Midfield,right,2000-03-21,5000000,2343,0,0,0,20,377,5000000,5000000,209,0,0,2020-08-01,5000000
484547,2025/26,Jeremie Frimpong,Defender,right,2000-12-10,35000000,1794,0,2,2,24,1040,45000000,35000000,204,0,1,2025-08-01,38000000
484551,2021/22,Taylor Richards,Midfield,left,2000-12-04,400000,1794,0,0,0,20,23,400000,400000,23,0,0,2021-08-01,400000
485424,2019/20,Moussa Djenepo,Attack,right,1998-06-15,11000000,2890,2,2,4,21,925,12000000,11000000,585,2,1,2019-08-01,12000000
485424,2020/21,Moussa Djenepo,Attack,right,1998-06-15,13000000,2524,1,0,1,22,1238,13000000,13000000,670,1,0,2020-08-01,13000000
485424,2021/22,Moussa Djenepo,Attack,right,1998-06-15,10000000,2159,0,0,0,23,455,11000000,10000000,430,0,0,2021-08-01,11000000
485424,2022/23,Moussa Djenepo,Attack,right,1998-06-15,8000000,1794,0,2,2,24,705,13000000,8000000,569,0,1,2022-08-01,10000000
485583,2020/21,Ki-Jana Hoever,Defender,right,2002-01-18,7000000,2524,0,0,0,18,574,7000000,7000000,119,0,0,2020-08-01,7000000
485583,2021/22,Ki-Jana Hoever,Defender,right,2002-01-18,6000000,2159,0,0,0,19,307,7000000,6000000,192,0,0,2021-08-01,7000000
485583,2025/26,Ki-Jana Hoever,Defender,right,2002-01-18,3500000,698,0,0,0,23,428,5000000,3500000,428,0,0,2025-08-01,5000000
485585,2023/24,Ian Maatsen,Defender,left,2002-03-10,40000000,2525,0,0,0,21,201,20000000,40000000,201,0,0,2023-08-01,20000000
485585,2024/25,Ian Maatsen,Defender,left,2002-03-10,28000000,2159,1,2,3,22,1127,32000000,28000000,290,0,0,2024-08-01,32000000
485585,2025/26,Ian Maatsen,Defender,left,2002-03-10,30000000,1794,0,2,2,23,1599,25000000,30000000,608,0,1,2025-08-01,25000000
485706,2022/23,Amadou Onana,Midfield,right,2001-08-16,45000000,2525,1,2,3,20,2496,30000000,45000000,1218,0,1,2022-08-01,35000000
485706,2023/24,Amadou Onana,Midfield,right,2001-08-16,50000000,2160,2,0,2,21,2090,50000000,50000000,1316,1,0,2023-08-01,50000000
485706,2024/25,Amadou Onana,Midfield,right,2001-08-16,50000000,1794,3,0,3,22,1624,55000000,50000000,912,2,0,2024-08-01,55000000
485706,2025/26,Amadou Onana,Midfield,right,2001-08-16,45000000,1429,2,0,2,23,1764,42000000,45000000,892,2,0,2025-08-01,42000000
486049,2023/24,Jérémy Doku,Attack,right,2002-05-27,65000000,1795,3,10,13,21,1594,60000000,65000000,698,2,5,2023-08-01,65000000
486049,2024/25,Jérémy Doku,Attack,right,2002-05-27,50000000,1429,3,6,9,22,1514,60000000,50000000,699,2,3,2024-08-01,60000000
486049,2025/26,Jérémy Doku,Attack,right,2002-05-27,75000000,1064,5,7,12,23,1786,55000000,75000000,943,1,5,2025-08-01,65000000
486604,2024/25,Vitezslav Jaros,Goalkeeper,right,2001-07-23,4000000,1429,0,0,0,23,11,5000000,4000000,11,0,0,2024-08-01,5000000
487465,2019/20,Pedro Neto,Attack,left,2000-03-09,15000000,4351,3,3,6,19,927,7000000,15000000,288,0,2,2019-08-01,7000000
487465,2020/21,Pedro Neto,Attack,left,2000-03-09,35000000,3985,5,6,11,20,2560,22000000,35000000,1270,4,3,2020-08-01,27000000
487465,2022/23,Pedro Neto,Attack,left,2000-03-09,28000000,3255,0,1,1,22,970,38000000,28000000,606,0,0,2022-08-01,32000000
487465,2023/24,Pedro Neto,Attack,left,2000-03-09,55000000,2890,2,9,11,23,1519,32000000,55000000,897,1,7,2023-08-01,42000000
487465,2024/25,Pedro Neto,Attack,left,2000-03-09,50000000,2524,4,6,10,24,2269,55000000,50000000,911,1,2,2024-08-01,55000000
487465,2025/26,Pedro Neto,Attack,left,2000-03-09,60000000,2159,5,6,11,25,2643,55000000,60000000,1467,5,3,2025-08-01,60000000
487469,2020/21,Vitinha,Midfield,right,2000-02-13,7000000,3255,0,1,1,20,513,5000000,7000000,108,0,1,2020-08-01,5000000
487969,2025/26,Randal Kolo Muani,Attack,right,1998-12-05,20000000,1064,1,1,2,26,1669,25000000,20000000,679,0,0,2025-08-01,25000000
488362,2020/21,Conor Gallagher,Midfield,right,2000-02-06,15000000,3985,2,2,4,20,2532,5400000,15000000,1070,2,0,2020-08-01,10000000
488362,2022/23,Conor Gallagher,Midfield,right,2000-02-06,32000000,3255,3,1,4,22,1616,30000000,32000000,508,1,1,2022-08-01,32000000
488362,2023/24,Conor Gallagher,Midfield,right,2000-02-06,50000000,2890,5,7,12,23,3136,40000000,50000000,1601,0,4,2023-08-01,42000000
488656,2022/23,Siriki Dembélé,Attack,right,1996-09-07,2000000,1064,0,0,0,25,104,2500000,2000000,64,0,0,2022-08-01,2500000
488935,2024/25,Hákon Valdimarsson,Goalkeeper,right,2001-10-13,2500000,2159,0,0,0,22,144,2500000,2500000,54,0,0,2024-08-01,2500000
489359,2025/26,Ao Tanaka,Midfield,right,1998-09-10,13000000,1064,2,0,2,26,1318,10000000,13000000,698,2,0,2025-08-01,10000000
491296,2023/24,Anass Zaroury,Attack,right,2000-11-07,9000000,2160,0,0,0,22,149,9000000,9000000,135,0,0,2023-08-01,9000000
493003,2024/25,Daniel Muñoz,Defender,right,1996-05-26,25000000,1429,4,6,10,28,3232,25000000,25000000,1536,2,2,2024-08-01,25000000
493003,2025/26,Daniel Muñoz,Defender,right,1996-05-26,22000000,1064,4,3,7,29,2404,27000000,22000000,1260,3,2,2025-08-01,27000000
494237,2025/26,Wilson Isidor,Attack,right,2000-08-27,18000000,1064,6,0,6,24,1159,15000000,18000000,948,4,0,2025-08-01,18000000
494880,2024/25,Jorge Cuenca,Defender,left,1999-11-17,5000000,1429,0,0,0,24,350,6000000,5000000,93,0,0,2024-08-01,6000000
494880,2025/26,Jorge Cuenca,Defender,left,1999-11-17,8000000,1064,0,0,0,25,938,4000000,8000000,350,0,0,2025-08-01,4000000
495666,2022/23,William Saliba,Defender,right,2001-03-24,65000000,2890,2,1,3,21,2416,40000000,65000000,1426,2,1,2022-08-01,50000000
495666,2023/24,William Saliba,Defender,right,2001-03-24,80000000,2525,2,1,3,22,3420,70000000,80000000,1800,1,1,2023-08-01,75000000
495666,2024/25,William Saliba,Defender,right,2001-03-24,80000000,2159,2,0,2,23,3041,80000000,80000000,1470,2,0,2024-08-01,80000000
495666,2025/26,William Saliba,Defender,right,2001-03-24,100000000,1794,1,0,1,24,2615,90000000,100000000,1175,0,0,2025-08-01,90000000
497291,2023/24,Nicolás Domínguez,Midfield,right,1998-06-28,17000000,1795,2,2,4,25,1503,17000000,17000000,743,2,0,2023-08-01,17000000
497291,2024/25,Nicolás Domínguez,Midfield,right,1998-06-28,18000000,1429,0,1,1,26,1971,17000000,18000000,896,0,0,2024-08-01,17000000
497291,2025/26,Nicolás Domínguez,Midfield,right,1998-06-28,15000000,1064,1,1,2,27,1177,16000000,15000000,395,0,0,2025-08-01,16000000
500689,2025/26,Evann Guessand,Attack,right,2001-07-01,25000000,1794,1,1,2,24,916,30000000,25000000,516,0,0,2025-08-01,28000000
502676,2025/26,Giorgi Mamardashvili,Goalkeeper,left,2000-09-29,28000000,2159,0,0,0,24,868,28000000,28000000,450,0,0,2025-08-01,28000000
502821,2024/25,Riccardo Calafiori,Defender,left,2002-05-19,35000000,1794,2,1,3,22,985,45000000,35000000,541,1,1,2024-08-01,45000000
502821,2025/26,Riccardo Calafiori,Defender,left,2002-05-19,55000000,1429,1,2,3,23,1708,40000000,55000000,1264,1,2,2025-08-01,50000000
503680,2020/21,Neco Williams,Defender,right,2001-04-13,8000000,3255,0,0,0,19,249,4000000,8000000,172,0,0,2020-08-01,10000000
503680,2021/22,Neco Williams,Defender,right,2001-04-13,8000000,2890,0,1,1,20,7,8000000,8000000,7,0,1,2021-08-01,8000000
503680,2022/23,Neco Williams,Defender,right,2001-04-13,20000000,2525,1,0,1,21,1876,15000000,20000000,1094,0,0,2022-08-01,18000000
503680,2023/24,Neco Williams,Defender,right,2001-04-13,17000000,2160,0,1,1,22,1634,17000000,17000000,428,0,1,2023-08-01,17000000
503680,2024/25,Neco Williams,Defender,right,2001-04-13,20000000,1794,1,3,4,23,2592,17000000,20000000,905,0,1,2024-08-01,17000000
503680,2025/26,Neco Williams,Defender,right,2001-04-13,28000000,1429,2,3,5,24,3206,24000000,28000000,1710,1,1,2025-08-01,25000000
503686,2025/26,Dan Ballard,Defender,right,1999-09-22,20000000,1429,2,2,4,25,2148,10000000,20000000,1120,2,1,2025-08-01,16000000
503733,2020/21,Anthony Gordon,Attack,right,2001-02-24,5000000,3985,0,0,0,19,88,5000000,5000000,88,0,0,2020-08-01,5000000
503733,2021/22,Anthony Gordon,Attack,right,2001-02-24,20000000,3620,4,2,6,20,2286,8000000,20000000,698,0,1,2021-08-01,8000000
503733,2022/23,Anthony Gordon,Attack,right,2001-02-24,38000000,3255,4,0,4,21,1578,40000000,38000000,1076,3,0,2022-08-01,40000000
503733,2023/24,Anthony Gordon,Attack,right,2001-02-24,60000000,2890,11,10,21,22,2906,45000000,60000000,1492,6,4,2023-08-01,50000000
503733,2024/25,Anthony Gordon,Attack,right,2001-02-24,65000000,2524,6,6,12,23,2446,60000000,65000000,1447,4,5,2024-08-01,60000000
503733,2025/26,Anthony Gordon,Attack,right,2001-02-24,65000000,2159,6,2,8,24,1814,60000000,65000000,863,2,1,2025-08-01,60000000
503743,2024/25,Morgan Rogers,Midfield,right,2002-07-26,55000000,2524,8,11,19,22,3131,22000000,55000000,1567,6,4,2024-08-01,40000000
503743,2025/26,Morgan Rogers,Midfield,right,2002-07-26,90000000,2159,10,7,17,23,3285,65000000,90000000,1690,7,3,2025-08-01,70000000
503749,2020/21,Jacob Ramsey,Midfield,right,2001-05-28,5000000,3620,0,0,0,19,615,1500000,5000000,112,0,0,2020-08-01,1500000
503749,2021/22,Jacob Ramsey,Midfield,right,2001-05-28,25000000,3255,6,1,7,20,2479,8000000,25000000,1005,2,0,2021-08-01,15000000
503749,2022/23,Jacob Ramsey,Midfield,right,2001-05-28,42000000,2890,6,7,13,21,2646,28000000,42000000,1026,2,2,2022-08-01,28000000
503749,2023/24,Jacob Ramsey,Midfield,right,2001-05-28,35000000,2525,1,1,2,22,851,42000000,35000000,480,1,0,2023-08-01,42000000
503749,2024/25,Jacob Ramsey,Midfield,right,2001-05-28,32000000,2159,1,5,6,23,1628,32000000,32000000,649,0,2,2024-08-01,32000000
503749,2025/26,Jacob Ramsey,Midfield,right,2001-05-28,35000000,1794,2,3,5,24,1445,40000000,35000000,466,0,0,2025-08-01,35000000
503795,2021/22,Jeremy Ngakia,Defender,right,2000-09-07,3500000,2159,0,0,0,20,900,4000000,3500000,489,0,0,2021-08-01,4000000
503883,2025/26,Senne Lammens,Goalkeeper,right,2002-07-07,35000000,1794,0,0,0,23,2880,20000000,35000000,1170,0,0,2025-08-01,25000000
503975,2022/23,Joe Hodge,Midfield,right,2002-09-14,2000000,2525,0,0,0,19,173,500000,2000000,137,0,0,2022-08-01,500000
503977,2024/25,Taylor Harwood-Bellis,Defender,right,2002-01-30,22000000,1429,1,0,1,22,2828,25000000,22000000,1491,1,0,2024-08-01,25000000
503980,2021/22,Joe Gelhardt,Attack,left,2002-05-04,6000000,2159,2,4,6,19,736,3000000,6000000,270,1,2,2021-08-01,3000000
503980,2022/23,Joe Gelhardt,Attack,left,2002-05-04,8000000,1794,0,2,2,20,202,8000000,8000000,188,0,1,2022-08-01,8000000
503981,2021/22,Tino Livramento,Defender,right,2002-11-12,25000000,2525,1,2,3,18,2203,5000000,25000000,1616,1,1,2021-08-01,18000000
503981,2023/24,Tino Livramento,Defender,right,2002-11-12,35000000,1795,1,0,1,20,1306,30000000,35000000,608,0,0,2023-08-01,35000000
503981,2024/25,Tino Livramento,Defender,right,2002-11-12,40000000,1429,0,1,1,21,2843,35000000,40000000,1230,0,0,2024-08-01,35000000
503981,2025/26,Tino Livramento,Defender,right,2002-11-12,45000000,1064,0,1,1,22,1328,40000000,45000000,977,0,1,2025-08-01,40000000
503987,2023/24,Noni Madueke,Attack,left,2002-03-10,28000000,2525,5,2,7,21,1053,25000000,28000000,230,2,0,2023-08-01,25000000
503987,2024/25,Noni Madueke,Attack,left,2002-03-10,40000000,2159,7,4,11,22,2047,35000000,40000000,1123,5,3,2024-08-01,40000000
503987,2025/26,Noni Madueke,Attack,left,2002-03-10,50000000,1794,3,1,4,23,1217,50000000,50000000,430,0,0,2025-08-01,50000000
503990,2024/25,Nathan Wood,Defender,right,2002-05-31,3500000,1429,0,0,0,22,772,3800000,3500000,525,0,0,2024-08-01,3800000
504581,2023/24,Ryan Giles,Defender,left,2000-01-26,4500000,1429,0,0,0,23,501,6000000,4500000,501,0,0,2023-08-01,4500000
504849,2022/23,Kaoru Mitoma,Attack,right,1997-05-20,32000000,1794,7,6,13,25,2318,3000000,32000000,490,2,1,2022-08-01,8500000
504849,2023/24,Kaoru Mitoma,Attack,right,1997-05-20,45000000,1429,3,4,7,26,1488,50000000,45000000,1322,3,4,2023-08-01,50000000
504849,2024/25,Kaoru Mitoma,Attack,right,1997-05-20,40000000,1063,10,4,14,27,2609,45000000,40000000,1553,3,2,2024-08-01,45000000
504849,2025/26,Kaoru Mitoma,Attack,right,1997-05-20,22000000,698,3,1,4,28,1722,35000000,22000000,594,1,1,2025-08-01,30000000
505194,2020/21,Luke Thomas,Defender,left,2001-06-10,5000000,3255,1,0,1,19,970,1000000,5000000,270,0,0,2020-08-01,2500000
505194,2021/22,Luke Thomas,Defender,left,2001-06-10,12000000,2890,0,1,1,20,1912,8000000,12000000,900,0,1,2021-08-01,8000000
505194,2022/23,Luke Thomas,Defender,left,2001-06-10,12000000,2525,0,0,0,21,1071,10000000,12000000,452,0,0,2022-08-01,10000000
505194,2023/24,Luke Thomas,Defender,left,2001-06-10,6000000,2160,0,0,0,22,919,10000000,6000000,919,0,0,2023-08-01,10000000
505194,2024/25,Luke Thomas,Defender,left,2001-06-10,6000000,1794,0,0,0,23,1113,6000000,6000000,90,0,0,2024-08-01,6000000
505219,2019/20,James Garner,Midfield,right,2001-03-13,2700000,3986,0,0,0,18,8,3000000,2700000,8,0,0,2019-08-01,3000000
505219,2022/23,James Garner,Midfield,right,2001-03-13,16000000,2890,0,1,1,21,796,11000000,16000000,137,0,0,2022-08-01,14000000
505219,2023/24,James Garner,Midfield,right,2001-03-13,22000000,2525,1,2,3,22,3005,20000000,22000000,1608,1,1,2023-08-01,20000000
505219,2024/25,James Garner,Midfield,right,2001-03-13,18000000,2159,0,1,1,23,1595,20000000,18000000,251,0,0,2024-08-01,20000000
505219,2025/26,James Garner,Midfield,right,2001-03-13,45000000,1794,2,7,9,24,3414,22000000,45000000,1704,2,3,2025-08-01,25000000
505653,2020/21,Fábio Silva,Attack,right,2002-07-19,25000000,3620,4,3,7,18,1356,12000000,25000000,436,1,0,2020-08-01,25000000
505653,2021/22,Fábio Silva,Attack,right,2002-07-19,15000000,3255,0,0,0,19,564,22000000,15000000,37,0,0,2021-08-01,22000000
505653,2023/24,Fábio Silva,Attack,right,2002-07-19,11000000,2525,0,0,0,21,262,15000000,11000000,262,0,0,2023-08-01,13000000
506189,2022/23,Flynn Downes,Midfield,right,1999-01-20,9000000,2160,0,0,0,23,757,8000000,9000000,267,0,0,2022-08-01,8000000
506189,2024/25,Flynn Downes,Midfield,right,1999-01-20,13000000,1429,1,0,1,25,2155,13000000,13000000,1373,1,0,2024-08-01,15000000
511815,2020/21,Owen Otasowie,Midfield,right,2001-01-06,1500000,1794,0,1,1,19,187,1500000,1500000,112,0,1,2020-08-01,1500000
512385,2022/23,Luis Sinisterra,Attack,right,1999-06-17,22000000,2344,5,0,5,23,876,22000000,22000000,456,2,0,2022-08-01,22000000
512385,2023/24,Luis Sinisterra,Attack,right,1999-06-17,17000000,1979,2,2,4,24,691,20000000,17000000,360,2,1,2023-08-01,17000000
512385,2024/25,Luis Sinisterra,Attack,right,1999-06-17,15000000,1613,1,1,2,25,230,17000000,15000000,204,1,1,2024-08-01,17000000
513245,2024/25,Jesper Lindstrøm,Attack,right,2000-02-29,18000000,1429,0,1,1,24,1241,20000000,18000000,588,0,0,2024-08-01,20000000
513970,2024/25,Julián Araujo,Defender,right,2001-08-13,10000000,1794,0,0,0,22,498,10000000,10000000,356,0,0,2024-08-01,10000000
514285,2025/26,Quilindschy Hartman,Defender,left,2001-11-14,16000000,698,0,5,5,23,1830,18000000,16000000,1339,0,4,2025-08-01,18000000
515544,2025/26,Trai Hume,Defender,right,2002-03-18,22000000,1794,2,1,3,23,3039,15000000,22000000,1474,0,1,2025-08-01,18000000
517894,2023/24,Matheus Cunha,Attack,right,1999-05-27,45000000,2525,12,7,19,24,2454,28000000,45000000,1684,6,5,2023-08-01,32000000
517894,2024/25,Matheus Cunha,Attack,right,1999-05-27,60000000,2159,15,6,21,25,2603,50000000,60000000,1563,10,4,2024-08-01,50000000
517894,2025/26,Matheus Cunha,Attack,right,1999-05-27,75000000,1794,10,4,14,26,2503,70000000,75000000,1211,3,1,2025-08-01,70000000
520624,2022/23,Bruno Guimarães,Midfield,right,1997-11-16,70000000,2160,4,5,9,24,2734,50000000,70000000,1179,3,3,2022-08-01,60000000
520624,2023/24,Bruno Guimarães,Midfield,right,1997-11-16,85000000,1795,7,8,15,25,3269,85000000,85000000,1585,1,2,2023-08-01,85000000
520624,2024/25,Bruno Guimarães,Midfield,right,1997-11-16,80000000,1429,5,6,11,26,3287,80000000,80000000,1661,1,4,2024-08-01,80000000
520624,2025/26,Bruno Guimarães,Midfield,right,1997-11-16,70000000,1064,9,6,15,27,2460,75000000,70000000,1571,6,3,2025-08-01,75000000
521964,2025/26,Malick Thiaw,Defender,right,2001-08-08,45000000,1429,4,0,4,23,2964,30000000,45000000,1353,2,0,2025-08-01,40000000
525247,2019/20,Maximilian Kilman,Defender,left,1997-05-23,800000,4351,0,0,0,22,184,1000000,800000,180,0,0,2019-08-01,1000000
525247,2020/21,Maximilian Kilman,Defender,left,1997-05-23,4500000,3985,0,1,1,23,1307,1500000,4500000,732,0,1,2020-08-01,4500000
525247,2021/22,Maximilian Kilman,Defender,left,1997-05-23,16000000,3620,1,0,1,24,2689,9000000,16000000,1620,1,0,2021-08-01,9000000
525247,2022/23,Maximilian Kilman,Defender,left,1997-05-23,30000000,3255,0,0,0,25,3308,20000000,30000000,1530,0,0,2022-08-01,20000000
525247,2023/24,Maximilian Kilman,Defender,left,1997-05-23,32000000,2890,2,0,2,26,3420,35000000,32000000,1800,1,0,2023-08-01,35000000
525247,2024/25,Maximilian Kilman,Defender,left,1997-05-23,25000000,2524,0,2,2,27,3349,38000000,25000000,1639,0,2,2024-08-01,35000000
525247,2025/26,Maximilian Kilman,Defender,left,1997-05-23,13000000,2159,0,0,0,28,1558,22000000,13000000,1443,0,0,2025-08-01,22000000
525287,2020/21,Carlos Vinícius,Attack,left,1995-03-25,18000000,2343,1,0,1,25,305,20000000,18000000,12,0,0,2020-08-01,20000000
525287,2022/23,Carlos Vinícius,Attack,left,1995-03-25,6000000,1613,5,2,7,27,1101,6000000,6000000,329,0,0,2022-08-01,5000000
525287,2023/24,Carlos Vinícius,Attack,left,1995-03-25,4000000,1248,2,0,2,28,306,6000000,4000000,306,2,0,2023-08-01,6000000
525287,2024/25,Carlos Vinícius,Attack,left,1995-03-25,3500000,882,0,0,0,29,13,4000000,3500000,3,0,0,2024-08-01,4000000
527425,2024/25,Luke Woolfenden,Defender,right,1998-10-21,2000000,1429,0,0,0,25,1187,2000000,2000000,557,0,0,2024-08-01,2000000
528888,2022/23,Tyrese Francois,Midfield,left,2000-07-16,500000,1429,0,0,0,22,1,500000,500000,1,0,0,2022-08-01,500000
528892,2024/25,Harry Clarke,Defender,right,2001-03-02,4500000,698,0,0,0,23,378,5000000,4500000,378,0,0,2024-08-01,5000000
531957,2021/22,Cody Drameh,Defender,right,2001-12-08,3000000,1064,0,0,0,19,126,1000000,3000000,126,0,0,2021-08-01,1000000
531957,2022/23,Cody Drameh,Defender,right,2001-12-08,3500000,699,0,0,0,20,70,3000000,3500000,70,0,0,2022-08-01,3000000
532178,2021/22,Sam Greenwood,Midfield,right,2002-01-26,2500000,3255,0,2,2,19,232,500000,2500000,12,0,0,2021-08-01,500000
532178,2022/23,Sam Greenwood,Midfield,right,2002-01-26,5000000,2890,1,2,3,20,411,3000000,5000000,275,1,2,2022-08-01,4000000
532776,2025/26,Amine Adli,Attack,left,2000-05-10,20000000,1794,3,2,5,25,1082,20000000,20000000,406,1,0,2025-08-01,20000000
532826,2019/20,Mason Greenwood,Attack,both,2001-10-01,45000000,3621,10,1,11,17,1313,7000000,45000000,365,3,0,2019-08-01,20000000
532826,2020/21,Mason Greenwood,Attack,both,2001-10-01,50000000,3255,7,2,9,18,1826,50000000,50000000,625,1,0,2020-08-01,50000000
532826,2021/22,Mason Greenwood,Attack,both,2001-10-01,50000000,2890,5,1,6,19,1278,50000000,50000000,976,4,1,2021-08-01,50000000
533662,2021/22,Cameron Archer,Attack,right,2001-12-09,6000000,2525,0,0,0,19,24,300000,6000000,24,0,0,2021-08-01,500000
533662,2022/23,Cameron Archer,Attack,right,2001-12-09,12000000,2160,0,0,0,20,44,8000000,12000000,44,0,0,2022-08-01,8000000
533662,2023/24,Cameron Archer,Attack,right,2001-12-09,13000000,1795,4,1,5,21,1840,18000000,13000000,1323,3,0,2023-08-01,18000000
533662,2024/25,Cameron Archer,Attack,right,2001-12-09,12000000,1429,2,0,2,22,1433,14000000,12000000,923,2,0,2024-08-01,14000000
534033,2020/21,Alexis Mac Allister,Midfield,right,1998-12-24,10000000,2890,1,1,2,21,1115,11000000,10000000,128,1,0,2020-08-01,11000000
534033,2021/22,Alexis Mac Allister,Midfield,right,1998-12-24,16000000,2525,5,2,7,22,2115,10000000,16000000,481,2,1,2021-08-01,10000000
534033,2022/23,Alexis Mac Allister,Midfield,right,1998-12-24,65000000,2160,10,2,12,23,2886,25000000,65000000,1257,5,0,2022-08-01,42000000
534033,2023/24,Alexis Mac Allister,Midfield,right,1998-12-24,75000000,1795,5,5,10,24,2612,65000000,75000000,1094,1,1,2023-08-01,65000000
534033,2024/25,Alexis Mac Allister,Midfield,right,1998-12-24,100000000,1429,5,5,10,25,2609,80000000,100000000,1237,1,2,2024-08-01,80000000
534033,2025/26,Alexis Mac Allister,Midfield,right,1998-12-24,70000000,1064,2,4,6,26,2663,85000000,70000000,1190,0,2,2025-08-01,85000000
534700,2020/21,Jamie Shackleton,Midfield,right,1999-10-08,2500000,1429,0,0,0,20,455,2300000,2500000,270,0,0,2020-08-01,2300000
534700,2021/22,Jamie Shackleton,Midfield,right,1999-10-08,2500000,1064,0,0,0,21,707,3000000,2500000,629,0,0,2021-08-01,3000000
535955,2021/22,Nuno Tavares,Defender,left,2000-01-26,15000000,2890,1,1,2,21,1171,13000000,15000000,619,0,1,2021-08-01,13000000
535955,2023/24,Nuno Tavares,Defender,left,2000-01-26,15000000,2160,0,0,0,23,455,16000000,15000000,94,0,0,2023-08-01,16000000
536507,2022/23,Giulian Biancone,Defender,right,2000-03-31,6000000,2525,0,0,0,22,16,8000000,6000000,16,0,0,2022-08-01,7000000
536835,2023/24,Amad Diallo,Attack,left,2002-07-11,18000000,2525,1,1,2,21,388,18000000,18000000,36,0,0,2023-08-01,18000000
536835,2024/25,Amad Diallo,Attack,left,2002-07-11,45000000,2159,8,8,16,22,1903,22000000,45000000,1145,2,7,2024-08-01,25000000
536835,2025/26,Amad Diallo,Attack,left,2002-07-11,45000000,1794,2,4,6,23,2346,40000000,45000000,1206,2,3,2025-08-01,50000000
537382,2021/22,Bryan Gil,Attack,left,2001-02-11,18000000,3255,0,0,0,20,87,28000000,18000000,85,0,0,2021-08-01,28000000
537382,2022/23,Bryan Gil,Attack,left,2001-02-11,15000000,2890,0,1,1,21,148,12000000,15000000,6,0,0,2022-08-01,12000000
537382,2023/24,Bryan Gil,Attack,left,2001-02-11,14000000,2525,0,0,0,22,201,16000000,14000000,175,0,0,2023-08-01,16000000
537598,2022/23,Fábio Vieira,Midfield,left,2000-05-30,25000000,1794,1,2,3,22,501,30000000,25000000,244,1,1,2022-08-01,30000000
537598,2023/24,Fábio Vieira,Midfield,left,2000-05-30,22000000,1429,1,2,3,23,292,28000000,22000000,238,1,2,2023-08-01,28000000
537860,2023/24,Mykhaylo Mudryk,Attack,right,2001-01-05,35000000,2890,5,2,7,22,1579,45000000,35000000,807,3,1,2023-08-01,40000000
537860,2024/25,Mykhaylo Mudryk,Attack,right,2001-01-05,18000000,2524,0,0,0,23,146,30000000,18000000,146,0,0,2024-08-01,30000000
538971,2023/24,Naouirou Ahamada,Midfield,right,2002-03-29,8000000,1429,0,0,0,21,331,8000000,8000000,123,0,0,2023-08-01,8000000
538977,2024/25,Georginio Rutter,Attack,left,2002-04-20,32000000,1429,5,3,8,22,1666,28000000,32000000,1044,2,2,2024-08-01,32000000
538977,2025/26,Georginio Rutter,Attack,left,2002-04-20,30000000,1064,3,4,7,23,1791,32000000,30000000,1200,1,3,2025-08-01,32000000
540664,2025/26,Dilane Bakwa,Attack,left,2002-08-26,28000000,1794,0,2,2,22,552,35000000,28000000,190,0,0,2025-08-01,32000000
540941,2022/23,Mikkel Damsgaard,Midfield,right,2000-07-03,13000000,2890,0,0,0,22,979,15000000,13000000,260,0,0,2022-08-01,15000000
540941,2023/24,Mikkel Damsgaard,Midfield,right,2000-07-03,10000000,2525,0,2,2,23,836,10000000,10000000,234,0,0,2023-08-01,10000000
540941,2024/25,Mikkel Damsgaard,Midfield,right,2000-07-03,28000000,2159,2,11,13,24,2930,15000000,28000000,1286,2,5,2024-08-01,15000000
540941,2025/26,Mikkel Damsgaard,Midfield,right,2000-07-03,30000000,1794,4,4,8,25,2058,30000000,30000000,1050,1,3,2025-08-01,30000000
541231,2024/25,Sepp van den Berg,Defender,right,2001-12-20,22000000,1794,0,1,1,22,2588,18000000,22000000,1175,0,0,2024-08-01,18000000
541231,2025/26,Sepp van den Berg,Defender,right,2001-12-20,32000000,1429,0,2,2,23,2761,25000000,32000000,1530,0,0,2025-08-01,28000000
541628,2025/26,Oliver Sonne,Defender,right,2000-11-10,4000000,1429,1,0,1,24,165,4000000,4000000,129,1,0,2025-08-01,4000000
542586,2020/21,Illan Meslier,Goalkeeper,left,2000-03-02,20000000,2890,0,0,0,20,3150,8000000,20000000,1440,0,0,2020-08-01,12000000
542586,2021/22,Illan Meslier,Goalkeeper,left,2000-03-02,20000000,2525,0,0,0,21,3385,20000000,20000000,1620,0,0,2021-08-01,20000000
542586,2022/23,Illan Meslier,Goalkeeper,left,2000-03-02,20000000,2160,0,0,0,22,3060,22000000,20000000,1440,0,0,2022-08-01,22000000
543164,2023/24,Rhys Norrington-Davies,Defender,left,1999-04-22,2500000,1064,0,0,0,24,111,2500000,2500000,1,0,0,2023-08-01,2500000
543387,2022/23,Cheick Doucouré,Midfield,right,2000-01-08,35000000,2525,0,3,3,22,2786,22000000,35000000,1144,0,1,2022-08-01,30000000
543387,2023/24,Cheick Doucouré,Midfield,right,2000-01-08,35000000,2160,0,0,0,23,922,35000000,35000000,922,0,0,2023-08-01,35000000
543387,2024/25,Cheick Doucouré,Midfield,right,2000-01-08,25000000,1794,0,0,0,24,445,35000000,25000000,306,0,0,2024-08-01,35000000
543499,2023/24,Mohammed Kudus,Attack,left,2000-08-02,50000000,2890,8,6,14,22,2489,45000000,50000000,964,6,1,2023-08-01,45000000
543499,2024/25,Mohammed Kudus,Attack,left,2000-08-02,45000000,2524,5,3,8,23,2603,50000000,45000000,1167,3,1,2024-08-01,50000000
543499,2025/26,Mohammed Kudus,Attack,left,2000-08-02,50000000,2159,2,6,8,24,1546,55000000,50000000,1437,2,6,2025-08-01,55000000
546543,2022/23,Darwin Núñez,Attack,right,1999-06-24,65000000,2160,9,3,12,23,1698,70000000,65000000,784,5,2,2022-08-01,70000000
546543,2023/24,Darwin Núñez,Attack,right,1999-06-24,70000000,1795,11,8,19,24,2045,65000000,70000000,1055,5,5,2023-08-01,65000000
546543,2024/25,Darwin Núñez,Attack,right,1999-06-24,45000000,1429,5,3,8,25,1118,65000000,45000000,724,2,2,2024-08-01,65000000
546712,2023/24,Anis Ben Slimane,Midfield,both,2001-03-16,2500000,1795,0,0,0,22,412,2500000,2500000,317,0,0,2023-08-01,2500000
548729,2023/24,Zeki Amdouni,Attack,right,2000-12-04,12000000,1795,5,1,6,22,1973,15000000,12000000,1386,3,1,2023-08-01,15000000
552655,2019/20,Troy Parrott,Attack,right,2002-02-04,3600000,3621,0,0,0,17,6,1500000,3600000,5,0,0,2019-08-01,1500000
553875,2023/24,Pedro Porro,Defender,right,1999-09-13,45000000,2890,3,7,10,23,3093,45000000,45000000,1708,0,6,2023-08-01,45000000
553875,2024/25,Pedro Porro,Defender,right,1999-09-13,38000000,2524,2,6,8,24,2609,45000000,38000000,1537,2,3,2024-08-01,45000000
553875,2025/26,Pedro Porro,Defender,right,1999-09-13,35000000,2159,1,2,3,25,2798,40000000,35000000,1419,0,1,2025-08-01,40000000
556385,2023/24,Destiny Udogie,Defender,left,2002-11-28,45000000,2525,2,3,5,20,2398,38000000,45000000,1418,1,2,2023-08-01,40000000
556385,2024/25,Destiny Udogie,Defender,left,2002-11-28,40000000,2159,0,1,1,21,1932,45000000,40000000,1437,0,1,2024-08-01,45000000
556385,2025/26,Destiny Udogie,Defender,left,2002-11-28,30000000,1794,0,1,1,22,1342,40000000,30000000,607,0,1,2025-08-01,40000000
557459,2023/24,Micky van de Ven,Defender,left,2001-04-19,55000000,2160,3,0,3,22,2343,40000000,55000000,945,1,0,2023-08-01,45000000
557459,2024/25,Micky van de Ven,Defender,left,2001-04-19,50000000,1794,0,2,2,23,1018,55000000,50000000,790,0,2,2024-08-01,55000000
557459,2025/26,Micky van de Ven,Defender,left,2001-04-19,50000000,1429,4,1,5,24,3043,55000000,50000000,1520,3,0,2025-08-01,65000000
557612,2022/23,Sékou Mara,Attack,right,2002-07-30,10000000,2525,1,2,3,20,542,12000000,10000000,222,0,1,2022-08-01,12000000
559263,2022/23,Fábio Carvalho,Midfield,right,2002-08-30,16000000,2525,2,0,2,19,341,15000000,16000000,333,2,0,2022-08-01,20000000
559263,2024/25,Fábio Carvalho,Midfield,right,2002-08-30,14000000,1794,2,1,3,21,445,18000000,14000000,420,1,1,2024-08-01,18000000
559263,2025/26,Fábio Carvalho,Midfield,right,2002-08-30,8000000,1429,1,0,1,22,100,12000000,8000000,100,1,0,2025-08-01,12000000
559794,2024/25,Jack Clarke,Attack,right,2000-11-23,15000000,1794,0,4,4,23,1170,15000000,15000000,515,0,2,2024-08-01,15000000
560694,2022/23,Lewis O'Brien,Midfield,left,1998-10-14,8000000,2160,1,0,1,23,580,8000000,8000000,560,1,0,2022-08-01,8000000
563963,2021/22,Mohammed Salisu,Defender,left,1999-04-17,18000000,2525,0,0,0,22,2972,10000000,18000000,1532,0,0,2021-08-01,10000000
563963,2022/23,Mohammed Salisu,Defender,left,1999-04-17,18000000,2160,0,1,1,23,1973,18000000,18000000,1440,0,1,2022-08-01,18000000
564529,2024/25,Victor Kristiansen,Defender,left,2002-12-16,15000000,1429,0,1,1,21,2489,16000000,15000000,1490,0,1,2024-08-01,16000000
565093,2023/24,Bart Verbruggen,Goalkeeper,right,2002-08-18,18000000,1795,0,0,0,20,1890,15000000,18000000,810,0,0,2023-08-01,15000000
565093,2024/25,Bart Verbruggen,Goalkeeper,right,2002-08-18,30000000,1429,0,1,1,21,3240,22000000,30000000,1530,0,0,2024-08-01,25000000
565093,2025/26,Bart Verbruggen,Goalkeeper,right,2002-08-18,40000000,1064,0,0,0,22,3420,35000000,40000000,1710,0,0,2025-08-01,35000000
565822,2021/22,Harvey Elliott,Midfield,left,2003-04-04,22000000,2159,0,0,0,18,345,15000000,22000000,250,0,0,2021-08-01,15000000
565822,2022/23,Harvey Elliott,Midfield,left,2003-04-04,35000000,1794,1,2,3,19,1611,35000000,35000000,970,1,1,2022-08-01,35000000
565822,2023/24,Harvey Elliott,Midfield,left,2003-04-04,35000000,1429,3,6,9,20,1335,30000000,35000000,398,1,1,2023-08-01,30000000
565822,2024/25,Harvey Elliott,Midfield,left,2003-04-04,30000000,1063,1,2,3,21,360,35000000,30000000,39,0,0,2024-08-01,35000000
565822,2025/26,Harvey Elliott,Midfield,left,2003-04-04,20000000,698,0,0,0,22,110,35000000,20000000,97,0,0,2025-08-01,30000000
566723,2021/22,Michael Olise,Attack,left,2001-12-12,22000000,2890,2,5,7,19,1135,18000000,22000000,291,1,2,2021-08-01,18000000
566723,2022/23,Michael Olise,Attack,left,2001-12-12,38000000,2525,2,11,13,20,2756,22000000,38000000,925,1,4,2022-08-01,22000000
566723,2023/24,Michael Olise,Attack,left,2001-12-12,55000000,2160,10,6,16,21,1278,50000000,55000000,675,5,1,2023-08-01,50000000
566799,2023/24,James Trafford,Goalkeeper,right,2002-10-10,18000000,2525,0,0,0,20,2520,15000000,18000000,1800,0,0,2023-08-01,15000000
566799,2025/26,James Trafford,Goalkeeper,right,2002-10-10,25000000,1794,0,0,0,22,360,30000000,25000000,270,0,0,2025-08-01,25000000
566931,2025/26,Xavi Simons,Midfield,right,2003-04-21,40000000,1794,2,5,7,22,1757,60000000,40000000,838,1,2,2025-08-01,60000000
568005,2021/22,Jeremy Sarmiento,Attack,right,2002-06-16,3000000,3255,0,0,0,19,45,300000,3000000,21,0,0,2021-08-01,300000
568005,2022/23,Jeremy Sarmiento,Attack,right,2002-06-16,5000000,2890,0,1,1,20,169,3000000,5000000,58,0,0,2022-08-01,3000000
568005,2024/25,Jeremy Sarmiento,Attack,right,2002-06-16,7000000,2159,0,0,0,22,8,7000000,7000000,8,0,0,2024-08-01,7000000
568157,2025/26,Yéremy Pino,Attack,right,2002-10-20,30000000,1794,2,2,4,22,2092,35000000,30000000,1101,1,1,2025-08-01,35000000
568177,2021/22,Cole Palmer,Midfield,left,2002-05-06,6000000,4351,0,0,0,19,122,3000000,6000000,122,0,0,2021-08-01,3000000
568177,2022/23,Cole Palmer,Midfield,left,2002-05-06,18000000,3986,0,1,1,20,358,10000000,18000000,101,0,0,2022-08-01,15000000
568177,2023/24,Cole Palmer,Midfield,left,2002-05-06,80000000,3621,22,11,33,21,2628,32000000,80000000,1154,8,4,2023-08-01,45000000
568177,2024/25,Cole Palmer,Midfield,left,2002-05-06,120000000,3255,15,9,24,22,3200,90000000,120000000,1662,12,6,2024-08-01,130000000
568177,2025/26,Cole Palmer,Midfield,left,2002-05-06,100000000,2890,10,1,11,23,1965,120000000,100000000,504,3,0,2025-08-01,120000000
568559,2024/25,Radu Drăgușin,Defender,right,2002-02-03,25000000,1063,0,0,0,22,1251,25000000,25000000,981,0,0,2024-08-01,25000000
568559,2025/26,Radu Drăgușin,Defender,right,2002-02-03,16000000,698,0,0,0,23,516,22000000,16000000,5,0,0,2025-08-01,22000000
568693,2023/24,Pape Matar Sarr,Midfield,right,2002-09-14,45000000,2525,3,3,6,20,2085,35000000,45000000,1176,2,2,2023-08-01,35000000
568693,2024/25,Pape Matar Sarr,Midfield,right,2002-09-14,32000000,2159,3,2,5,21,1914,45000000,32000000,1001,1,2,2024-08-01,45000000
568693,2025/26,Pape Matar Sarr,Midfield,right,2002-09-14,30000000,1794,2,4,6,22,1389,35000000,30000000,705,2,2,2025-08-01,35000000
571743,2022/23,Armando Broja,Attack,right,2001-09-10,28000000,2890,1,1,2,20,287,25000000,28000000,287,1,1,2022-08-01,30000000
571743,2023/24,Armando Broja,Attack,right,2001-09-10,22000000,2525,1,2,3,21,534,28000000,22000000,387,1,1,2023-08-01,28000000
571743,2024/25,Armando Broja,Attack,right,2001-09-10,12000000,2159,0,0,0,22,332,18000000,12000000,126,0,0,2024-08-01,15000000
571743,2025/26,Armando Broja,Attack,right,2001-09-10,5000000,1794,1,1,2,23,849,14000000,5000000,490,1,1,2025-08-01,10000000
576024,2022/23,Julián Alvarez,Attack,right,2000-01-31,60000000,2890,9,1,10,22,1454,28000000,60000000,360,3,0,2022-08-01,50000000
576024,2023/24,Julián Alvarez,Attack,right,2000-01-31,90000000,2525,11,9,20,23,2659,80000000,90000000,1597,6,6,2023-08-01,90000000
578391,2020/21,Rayan Aït-Nouri,Defender,left,2001-06-06,18000000,3620,1,1,2,19,1405,20000000,18000000,440,1,0,2020-08-01,20000000
578391,2021/22,Rayan Aït-Nouri,Defender,left,2001-06-06,20000000,3255,1,4,5,20,1828,15000000,20000000,719,0,1,2021-08-01,15000000
578391,2022/23,Rayan Aït-Nouri,Defender,left,2001-06-06,22000000,2890,1,0,1,21,1070,22000000,22000000,715,1,0,2022-08-01,22000000
578391,2023/24,Rayan Aït-Nouri,Defender,left,2001-06-06,35000000,2525,2,1,3,22,2343,25000000,35000000,1155,0,0,2023-08-01,28000000
578391,2024/25,Rayan Aït-Nouri,Defender,left,2001-06-06,35000000,2159,4,7,11,23,3128,35000000,35000000,1550,3,5,2024-08-01,35000000
578391,2025/26,Rayan Aït-Nouri,Defender,left,2001-06-06,40000000,1794,0,2,2,24,976,40000000,40000000,205,0,0,2025-08-01,40000000
578539,2022/23,Chris Richards,Defender,right,2000-03-28,10000000,1794,0,0,0,22,443,12000000,10000000,75,0,0,2022-08-01,12000000
578539,2023/24,Chris Richards,Defender,right,2000-03-28,12000000,1429,1,1,2,23,2091,8000000,12000000,741,0,0,2023-08-01,8000000
578539,2024/25,Chris Richards,Defender,right,2000-03-28,14000000,1063,1,0,1,24,1925,12000000,14000000,536,0,0,2024-08-01,12000000
578539,2025/26,Chris Richards,Defender,right,2000-03-28,28000000,698,1,0,1,25,2826,22000000,28000000,1523,0,0,2025-08-01,25000000
583189,2021/22,Anthony Elanga,Attack,right,2002-04-27,20000000,3255,2,2,4,19,1214,4000000,20000000,14,0,0,2021-08-01,4000000
583189,2022/23,Anthony Elanga,Attack,right,2002-04-27,18000000,2890,0,1,1,20,421,25000000,18000000,373,0,1,2022-08-01,25000000
583189,2023/24,Anthony Elanga,Attack,right,2002-04-27,22000000,2525,5,9,14,21,2434,18000000,22000000,1363,4,6,2023-08-01,18000000
583189,2024/25,Anthony Elanga,Attack,right,2002-04-27,42000000,2159,6,11,17,22,2510,25000000,42000000,1050,3,3,2024-08-01,25000000
583189,2025/26,Anthony Elanga,Attack,right,2002-04-27,32000000,1794,0,1,1,23,1313,55000000,32000000,679,0,1,2025-08-01,50000000
583199,2023/24,James McAtee,Midfield,left,2002-10-18,12000000,2525,3,3,6,20,1828,12000000,12000000,1010,1,2,2023-08-01,12000000
583199,2024/25,James McAtee,Midfield,left,2002-10-18,20000000,2159,3,0,3,21,342,14000000,20000000,26,0,0,2024-08-01,14000000
583199,2025/26,James McAtee,Midfield,left,2002-10-18,18000000,1794,0,1,1,22,289,25000000,18000000,149,0,0,2025-08-01,23000000
583255,2023/24,Antoine Semenyo,Attack,right,2000-01-07,10000000,2890,8,2,10,23,2113,10000000,10000000,854,3,1,2023-08-01,10000000
583255,2024/25,Antoine Semenyo,Attack,right,2000-01-07,40000000,2524,11,6,17,24,3210,20000000,40000000,1571,5,2,2024-08-01,28000000
583255,2025/26,Antoine Semenyo,Attack,right,2000-01-07,80000000,2159,17,4,21,25,3205,55000000,80000000,1620,9,3,2025-08-01,65000000
584769,2019/20,Dwight McNeil,Attack,left,1999-11-22,25000000,2890,2,6,8,19,3345,20000000,25000000,1725,1,4,2019-08-01,20000000
584769,2020/21,Dwight McNeil,Attack,left,1999-11-22,22000000,2524,2,5,7,20,3072,25000000,22000000,1167,0,1,2020-08-01,25000000
584769,2021/22,Dwight McNeil,Attack,left,1999-11-22,18000000,2159,0,1,1,21,3112,22000000,18000000,1418,0,1,2021-08-01,22000000
584769,2022/23,Dwight McNeil,Attack,left,1999-11-22,20000000,1794,7,3,10,22,2499,18000000,20000000,788,2,1,2022-08-01,18000000
584769,2023/24,Dwight McNeil,Attack,left,1999-11-22,22000000,1429,3,6,9,23,2898,20000000,22000000,1369,2,4,2023-08-01,20000000
584769,2024/25,Dwight McNeil,Attack,left,1999-11-22,25000000,1063,4,8,12,24,1371,25000000,25000000,1143,3,5,2024-08-01,25000000
584769,2025/26,Dwight McNeil,Attack,left,1999-11-22,18000000,698,0,1,1,25,1169,22000000,18000000,346,0,1,2025-08-01,20000000
585323,2024/25,Filip Jørgensen,Goalkeeper,right,2002-04-16,18000000,2524,0,0,0,22,540,20000000,18000000,180,0,0,2024-08-01,20000000
585323,2025/26,Filip Jørgensen,Goalkeeper,right,2002-04-16,15000000,2159,0,0,0,23,378,15000000,15000000,84,0,0,2025-08-01,15000000
585550,2022/23,Gavin Bazunu,Goalkeeper,right,2002-02-20,15000000,1794,0,0,0,20,2880,15000000,15000000,1530,0,0,2022-08-01,15000000
585959,2025/26,Arnaud Kalimuendo,Attack,right,2002-01-20,25000000,1794,0,0,0,23,88,30000000,25000000,82,0,0,2025-08-01,25000000
586834,2023/24,Jesurun Rak-Sakyi,Attack,left,2002-10-05,2000000,1429,0,0,0,20,132,2000000,2000000,132,0,0,2023-08-01,2000000
587002,2023/24,Myles Peart-Harris,Midfield,right,2002-09-18,700000,2525,0,0,0,20,11,700000,700000,11,0,0,2023-08-01,700000
588989,2025/26,Jhon Arias,Attack,right,1997-09-21,15000000,1613,1,0,1,27,1124,15000000,15000000,915,0,0,2025-08-01,15000000
591193,2020/21,Niels Nkounkou,Defender,left,2000-11-01,3000000,2890,0,0,0,19,81,3000000,3000000,69,0,0,2020-08-01,3000000
591949,2022/23,Aaron Hickey,Defender,both,2002-06-10,25000000,2160,0,1,1,20,1931,18000000,25000000,684,0,0,2022-08-01,18000000
591949,2023/24,Aaron Hickey,Defender,both,2002-06-10,28000000,1795,0,0,0,21,720,30000000,28000000,720,0,0,2023-08-01,30000000
591949,2025/26,Aaron Hickey,Defender,both,2002-06-10,16000000,1064,0,0,0,23,686,15000000,16000000,427,0,0,2025-08-01,16000000
595809,2023/24,Beto,Attack,right,1998-01-31,20000000,1429,3,0,3,25,941,22000000,20000000,509,1,0,2023-08-01,22000000
595809,2024/25,Beto,Attack,right,1998-01-31,22000000,1063,8,0,8,26,1528,20000000,22000000,212,1,0,2024-08-01,20000000
595809,2025/26,Beto,Attack,right,1998-01-31,18000000,698,9,1,10,27,1565,20000000,18000000,782,1,0,2025-08-01,20000000
596446,2020/21,Leif Davis,Defender,left,1999-12-31,800000,3255,0,0,0,20,31,100000,800000,31,0,0,2020-08-01,400000
596446,2024/25,Leif Davis,Defender,left,1999-12-31,22000000,1794,1,3,4,24,2746,15000000,22000000,1710,1,2,2024-08-01,25000000
597659,2021/22,Charlie Cresswell,Defender,right,2002-08-17,3000000,2525,0,0,0,18,140,1000000,3000000,95,0,0,2021-08-01,1000000
598577,2025/26,Florian Wirtz,Midfield,right,2003-05-03,100000000,1794,5,4,9,22,2390,130000000,100000000,1184,1,2,2025-08-01,110000000
601883,2022/23,Matheus Nunes,Defender,right,1998-08-27,45000000,2160,1,1,2,23,2478,45000000,45000000,984,0,1,2022-08-01,45000000
601883,2023/24,Matheus Nunes,Defender,right,1998-08-27,50000000,1795,0,2,2,24,834,55000000,50000000,473,0,1,2023-08-01,55000000
601883,2024/25,Matheus Nunes,Defender,right,1998-08-27,35000000,1429,1,6,7,25,1672,40000000,35000000,529,0,3,2024-08-01,40000000
601883,2025/26,Matheus Nunes,Defender,right,1998-08-27,50000000,1064,1,7,8,26,2865,38000000,50000000,1324,1,4,2025-08-01,38000000
602105,2022/23,Antony,Attack,left,2000-02-24,60000000,2890,4,2,6,22,1818,75000000,60000000,649,3,0,2022-08-01,75000000
602105,2023/24,Antony,Attack,left,2000-02-24,25000000,2525,1,1,2,23,1323,50000000,25000000,909,0,0,2023-08-01,35000000
602105,2024/25,Antony,Attack,left,2000-02-24,35000000,2159,0,0,0,24,135,20000000,35000000,84,0,0,2024-08-01,20000000
605184,2024/25,Jean-Clair Todibo,Defender,right,1999-12-30,25000000,1794,0,0,0,24,1833,32000000,25000000,812,0,0,2024-08-01,32000000
605184,2025/26,Jean-Clair Todibo,Defender,right,1999-12-30,22000000,1429,0,1,1,25,1819,23000000,22000000,1162,0,1,2025-08-01,23000000
606718,2022/23,Toti,Defender,left,1999-01-16,6000000,2525,1,0,1,23,981,2500000,6000000,289,0,0,2022-08-01,2500000
606718,2023/24,Toti,Defender,left,1999-01-16,20000000,2160,1,3,4,24,2776,14000000,20000000,1285,0,2,2023-08-01,14000000
606718,2024/25,Toti,Defender,left,1999-01-16,28000000,1794,0,1,1,25,2615,20000000,28000000,1265,0,1,2024-08-01,20000000
606718,2025/26,Toti,Defender,left,1999-01-16,18000000,1429,0,0,0,26,1427,25000000,18000000,953,0,0,2025-08-01,25000000
607223,2025/26,Rayan Cherki,Midfield,both,2003-08-17,90000000,1794,4,12,16,21,1786,50000000,90000000,644,2,7,2025-08-01,50000000
607224,2023/24,Hannibal,Midfield,right,2003-01-21,9000000,1795,1,0,1,20,131,12000000,9000000,131,1,0,2023-08-01,12000000
607224,2025/26,Hannibal,Midfield,right,2003-01-21,15000000,1064,1,4,5,22,1231,14000000,15000000,399,0,1,2025-08-01,14000000
607226,2025/26,Loum Tchaouna,Attack,left,2003-09-08,13000000,1794,2,1,3,21,1270,15000000,13000000,734,1,0,2025-08-01,15000000
608832,2025/26,Merlin Röhl,Midfield,right,2002-07-05,16000000,1429,1,0,1,23,678,18000000,16000000,217,0,0,2025-08-01,16000000
609556,2023/24,William Osula,Attack,right,2003-08-04,3000000,2160,0,0,0,19,784,1000000,3000000,521,0,0,2023-08-01,3000000
609556,2024/25,William Osula,Attack,right,2003-08-04,7000000,1794,1,0,1,20,124,7000000,7000000,28,0,0,2024-08-01,7000000
609556,2025/26,William Osula,Attack,right,2003-08-04,28000000,1429,7,0,7,21,811,15000000,28000000,213,1,0,2025-08-01,15000000
610442,2023/24,Rasmus Højlund,Attack,left,2003-02-04,65000000,2525,10,2,12,20,2171,65000000,65000000,1034,1,0,2023-08-01,65000000
610442,2024/25,Rasmus Højlund,Attack,left,2003-02-04,35000000,2159,4,1,5,21,2014,60000000,35000000,893,2,1,2024-08-01,60000000
610581,2024/25,Ali Al-Hamadi,Attack,right,2002-03-01,2500000,698,0,0,0,22,125,2000000,2500000,123,0,0,2024-08-01,2500000
610849,2020/21,Liam Delap,Attack,right,2003-02-08,1000000,3985,0,0,0,17,39,1000000,1000000,39,0,0,2020-08-01,1000000
610849,2024/25,Liam Delap,Attack,right,2003-02-08,40000000,2524,12,2,14,21,2616,15000000,40000000,1369,7,2,2024-08-01,25000000
610849,2025/26,Liam Delap,Attack,right,2003-02-08,28000000,2159,1,1,2,22,1101,35000000,28000000,460,0,0,2025-08-01,35000000
611793,2023/24,James Hill,Defender,right,2002-01-10,2000000,2160,0,0,0,21,75,2000000,2000000,15,0,0,2023-08-01,2000000
611793,2024/25,James Hill,Defender,right,2002-01-10,3000000,1794,0,1,1,22,449,2000000,3000000,87,0,1,2024-08-01,2000000
611793,2025/26,James Hill,Defender,right,2002-01-10,23000000,1429,0,3,3,23,2104,5000000,23000000,394,0,0,2025-08-01,7000000
612517,2025/26,Bashir Humphreys,Defender,left,2003-03-15,12000000,1429,0,2,2,22,1578,12000000,12000000,167,0,0,2025-08-01,12000000
614082,2021/22,Liam McCarron,Defender,left,2001-03-07,500000,668,0,0,0,20,9,500000,500000,9,0,0,2021-08-01,500000
614258,2022/23,Levi Colwill,Defender,left,2003-02-26,35000000,2525,0,2,2,19,1220,10000000,35000000,282,0,0,2022-08-01,10000000
614258,2023/24,Levi Colwill,Defender,left,2003-02-26,50000000,2160,1,1,2,20,1798,42000000,50000000,1510,1,1,2023-08-01,55000000
614258,2024/25,Levi Colwill,Defender,left,2003-02-26,55000000,1794,2,1,3,21,3150,55000000,55000000,1620,0,1,2024-08-01,55000000
617755,2025/26,Jenson Seelt,Defender,right,2003-05-23,5000000,1064,0,0,0,22,134,5000000,5000000,134,0,0,2025-08-01,5000000
620322,2023/24,Malo Gusto,Defender,right,2003-05-19,35000000,2525,0,6,6,20,1756,25000000,35000000,802,0,3,2023-08-01,25000000
620322,2024/25,Malo Gusto,Defender,right,2003-05-19,35000000,2159,0,1,1,21,1858,35000000,35000000,1151,0,1,2024-08-01,35000000
620322,2025/26,Malo Gusto,Defender,right,2003-05-19,35000000,1794,2,3,5,22,2268,35000000,35000000,1056,2,2,2025-08-01,35000000
620598,2023/24,Ameen Al-Dakhil,Defender,right,2002-03-06,12000000,1795,1,0,1,21,1055,11000000,12000000,875,0,0,2023-08-01,15000000
621193,2024/25,Kasey McAteer,Midfield,right,2001-11-22,2000000,1794,1,1,2,22,853,900000,2000000,333,0,1,2024-08-01,900000
621993,2021/22,Andrew Omobamidele,Defender,right,2002-06-23,1200000,2890,1,0,1,19,381,1200000,1200000,381,1,0,2021-08-01,1200000
623570,2024/25,Iliman Ndiaye,Attack,right,2000-03-06,22000000,1794,9,0,9,24,2440,18000000,22000000,1429,3,0,2024-08-01,18000000
623570,2025/26,Iliman Ndiaye,Attack,right,2000-03-06,55000000,1429,6,3,9,25,2789,35000000,55000000,1350,4,2,2025-08-01,45000000
624258,2024/25,Conor Bradley,Defender,right,2003-07-09,30000000,1794,0,2,2,21,748,20000000,30000000,230,0,0,2024-08-01,20000000
624258,2025/26,Conor Bradley,Defender,right,2003-07-09,25000000,1429,0,2,2,22,933,30000000,25000000,674,0,1,2025-08-01,30000000
626724,2021/22,João Pedro,Attack,right,2001-09-26,14000000,4351,3,1,4,19,1638,10000000,14000000,492,1,1,2021-08-01,10000000
626724,2023/24,João Pedro,Attack,right,2001-09-26,45000000,3621,9,3,12,21,2047,35000000,45000000,1054,7,2,2023-08-01,35000000
626724,2024/25,João Pedro,Attack,right,2001-09-26,50000000,3255,10,6,16,22,1953,50000000,50000000,951,4,5,2024-08-01,50000000
626724,2025/26,João Pedro,Attack,right,2001-09-26,80000000,2890,15,8,23,23,2674,65000000,80000000,1454,6,3,2025-08-01,65000000
627248,2023/24,Lewis Dobbin,Attack,right,2003-01-03,2500000,1795,1,0,1,20,227,1000000,2500000,168,1,0,2023-08-01,1000000
627442,2025/26,Benjamin Sesko,Attack,right,2003-05-31,75000000,1794,11,1,12,22,1637,60000000,75000000,862,2,1,2025-08-01,60000000
627626,2022/23,Wilfried Gnonto,Attack,right,2003-11-05,18000000,2160,2,4,6,18,1351,10000000,18000000,268,0,1,2022-08-01,10000000
627626,2025/26,Wilfried Gnonto,Attack,right,2003-11-05,16000000,1064,0,3,3,21,524,20000000,16000000,309,0,2,2025-08-01,20000000
628451,2022/23,Roméo Lavia,Midfield,right,2004-01-06,32000000,2890,1,0,1,18,2231,25000000,32000000,559,1,0,2022-08-01,25000000
628451,2023/24,Roméo Lavia,Midfield,right,2004-01-06,35000000,2525,0,0,0,19,32,50000000,35000000,32,0,0,2023-08-01,50000000
628451,2024/25,Roméo Lavia,Midfield,right,2004-01-06,40000000,2159,0,1,1,20,802,40000000,40000000,481,0,1,2024-08-01,40000000
628451,2025/26,Roméo Lavia,Midfield,right,2004-01-06,22000000,1794,0,0,0,21,377,35000000,22000000,105,0,0,2025-08-01,30000000
632349,2023/24,Jarell Quansah,Defender,right,2003-01-29,22000000,2525,2,0,2,20,1190,2000000,22000000,263,0,0,2023-08-01,6000000
632349,2024/25,Jarell Quansah,Defender,right,2003-01-29,20000000,2159,0,0,0,21,488,22000000,20000000,225,0,0,2024-08-01,22000000
633530,2022/23,Jordan Zemura,Defender,left,1999-11-14,6000000,1794,0,1,1,22,1456,4000000,6000000,947,0,1,2022-08-01,4000000
633992,2025/26,Enzo Le Fée,Midfield,right,2000-02-03,28000000,1429,5,6,11,25,2936,20000000,28000000,1311,2,3,2025-08-01,20000000
635336,2021/22,Imrân Louza,Midfield,left,1999-05-01,9000000,2525,0,0,0,22,1420,10000000,9000000,335,0,0,2021-08-01,10000000
644401,2022/23,Keane Lewis-Potter,Midfield,right,2001-02-22,12000000,3255,0,1,1,21,316,17000000,12000000,285,0,1,2022-08-01,17000000
644401,2023/24,Keane Lewis-Potter,Midfield,right,2001-02-22,15000000,2890,3,1,4,22,1441,12000000,15000000,578,2,0,2023-08-01,12000000
644401,2024/25,Keane Lewis-Potter,Midfield,right,2001-02-22,23000000,2524,1,4,5,23,3100,18000000,23000000,1383,0,2,2024-08-01,20000000
644401,2025/26,Keane Lewis-Potter,Midfield,right,2001-02-22,25000000,2159,3,3,6,24,1970,25000000,25000000,734,2,1,2025-08-01,22000000
645686,2024/25,Lamare Bogarde,Midfield,right,2004-01-05,6000000,1429,0,0,0,20,475,450000,6000000,214,0,0,2024-08-01,450000
645686,2025/26,Lamare Bogarde,Midfield,right,2004-01-05,18000000,1064,0,0,0,21,1048,10000000,18000000,420,0,0,2025-08-01,12000000
646658,2023/24,Aaron Ramsey,Midfield,right,2003-01-21,15000000,1795,0,0,0,20,526,15000000,15000000,287,0,0,2023-08-01,15000000
646738,2022/23,Juan Larios,Defender,left,2004-01-12,7000000,1429,0,0,0,18,152,5000000,7000000,152,0,0,2022-08-01,7000000
646750,2025/26,Cristhian Mosquera,Defender,right,2004-06-27,40000000,1794,0,0,0,21,989,35000000,40000000,430,0,0,2025-08-01,35000000
646991,2025/26,Robin Roefs,Goalkeeper,left,2003-01-17,28000000,1794,0,0,0,22,3150,12000000,28000000,1620,0,0,2025-08-01,18000000
648046,2022/23,Evan Ferguson,Attack,right,2004-10-19,30000000,2525,6,2,8,17,950,1000000,30000000,36,1,0,2022-08-01,1000000
648046,2023/24,Evan Ferguson,Attack,right,2004-10-19,50000000,2160,6,0,6,18,1365,65000000,50000000,940,6,0,2023-08-01,65000000
648046,2024/25,Evan Ferguson,Attack,right,2004-10-19,25000000,1794,1,0,1,19,388,45000000,25000000,220,1,0,2024-08-01,40000000
648195,2023/24,Enzo Fernández,Midfield,right,2001-01-17,75000000,3256,3,2,5,22,2215,80000000,75000000,1267,2,0,2023-08-01,80000000
648195,2024/25,Enzo Fernández,Midfield,right,2001-01-17,75000000,2890,6,7,13,23,2949,75000000,75000000,1331,3,4,2024-08-01,75000000
648195,2025/26,Enzo Fernández,Midfield,right,2001-01-17,90000000,2525,10,4,14,24,3121,80000000,90000000,1548,5,1,2025-08-01,85000000
649020,2022/23,Boubacar Traoré,Midfield,right,2001-08-20,5000000,1794,0,1,1,20,407,4000000,5000000,382,0,1,2022-08-01,5000000
649020,2023/24,Boubacar Traoré,Midfield,right,2001-08-20,6000000,1429,0,0,0,21,803,6000000,6000000,382,0,0,2023-08-01,6000000
649317,2023/24,Jhon Durán,Attack,left,2003-12-13,20000000,2525,5,0,5,19,462,17000000,20000000,148,2,0,2023-08-01,17000000
649317,2024/25,Jhon Durán,Attack,left,2003-12-13,35000000,2159,7,0,7,20,626,35000000,35000000,592,7,0,2024-08-01,40000000
649452,2023/24,Issa Kaboré,Defender,right,2001-05-12,10000000,1064,0,2,2,22,1732,10000000,10000000,1051,0,1,2023-08-01,10000000
654253,2024/25,Toby Collyer,Midfield,right,2004-01-03,5000000,698,0,0,0,20,174,2000000,5000000,45,0,0,2024-08-01,3000000
654539,2025/26,Adrien Truffert,Defender,left,2001-11-20,30000000,1794,1,5,6,23,3380,20000000,30000000,1670,0,1,2025-08-01,20000000
654982,2024/25,Bilal El Khannouss,Midfield,right,2004-05-10,28000000,2159,2,3,5,20,2197,30000000,28000000,724,1,1,2024-08-01,30000000
655488,2019/20,Gabriel Martinelli,Attack,right,2001-06-18,25000000,2890,3,0,3,18,656,5000000,25000000,366,1,0,2019-08-01,18000000
655488,2020/21,Gabriel Martinelli,Attack,right,2001-06-18,22000000,2524,2,1,3,19,586,25000000,22000000,156,0,0,2020-08-01,25000000
655488,2021/22,Gabriel Martinelli,Attack,right,2001-06-18,40000000,2159,6,6,12,20,1867,28000000,40000000,692,4,2,2021-08-01,28000000
655488,2022/23,Gabriel Martinelli,Attack,right,2001-06-18,80000000,1794,15,5,20,21,2805,60000000,80000000,1364,7,2,2022-08-01,60000000
655488,2023/24,Gabriel Martinelli,Attack,right,2001-06-18,70000000,1429,6,4,10,22,2029,85000000,70000000,1299,2,2,2023-08-01,85000000
655488,2024/25,Gabriel Martinelli,Attack,right,2001-06-18,55000000,1063,8,4,12,23,2299,60000000,55000000,1040,4,2,2024-08-01,55000000
655488,2025/26,Gabriel Martinelli,Attack,right,2001-06-18,45000000,698,1,4,5,24,1073,45000000,45000000,413,1,0,2025-08-01,45000000
657817,2023/24,Benicio Baker-Boaitey,Attack,left,2004-01-09,400000,669,0,0,0,19,37,400000,400000,12,0,0,2023-08-01,400000
658536,2023/24,Simon Adingra,Attack,right,2002-01-01,30000000,2525,6,1,7,21,2232,15000000,30000000,1144,4,1,2023-08-01,25000000
658536,2024/25,Simon Adingra,Attack,right,2002-01-01,28000000,2159,2,2,4,22,1093,30000000,28000000,427,2,1,2024-08-01,30000000
658536,2025/26,Simon Adingra,Attack,right,2002-01-01,22000000,1794,1,1,2,23,658,25000000,22000000,468,1,1,2025-08-01,22000000
659089,2023/24,Ilya Zabarnyi,Defender,right,2002-09-01,32000000,2525,1,0,1,20,3330,25000000,32000000,1710,0,0,2023-08-01,25000000
659089,2024/25,Ilya Zabarnyi,Defender,right,2002-09-01,42000000,2159,0,1,1,21,3114,38000000,42000000,1710,0,0,2024-08-01,38000000
659459,2021/22,Carney Chukwuemeka,Midfield,right,2003-10-20,6000000,3255,0,1,1,17,294,2500000,6000000,122,0,1,2021-08-01,2500000
659459,2022/23,Carney Chukwuemeka,Midfield,right,2003-10-20,15000000,2890,0,0,0,18,345,15000000,15000000,43,0,0,2022-08-01,15000000
659459,2023/24,Carney Chukwuemeka,Midfield,right,2003-10-20,15000000,2525,1,1,2,19,223,15000000,15000000,126,1,0,2023-08-01,15000000
659813,2025/26,Piero Hincapié,Defender,left,2002-01-09,50000000,2159,1,2,3,23,1792,50000000,50000000,744,0,0,2025-08-01,50000000
660860,2025/26,Diego Coppola,Defender,right,2003-12-28,18000000,1794,0,0,0,21,194,10000000,18000000,194,0,0,2025-08-01,10000000
660867,2022/23,Julio Enciso,Midfield,right,2004-01-23,22000000,2525,4,2,6,18,800,11000000,22000000,93,0,0,2022-08-01,11000000
660867,2023/24,Julio Enciso,Midfield,right,2004-01-23,22000000,2160,0,2,2,19,472,22000000,22000000,69,0,2,2023-08-01,22000000
660867,2024/25,Julio Enciso,Midfield,right,2004-01-23,22000000,1794,2,3,5,20,1165,22000000,22000000,287,0,0,2024-08-01,22000000
661053,2021/22,Jarrad Branthwaite,Defender,left,2002-06-27,3000000,3255,1,0,1,19,388,3000000,3000000,90,1,0,2021-08-01,3000000
661053,2023/24,Jarrad Branthwaite,Defender,left,2002-06-27,42000000,2525,3,1,4,21,3117,18000000,42000000,1530,0,0,2023-08-01,25000000
661053,2024/25,Jarrad Branthwaite,Defender,left,2002-06-27,50000000,2159,0,1,1,22,2510,42000000,50000000,816,0,0,2024-08-01,42000000
661207,2023/24,Oscar Bobb,Attack,left,2003-07-12,25000000,2890,1,1,2,20,295,10000000,25000000,107,0,1,2023-08-01,15000000
661207,2025/26,Oscar Bobb,Attack,left,2003-07-12,28000000,2159,0,1,1,22,1037,30000000,28000000,467,0,1,2025-08-01,25000000
661427,2025/26,David Møller Wolfe,Defender,left,2002-04-23,8000000,1794,0,2,2,23,1048,12000000,8000000,704,0,2,2025-08-01,10000000
663244,2024/25,Jota Silva,Attack,right,1999-08-01,15000000,1063,3,2,5,25,840,14000000,15000000,534,0,2,2024-08-01,14000000
663244,2025/26,Jota Silva,Attack,right,1999-08-01,10000000,698,0,0,0,26,11,14000000,10000000,11,0,0,2025-08-01,14000000
663264,2022/23,Darko Gyabi,Midfield,right,2004-02-18,3000000,1429,0,0,0,18,7,3000000,3000000,7,0,0,2022-08-01,3000000
663581,2023/24,Vini Souza,Midfield,right,1999-06-17,12000000,2525,1,0,1,24,2672,12000000,12000000,1507,0,0,2023-08-01,12000000
665390,2021/22,Jaden Philogene,Attack,right,2002-02-08,3000000,2890,0,0,0,19,4,500000,3000000,4,0,0,2021-08-01,500000
665390,2023/24,Jaden Philogene,Attack,right,2002-02-08,15000000,2160,0,0,0,21,3,5000000,15000000,3,0,0,2023-08-01,8000000
665390,2024/25,Jaden Philogene,Attack,right,2002-02-08,16000000,1794,2,0,2,22,800,15000000,16000000,326,0,0,2024-08-01,15000000
667121,2024/25,Rodrigo Gomes,Midfield,right,2003-07-07,15000000,1794,2,0,2,21,799,15000000,15000000,368,1,0,2024-08-01,15000000
667121,2025/26,Rodrigo Gomes,Midfield,right,2003-07-07,15000000,1429,3,0,3,22,958,15000000,15000000,331,1,0,2025-08-01,15000000
667287,2024/25,Yasin Ayari,Midfield,right,2003-10-06,22000000,1063,2,1,3,20,1968,12000000,22000000,926,0,0,2024-08-01,12000000
667287,2025/26,Yasin Ayari,Midfield,right,2003-10-06,35000000,698,3,3,6,21,1925,28000000,35000000,1349,1,0,2025-08-01,30000000
668268,2022/23,Marquinhos,Attack,left,2003-04-07,12000000,2344,0,0,0,19,1,10000000,12000000,1,0,0,2022-08-01,10000000
669366,2023/24,Tom Cannon,Attack,right,2002-12-28,4000000,2160,0,0,0,20,1,6000000,4000000,1,0,0,2023-08-01,6000000
670688,2023/24,Youssef Chermiti,Attack,right,2004-05-24,9000000,2160,0,0,0,19,196,9000000,9000000,46,0,0,2023-08-01,9000000
670848,2022/23,Divin Mubama,Attack,left,2004-10-25,250000,1429,0,0,0,17,36,250000,250000,3,0,0,2022-08-01,250000
670848,2023/24,Divin Mubama,Attack,left,2004-10-25,1000000,1064,0,0,0,18,75,800000,1000000,57,0,0,2023-08-01,1000000
670850,2023/24,Alex Matos,Midfield,right,2004-10-03,1200000,1064,0,0,0,18,1,200000,1200000,1,0,0,2023-08-01,300000
670858,2023/24,Lewis Hall,Defender,left,2004-09-08,18000000,2160,1,0,1,18,775,18000000,18000000,92,0,0,2023-08-01,18000000
670858,2024/25,Lewis Hall,Defender,left,2004-09-08,32000000,1794,0,5,5,19,2193,22000000,32000000,1500,0,3,2024-08-01,25000000
670858,2025/26,Lewis Hall,Defender,left,2004-09-08,40000000,1429,1,1,2,20,2180,32000000,40000000,790,0,1,2025-08-01,32000000
670859,2023/24,Antwoine Hackford,Attack,right,2004-03-20,500000,1064,0,0,0,19,11,500000,500000,11,0,0,2023-08-01,500000
670882,2025/26,Jamie Gittens,Attack,right,2004-08-08,30000000,2525,0,2,2,20,490,45000000,30000000,448,0,2,2025-08-01,40000000
673492,2024/25,Morato,Defender,left,2001-06-30,14000000,1794,0,0,0,23,893,15000000,14000000,362,0,0,2024-08-01,15000000
673492,2025/26,Morato,Defender,left,2001-06-30,14000000,1429,1,0,1,24,1341,14000000,14000000,709,0,0,2025-08-01,14000000
676318,2023/24,Facundo Pellistri,Attack,right,2001-12-20,10000000,1795,0,1,1,21,165,8000000,10000000,165,0,1,2023-08-01,10000000
680806,2022/23,Samuel Edozie,Attack,right,2003-01-28,8000000,1794,0,0,0,19,559,7000000,8000000,311,0,0,2022-08-01,7000000
680806,2024/25,Samuel Edozie,Attack,right,2003-01-28,6000000,1063,0,0,0,21,64,8000000,6000000,64,0,0,2024-08-01,8000000
683571,2025/26,Tolu Arokodare,Attack,right,2000-11-23,20000000,1429,3,1,4,24,1408,25000000,20000000,492,1,0,2025-08-01,22000000
683620,2025/26,Antoni Milambo,Midfield,right,2005-04-03,15000000,1794,0,0,0,20,45,20000000,15000000,45,0,0,2025-08-01,20000000
683895,2025/26,Emmanuel Agbadou,Defender,right,1997-06-17,16000000,1794,0,0,0,28,1101,18000000,16000000,1011,0,0,2025-08-01,18000000
684210,2022/23,Jaidon Anthony,Attack,right,1999-12-01,9000000,2890,3,1,4,22,1247,5000000,9000000,390,2,0,2022-08-01,5000000
684210,2023/24,Jaidon Anthony,Attack,right,1999-12-01,6000000,2525,0,0,0,23,153,6500000,6000000,153,0,0,2023-08-01,6500000
684210,2025/26,Jaidon Anthony,Attack,right,1999-12-01,20000000,1794,8,4,12,25,2735,14000000,20000000,1150,4,2,2025-08-01,15000000
687626,2022/23,Moisés Caicedo,Midfield,right,2001-11-02,75000000,3986,1,1,2,20,3141,25000000,75000000,1338,1,0,2022-08-01,38000000
687626,2023/24,Moisés Caicedo,Midfield,right,2001-11-02,75000000,3621,1,3,4,21,2874,90000000,75000000,1367,0,0,2023-08-01,90000000
687626,2024/25,Moisés Caicedo,Midfield,right,2001-11-02,90000000,3255,1,4,5,22,3356,80000000,90000000,1687,1,3,2024-08-01,80000000
687626,2025/26,Moisés Caicedo,Midfield,right,2001-11-02,100000000,2890,3,1,4,23,2802,100000000,100000000,1253,3,1,2025-08-01,110000000
689637,2024/25,Chadi Riad,Defender,left,2003-06-17,15000000,1794,0,0,0,21,90,15000000,15000000,90,0,0,2024-08-01,15000000
693095,2024/25,Jacob Greaves,Defender,left,2000-09-12,18000000,1794,1,0,1,23,2205,20000000,18000000,900,0,0,2024-08-01,20000000
695454,2024/25,Chiquinho,Attack,right,2000-02-05,2000000,1429,0,0,0,24,6,2500000,2000000,6,0,0,2024-08-01,2500000
696181,2025/26,Romaine Mundle,Attack,right,2003-04-24,7000000,1064,0,0,0,22,401,6000000,7000000,84,0,0,2025-08-01,6000000
696346,2024/25,Jay Stansfield,Attack,right,2002-11-24,11000000,2524,0,0,0,21,1,9000000,11000000,1,0,0,2024-08-01,9000000
696589,2023/24,Tim Iroegbunam,Midfield,right,2003-06-30,4000000,1429,0,0,0,20,158,4000000,4000000,4,0,0,2023-08-01,4000000
696589,2024/25,Tim Iroegbunam,Midfield,right,2003-06-30,9000000,1063,0,1,1,21,564,10000000,9000000,382,0,0,2024-08-01,10000000
696589,2025/26,Tim Iroegbunam,Midfield,right,2003-06-30,18000000,698,0,3,3,22,1486,11000000,18000000,761,0,2,2025-08-01,12000000
698164,2025/26,Freddie Potts,Midfield,right,2003-09-12,10000000,1429,0,1,1,21,1167,2500000,10000000,917,0,1,2025-08-01,8000000
698678,2022/23,Hugo Bueno,Defender,left,2002-09-18,6000000,2160,0,1,1,19,1315,200000,6000000,583,0,1,2022-08-01,200000
698678,2023/24,Hugo Bueno,Defender,left,2002-09-18,6000000,1795,0,0,0,20,732,6000000,6000000,392,0,0,2023-08-01,6000000
698678,2025/26,Hugo Bueno,Defender,left,2002-09-18,12000000,1064,1,2,3,22,2366,10000000,12000000,982,0,0,2025-08-01,10000000
700106,2024/25,Brajan Gruda,Midfield,left,2004-05-31,25000000,1429,1,4,5,20,681,25000000,25000000,274,0,0,2024-08-01,25000000
700106,2025/26,Brajan Gruda,Midfield,left,2004-05-31,28000000,1064,1,1,2,21,716,28000000,28000000,550,1,1,2025-08-01,28000000
701057,2022/23,Rico Lewis,Defender,right,2004-11-21,20000000,2890,0,0,0,17,903,1000000,20000000,190,0,0,2022-08-01,1000000
701057,2023/24,Rico Lewis,Defender,right,2004-11-21,38000000,2525,2,0,2,18,807,38000000,38000000,365,1,0,2023-08-01,38000000
701057,2024/25,Rico Lewis,Defender,right,2004-11-21,40000000,2159,1,2,3,19,1893,40000000,40000000,1296,1,2,2024-08-01,40000000
701057,2025/26,Rico Lewis,Defender,right,2004-11-21,28000000,1794,0,1,1,20,402,35000000,28000000,205,0,1,2025-08-01,35000000
708072,2025/26,Nicolò Savona,Defender,right,2003-03-19,15000000,1794,2,0,2,22,1026,15000000,15000000,1005,2,0,2025-08-01,15000000
709726,2025/26,Hugo Ekitiké,Attack,right,2002-06-20,80000000,2159,11,4,15,23,1811,85000000,80000000,1048,8,2,2025-08-01,85000000
709767,2024/25,Ji-soo Kim,Defender,both,2004-12-24,600000,698,0,0,0,19,28,600000,600000,12,0,0,2024-08-01,600000
711337,2024/25,Evanilson,Attack,both,1999-10-06,35000000,1794,10,5,15,24,2336,35000000,35000000,1300,5,4,2024-08-01,35000000
711337,2025/26,Evanilson,Attack,both,1999-10-06,35000000,1429,6,3,9,25,2762,40000000,35000000,1278,2,1,2025-08-01,40000000
711544,2024/25,Jake O'Brien,Defender,right,2001-05-15,18000000,1429,2,0,2,23,1569,15000000,18000000,34,0,0,2024-08-01,15000000
711544,2025/26,Jake O'Brien,Defender,right,2001-05-15,18000000,1064,1,1,2,24,3124,16000000,18000000,1580,0,1,2025-08-01,16000000
711999,2023/24,Lesley Ugochukwu,Midfield,right,2004-03-26,25000000,2525,0,0,0,19,297,25000000,25000000,270,0,0,2023-08-01,25000000
711999,2024/25,Lesley Ugochukwu,Midfield,right,2004-03-26,18000000,2159,1,1,2,20,1663,25000000,18000000,368,0,0,2024-08-01,25000000
711999,2025/26,Lesley Ugochukwu,Midfield,right,2004-03-26,22000000,1794,3,2,5,21,2351,22000000,22000000,1148,3,1,2025-08-01,25000000
712117,2022/23,Bobby Clark,Midfield,right,2005-02-07,350000,1429,0,0,0,17,7,350000,350000,7,0,0,2022-08-01,350000
716276,2024/25,Yerson Mosquera,Defender,right,2001-05-02,8000000,2159,0,0,0,23,442,8000000,8000000,442,0,0,2024-08-01,8000000
716276,2025/26,Yerson Mosquera,Defender,right,2001-05-02,12000000,1794,0,0,0,24,2143,10000000,12000000,691,0,0,2025-08-01,10000000
717411,2023/24,Yegor Yarmolyuk,Midfield,right,2004-03-01,10000000,2890,0,0,0,19,674,1000000,10000000,347,0,0,2023-08-01,2500000
717411,2024/25,Yegor Yarmolyuk,Midfield,right,2004-03-01,15000000,2524,0,0,0,20,1443,12000000,15000000,410,0,0,2024-08-01,12000000
717411,2025/26,Yegor Yarmolyuk,Midfield,right,2004-03-01,32000000,2159,1,2,3,21,2667,20000000,32000000,1313,0,2,2025-08-01,25000000
719673,2023/24,Ben Gannon-Doak,Attack,right,2005-11-11,10000000,2525,0,0,0,17,13,3000000,10000000,13,0,0,2023-08-01,10000000
719673,2025/26,Ben Gannon-Doak,Attack,right,2005-11-11,15000000,1794,0,1,1,19,105,18000000,15000000,53,0,1,2025-08-01,18000000
724783,2025/26,Tawanda Chirewa,Midfield,right,2003-10-12,450000,698,0,0,0,21,25,500000,450000,21,0,0,2025-08-01,500000
727089,2025/26,Noah Sadiki,Midfield,right,2004-12-17,35000000,1794,0,1,1,20,2896,17000000,35000000,1416,0,0,2025-08-01,25000000
730861,2023/24,Milos Kerkez,Defender,left,2003-11-07,20000000,2525,0,1,1,19,1976,18000000,20000000,1165,0,1,2023-08-01,20000000
730861,2024/25,Milos Kerkez,Defender,left,2003-11-07,45000000,2159,2,6,8,20,3342,28000000,45000000,1641,1,2,2024-08-01,28000000
730861,2025/26,Milos Kerkez,Defender,left,2003-11-07,35000000,1794,2,1,3,21,2261,40000000,35000000,1215,1,0,2025-08-01,40000000
730893,2020/21,Tyrick Mitchell,Defender,left,1999-09-01,7000000,2524,1,1,2,20,1710,5000000,7000000,630,0,0,2020-08-01,5000000
730893,2021/22,Tyrick Mitchell,Defender,left,1999-09-01,25000000,2159,0,2,2,21,3103,12000000,25000000,1702,0,1,2021-08-01,14000000
730893,2022/23,Tyrick Mitchell,Defender,left,1999-09-01,22000000,1794,0,2,2,22,2896,28000000,22000000,1014,0,2,2022-08-01,28000000
730893,2023/24,Tyrick Mitchell,Defender,left,1999-09-01,25000000,1429,2,3,5,23,3210,22000000,25000000,1629,1,2,2023-08-01,22000000
730893,2024/25,Tyrick Mitchell,Defender,left,1999-09-01,25000000,1063,0,5,5,24,3103,25000000,25000000,1658,0,3,2024-08-01,25000000
730893,2025/26,Tyrick Mitchell,Defender,left,1999-09-01,25000000,698,1,2,3,25,3255,25000000,25000000,1615,1,0,2025-08-01,25000000
734425,2023/24,Michael Olakigbe,Attack,,2004-04-25,600000,669,0,0,0,19,51,500000,600000,51,0,0,2023-08-01,600000
735570,2023/24,João Gomes,Midfield,right,2001-02-12,35000000,2525,2,1,3,22,2659,22000000,35000000,1391,0,0,2023-08-01,22000000
735570,2024/25,João Gomes,Midfield,right,2001-02-12,40000000,2159,3,1,4,23,2989,40000000,40000000,1528,2,1,2024-08-01,40000000
735570,2025/26,João Gomes,Midfield,right,2001-02-12,40000000,1794,1,1,2,24,2835,40000000,40000000,1462,0,0,2025-08-01,40000000
735571,2023/24,Rodrigo Muniz,Attack,right,2001-05-04,20000000,2525,9,1,10,22,1599,5000000,20000000,316,0,0,2023-08-01,5000000
735571,2024/25,Rodrigo Muniz,Attack,right,2001-05-04,20000000,2159,8,1,9,23,950,20000000,20000000,566,3,1,2024-08-01,20000000
735571,2025/26,Rodrigo Muniz,Attack,right,2001-05-04,20000000,1794,1,1,2,24,997,25000000,20000000,353,1,1,2025-08-01,25000000
739443,2024/25,Igor Thiago,Attack,right,2001-06-26,18000000,2524,0,0,0,23,169,25000000,18000000,130,0,0,2024-08-01,25000000
739443,2025/26,Igor Thiago,Attack,right,2001-06-26,65000000,2159,22,1,23,24,3287,22000000,65000000,1495,11,1,2025-08-01,35000000
741238,2024/25,Omari Hutchinson,Midfield,left,2003-10-30,22000000,2159,3,2,5,20,2593,18000000,22000000,1542,2,1,2024-08-01,22000000
741238,2025/26,Omari Hutchinson,Midfield,left,2003-10-30,30000000,1794,1,7,8,21,1684,35000000,30000000,742,1,4,2025-08-01,30000000
742451,2024/25,Carlos Forbs,Attack,left,2004-03-19,8000000,1794,0,1,1,20,233,8000000,8000000,217,0,1,2024-08-01,8000000
743384,2025/26,Chemsdine Talbi,Attack,right,2005-05-09,25000000,1794,4,2,6,20,1564,20000000,25000000,887,2,2,2025-08-01,22000000
743413,2025/26,Nico O'Reilly,Defender,left,2005-03-21,70000000,1794,5,3,8,20,2649,30000000,70000000,1316,1,3,2025-08-01,40000000
743498,2023/24,Wilson Odobert,Attack,right,2004-11-28,10000000,2160,3,3,6,18,2108,9000000,10000000,571,3,1,2023-08-01,10000000
743498,2024/25,Wilson Odobert,Attack,right,2004-11-28,20000000,1794,1,0,1,19,849,18000000,20000000,162,0,0,2024-08-01,18000000
743498,2025/26,Wilson Odobert,Attack,right,2004-11-28,18000000,1429,0,2,2,20,981,22000000,18000000,540,0,1,2025-08-01,22000000
743591,2024/25,Savinho,Attack,left,2004-04-10,50000000,2524,1,10,11,20,1772,55000000,50000000,914,1,4,2024-08-01,55000000
743591,2025/26,Savinho,Attack,left,2004-04-10,35000000,2159,1,2,3,21,821,45000000,35000000,484,0,2,2025-08-01,45000000
743597,2023/24,Matheus França,Midfield,right,2004-04-01,15000000,1064,0,1,1,19,225,15000000,15000000,45,0,0,2023-08-01,15000000
743600,2023/24,Andrey Santos,Midfield,right,2004-05-03,15000000,2525,0,0,0,19,7,14000000,15000000,7,0,0,2023-08-01,14000000
743600,2025/26,Andrey Santos,Midfield,right,2004-05-03,40000000,1794,1,0,1,21,1255,40000000,40000000,441,0,0,2025-08-01,40000000
744149,2024/25,Adam Wharton,Midfield,left,2004-02-06,45000000,1794,0,2,2,20,1327,32000000,45000000,626,0,0,2024-08-01,32000000
744149,2025/26,Adam Wharton,Midfield,left,2004-02-06,70000000,1429,1,5,6,21,2563,60000000,70000000,1305,0,2,2025-08-01,60000000
745181,2025/26,Soungoutou Magassa,Midfield,right,2003-10-08,17000000,2159,1,0,1,21,979,17000000,17000000,693,1,0,2025-08-01,17000000
745191,2024/25,Ramón Sosa,Attack,right,1999-08-31,12000000,2159,1,0,1,24,280,13000000,12000000,212,1,0,2024-08-01,13000000
745461,2023/24,Luca Koleosho,Attack,right,2004-09-15,7000000,2160,1,1,2,18,986,6000000,7000000,986,1,1,2023-08-01,7000000
745851,2023/24,Sydie Peck,Midfield,right,2004-09-13,200000,1795,0,0,0,18,9,200000,200000,9,0,0,2023-08-01,200000
746695,2024/25,Kamaldeen Sulemana,Attack,right,2002-02-15,13000000,1794,1,1,2,22,1406,13000000,13000000,103,0,0,2024-08-01,13000000
746739,2023/24,Andre Brooks,Midfield,left,2003-08-20,2500000,1429,0,0,0,19,942,2500000,2500000,407,0,0,2023-08-01,2500000
746740,2024/25,Daniel Jebbison,Attack,right,2003-08-13,4000000,698,1,0,1,20,105,1200000,4000000,26,0,0,2024-08-01,1200000
747009,2024/25,Justin Devenny,Midfield,left,2003-10-11,6000000,1063,1,1,2,20,496,150000,6000000,229,1,0,2024-08-01,150000
747009,2025/26,Justin Devenny,Midfield,left,2003-10-11,12000000,698,1,0,1,21,789,8000000,12000000,297,1,0,2025-08-01,8000000
747153,2023/24,Dan Gore,Midfield,right,2004-09-26,900000,1034,0,0,0,18,1,600000,900000,1,0,0,2023-08-01,900000
748319,2024/25,Carlos Alcaraz,Midfield,right,2002-11-30,14000000,1063,2,3,5,21,771,14000000,14000000,9,0,0,2024-08-01,14000000
748319,2025/26,Carlos Alcaraz,Midfield,right,2002-11-30,15000000,698,0,1,1,22,685,15000000,15000000,662,0,1,2025-08-01,15000000
763079,2025/26,Abdukodir Khusanov,Defender,right,2004-02-29,50000000,1429,0,0,0,21,1429,35000000,50000000,251,0,0,2025-08-01,35000000
776890,2023/24,Nicolas Jackson,Attack,right,2001-06-20,35000000,3621,14,5,19,22,2810,35000000,35000000,1454,7,2,2023-08-01,35000000
776890,2024/25,Nicolas Jackson,Attack,right,2001-06-20,50000000,3255,10,5,15,23,2240,40000000,50000000,1377,9,3,2024-08-01,55000000
780630,2023/24,Willy Kambwala,Defender,right,2004-08-25,5000000,2160,0,0,0,18,326,2000000,5000000,85,0,0,2023-08-01,2000000
790992,2023/24,Alfie Gilchrist,Defender,right,2003-11-28,5000000,669,1,0,1,19,202,200000,5000000,2,0,0,2023-08-01,300000
796305,2023/24,Jamie Donley,Midfield,left,2005-01-03,1500000,1064,0,0,0,18,3,1500000,1500000,2,0,0,2023-08-01,1500000
800176,2024/25,André,Midfield,right,2001-07-16,28000000,2159,0,0,0,23,2485,25000000,28000000,982,0,0,2024-08-01,25000000
800176,2025/26,André,Midfield,right,2001-07-16,25000000,1794,1,0,1,24,2766,28000000,25000000,1337,0,0,2025-08-01,28000000
801734,2025/26,Mathys Tel,Attack,right,2005-04-27,22000000,2159,4,1,5,20,1342,30000000,22000000,277,2,0,2025-08-01,30000000
805714,2024/25,Renato Veiga,Defender,left,2003-07-29,25000000,2890,0,0,0,21,176,8000000,25000000,176,0,0,2024-08-01,10000000
808509,2023/24,Danilo,Midfield,left,2001-04-29,28000000,2160,2,2,4,22,1797,28000000,28000000,661,0,0,2023-08-01,28000000
808509,2024/25,Danilo,Midfield,left,2001-04-29,28000000,1794,0,0,0,23,276,28000000,28000000,15,0,0,2024-08-01,28000000
811779,2022/23,Alejandro Garnacho,Attack,right,2004-07-01,25000000,3621,3,2,5,18,561,4000000,25000000,154,1,0,2022-08-01,5000000
811779,2023/24,Alejandro Garnacho,Attack,right,2004-07-01,45000000,3256,7,4,11,19,2576,30000000,45000000,1069,3,2,2023-08-01,30000000
811779,2024/25,Alejandro Garnacho,Attack,right,2004-07-01,45000000,2890,6,2,8,20,2196,50000000,45000000,1013,3,1,2024-08-01,50000000
811779,2025/26,Alejandro Garnacho,Attack,right,2004-07-01,28000000,2525,1,4,5,21,1268,45000000,28000000,765,1,3,2025-08-01,45000000
817612,2022/23,Luke Harris,Midfield,right,2005-03-04,500000,1794,0,0,0,17,10,500000,500000,10,0,0,2022-08-01,500000
817612,2023/24,Luke Harris,Midfield,right,2005-03-04,1000000,1429,0,0,0,18,74,1000000,1000000,74,0,0,2023-08-01,1000000
820374,2023/24,Kobbie Mainoo,Midfield,right,2005-04-19,55000000,2890,3,1,4,18,1940,6000000,55000000,450,0,0,2023-08-01,6000000
820374,2024/25,Kobbie Mainoo,Midfield,right,2005-04-19,50000000,2524,0,0,0,19,1656,55000000,50000000,1030,0,0,2024-08-01,55000000
820374,2025/26,Kobbie Mainoo,Midfield,right,2005-04-19,70000000,2159,1,2,3,20,1654,45000000,70000000,212,0,0,2025-08-01,40000000
821522,2024/25,Alfie Pond,Defender,right,2004-02-17,250000,1429,0,0,0,20,1,250000,250000,1,0,0,2024-08-01,250000
823231,2023/24,Dango Ouattara,Attack,left,2002-02-11,20000000,2525,1,2,3,21,1220,20000000,20000000,454,0,0,2023-08-01,20000000
823231,2024/25,Dango Ouattara,Attack,left,2002-02-11,28000000,2159,7,4,11,22,2011,20000000,28000000,811,3,3,2024-08-01,20000000
823231,2025/26,Dango Ouattara,Attack,left,2002-02-11,35000000,1794,7,8,15,23,2282,35000000,35000000,1067,3,4,2025-08-01,35000000
823486,2025/26,Michael Kayode,Defender,right,2004-07-10,40000000,2525,1,1,2,21,3264,20000000,40000000,1571,0,0,2025-08-01,27000000
842341,2025/26,Maxime Estève,Defender,left,2002-05-26,28000000,1794,0,0,0,23,2938,24000000,28000000,1448,0,0,2025-08-01,25000000
845289,2023/24,James McConnell,Midfield,right,2004-09-13,500000,2525,0,0,0,18,3,300000,500000,1,0,0,2023-08-01,500000
845321,2024/25,Kaelan Casey,Defender,right,2004-10-28,1000000,698,0,0,0,19,1,1000000,1000000,1,0,0,2024-08-01,1000000
848509,2025/26,Jackson Tchatchoua,Defender,right,2001-09-14,12000000,1794,0,1,1,23,1837,12000000,12000000,923,0,0,2025-08-01,12000000
848682,2024/25,Kosta Nedeljkovic,Defender,right,2005-12-16,10000000,1794,0,0,0,18,121,8500000,10000000,114,0,0,2024-08-01,8500000
852024,2023/24,Bénie Traoré,Attack,right,2002-11-30,4000000,1795,0,0,0,20,385,4000000,4000000,385,0,0,2023-08-01,4000000
854721,2025/26,Ben Winterburn,Midfield,right,2004-09-04,450000,698,0,0,0,20,6,450000,450000,6,0,0,2025-08-01,450000
855256,2023/24,Alex Scott,Midfield,right,2003-08-21,20000000,1795,1,1,2,19,1010,20000000,20000000,343,1,1,2023-08-01,20000000
855256,2024/25,Alex Scott,Midfield,right,2003-08-21,20000000,1429,0,0,0,20,751,20000000,20000000,260,0,0,2024-08-01,20000000
855256,2025/26,Alex Scott,Midfield,right,2003-08-21,50000000,1064,3,1,4,21,2860,25000000,50000000,1256,1,0,2025-08-01,30000000
864121,2024/25,Abdul Fatawu,Attack,left,2004-03-08,11000000,1794,0,2,2,20,577,13000000,11000000,577,0,2,2024-08-01,13000000
864799,2022/23,Stefan Bajcetic,Midfield,right,2004-10-22,13000000,1794,1,0,1,17,529,1000000,13000000,36,1,0,2022-08-01,1000000
865993,2023/24,David Ozoh,Midfield,right,2005-05-06,700000,1429,0,0,0,18,148,700000,700000,91,0,0,2023-08-01,700000
866246,2024/25,Lucas Bergvall,Midfield,right,2006-02-02,38000000,2524,0,1,1,18,1205,12000000,38000000,221,0,0,2024-08-01,12000000
866246,2025/26,Lucas Bergvall,Midfield,right,2006-02-02,35000000,2159,1,3,4,19,967,40000000,35000000,733,1,2,2025-08-01,40000000
866655,2024/25,Tyler Dibling,Attack,left,2006-02-17,25000000,1794,2,1,3,18,1874,5000000,25000000,1078,2,0,2024-08-01,22000000
866655,2025/26,Tyler Dibling,Attack,left,2006-02-17,17000000,1429,0,0,0,19,350,35000000,17000000,275,0,0,2025-08-01,30000000
867688,2023/24,Jack Hinshelwood,Midfield,right,2005-04-11,16000000,2160,3,0,3,18,871,1000000,16000000,531,2,0,2023-08-01,7000000
867688,2024/25,Jack Hinshelwood,Midfield,right,2005-04-11,24000000,1794,5,3,8,19,1848,20000000,24000000,843,1,0,2024-08-01,24000000
867688,2025/26,Jack Hinshelwood,Midfield,right,2005-04-11,28000000,1429,4,4,8,20,1751,22000000,28000000,505,1,2,2025-08-01,22000000
874080,2023/24,Mason Burstow,Attack,right,2003-08-04,1800000,1795,0,0,0,19,8,1500000,1800000,8,0,0,2023-08-01,1500000
876631,2025/26,Habib Diarra,Midfield,right,2004-01-03,35000000,1794,2,3,5,21,1409,32000000,35000000,373,0,1,2025-08-01,32000000
880245,2024/25,Mateus Fernandes,Midfield,right,2004-07-10,15000000,2524,2,4,6,20,2922,12000000,15000000,1404,1,1,2024-08-01,15000000
880245,2025/26,Mateus Fernandes,Midfield,right,2004-07-10,50000000,2159,3,4,7,21,3026,32000000,50000000,1331,2,1,2025-08-01,32000000
888493,2023/24,Alejo Veliz,Attack,right,2003-09-19,9000000,3074,1,0,1,19,45,11000000,9000000,45,1,0,2023-08-01,11000000
890290,2024/25,Dean Huijsen,Defender,both,2005-04-14,60000000,2159,3,2,5,19,2422,12000000,60000000,790,2,0,2024-08-01,18000000
890719,2024/25,Ethan Nwaneri,Midfield,left,2007-03-21,55000000,2159,4,2,6,17,889,12000000,55000000,108,1,0,2024-08-01,30000000
890719,2025/26,Ethan Nwaneri,Midfield,left,2007-03-21,35000000,1794,0,0,0,18,165,45000000,35000000,165,0,0,2025-08-01,40000000
890721,2024/25,Myles Lewis-Skelly,Defender,left,2006-09-26,45000000,2159,1,0,1,17,1371,5000000,45000000,232,0,0,2024-08-01,10000000
890721,2025/26,Myles Lewis-Skelly,Defender,left,2006-09-26,45000000,1794,0,0,0,18,698,40000000,45000000,279,0,0,2025-08-01,40000000
897481,2024/25,Eric da Silva Moreira,Defender,right,2006-05-03,1000000,1429,0,0,0,18,28,1000000,1000000,28,0,0,2024-08-01,1000000
900195,2025/26,Kevin,Attack,right,2003-01-04,25000000,1794,1,2,3,22,1038,30000000,25000000,566,0,1,2025-08-01,30000000
900601,2023/24,Alex Murphy,Defender,left,2004-06-25,250000,1795,0,0,0,19,11,250000,250000,3,0,0,2023-08-01,250000
904802,2025/26,Jorrel Hato,Defender,left,2006-03-07,40000000,2525,0,0,0,19,1143,40000000,40000000,167,0,0,2025-08-01,35000000
911424,2025/26,Tyler Fredricson,Defender,right,2005-02-23,3000000,1064,0,0,0,20,2,3000000,3000000,2,0,0,2025-08-01,3000000
922563,2024/25,Oliver Scarles,Defender,left,2005-12-12,8000000,1429,0,0,0,18,663,400000,8000000,34,0,0,2024-08-01,400000
922563,2025/26,Oliver Scarles,Defender,left,2005-12-12,10000000,1064,0,1,1,19,660,8000000,10000000,314,0,0,2025-08-01,8000000
922693,2024/25,Archie Gray,Midfield,right,2006-03-12,38000000,2159,0,0,0,18,1744,25000000,38000000,507,0,0,2024-08-01,25000000
922693,2025/26,Archie Gray,Midfield,right,2006-03-12,35000000,1794,2,2,4,19,1480,35000000,35000000,440,1,0,2025-08-01,35000000
922764,2023/24,Ben Parkinson,Attack,right,2005-03-10,250000,1795,0,0,0,18,24,250000,250000,24,0,0,2023-08-01,250000
922769,2023/24,Lewis Miley,Midfield,right,2006-05-01,22000000,3256,1,3,4,17,1208,2500000,22000000,608,1,1,2023-08-01,13000000
922769,2024/25,Lewis Miley,Midfield,right,2006-05-01,22000000,2890,1,0,1,18,304,22000000,22000000,11,0,0,2024-08-01,22000000
922769,2025/26,Lewis Miley,Midfield,right,2006-05-01,25000000,2525,1,4,5,19,1494,20000000,25000000,841,1,2,2025-08-01,20000000
923831,2024/25,Leny Yoro,Defender,right,2005-11-13,55000000,1794,0,0,0,18,1164,55000000,55000000,241,0,0,2024-08-01,55000000
923831,2025/26,Leny Yoro,Defender,right,2005-11-13,50000000,1429,0,2,2,19,1739,55000000,50000000,1050,0,2,2025-08-01,55000000
926952,2025/26,Patrick Dorgu,Attack,left,2004-10-26,35000000,1794,4,4,8,20,1445,30000000,35000000,982,1,2,2025-08-01,30000000
927768,2025/26,Lucas Pires,Defender,left,2001-03-24,4000000,1064,0,0,0,24,1406,5000000,4000000,322,0,0,2025-08-01,5000000
933017,2025/26,Zach Abbott,Defender,right,2006-05-13,4000000,1429,0,0,0,19,166,300000,4000000,45,0,0,2025-08-01,300000
933018,2025/26,Tom Watson,Attack,right,2006-04-08,7000000,1429,0,0,0,19,56,10000000,7000000,46,0,0,2025-08-01,10000000
933900,2024/25,Samuel Amo-Ameyaw,Attack,left,2006-07-18,4000000,1794,0,0,0,18,26,300000,4000000,26,0,0,2024-08-01,300000
936874,2025/26,Tyrique George,Attack,right,2006-02-04,20000000,1794,0,0,0,19,353,20000000,20000000,143,0,0,2025-08-01,22000000
937941,2025/26,Thierno Barry,Attack,right,2002-10-21,30000000,1429,8,0,8,22,1915,30000000,30000000,932,2,0,2025-08-01,30000000
938158,2024/25,Marc Guiu,Attack,right,2006-01-04,8000000,1794,0,0,0,18,70,8000000,8000000,23,0,0,2024-08-01,8000000
938158,2025/26,Marc Guiu,Attack,right,2006-01-04,12000000,1429,0,1,1,19,266,12000000,12000000,248,0,1,2025-08-01,12000000
942497,2024/25,Jahmai Simpson-Pusey,Defender,right,2005-11-04,5000000,2159,0,0,0,18,95,2000000,5000000,95,0,0,2024-08-01,2000000
947411,2025/26,Chris Rigg,Midfield,left,2007-06-18,25000000,1794,1,1,2,18,766,25000000,25000000,321,0,0,2025-08-01,25000000
950091,2025/26,Stefanos Tzimas,Attack,both,2006-01-06,18000000,1794,1,1,2,19,132,22000000,18000000,132,1,1,2025-08-01,22000000
953135,2025/26,Callum Marshall,Attack,left,2004-11-28,2000000,698,0,0,0,20,58,2000000,2000000,58,0,0,2025-08-01,2000000
954105,2025/26,Jamaldeen Jimoh-Aloba,Midfield,right,2006-10-02,300000,333,0,0,0,18,8,300000,300000,8,0,0,2025-08-01,300000
955357,2025/26,Junior Kroupi,Attack,right,2006-06-23,70000000,1794,13,0,13,19,1683,22000000,70000000,494,5,0,2025-08-01,22000000
967319,2025/26,Romain Esse,Attack,left,2005-05-13,10000000,1794,0,0,0,20,40,10000000,10000000,29,0,0,2025-08-01,10000000
967346,2025/26,Eliezer Mayenda,Attack,left,2005-05-08,16000000,2159,2,0,2,20,756,18000000,16000000,286,1,0,2025-08-01,18000000
973085,2023/24,Carlos Baleba,Midfield,left,2004-01-03,22000000,1795,0,0,0,19,1320,20000000,22000000,554,0,0,2023-08-01,20000000
973085,2024/25,Carlos Baleba,Midfield,left,2004-01-03,40000000,1429,3,1,4,20,2673,35000000,40000000,1167,2,1,2024-08-01,35000000
973085,2025/26,Carlos Baleba,Midfield,left,2004-01-03,55000000,1064,0,0,0,21,1662,60000000,55000000,903,0,0,2025-08-01,60000000
983989,2023/24,Facundo Buonanotte,Midfield,left,2004-12-23,18000000,1795,3,1,4,18,1369,12000000,18000000,430,1,1,2023-08-01,12000000
983989,2024/25,Facundo Buonanotte,Midfield,left,2004-12-23,20000000,1429,5,2,7,19,1514,22000000,20000000,1040,4,2,2024-08-01,22000000
983989,2025/26,Facundo Buonanotte,Midfield,left,2004-12-23,12000000,1064,0,0,0,20,81,18000000,12000000,45,0,0,2025-08-01,18000000
984096,2025/26,Jair Cunha,Defender,both,2005-03-07,15000000,1794,0,0,0,20,516,12000000,15000000,90,0,0,2025-08-01,12000000
989112,2025/26,Veljko Milosavljevic,Defender,right,2007-06-28,20000000,1794,0,0,0,18,367,15000000,20000000,365,0,0,2025-08-01,20000000
991800,2024/25,Luís Guilherme,Attack,left,2006-02-09,15000000,2159,0,0,0,18,139,22000000,15000000,20,0,0,2024-08-01,22000000
991800,2025/26,Luís Guilherme,Attack,left,2006-02-09,12000000,1794,0,0,0,19,121,12000000,12000000,121,0,0,2025-08-01,10000000
992686,2024/25,Martial Godo,Attack,right,2003-03-14,600000,2159,0,0,0,21,21,600000,600000,14,0,0,2024-08-01,600000
996897,2025/26,Diego Gómez,Midfield,right,2003-03-27,25000000,1794,5,1,6,22,2139,20000000,25000000,1124,3,0,2025-08-01,25000000
1004708,2025/26,Josh Acheampong,Defender,right,2006-05-05,25000000,1429,1,0,1,19,663,15000000,25000000,396,1,0,2025-08-01,20000000
1005649,2023/24,Murillo,Defender,left,2002-07-04,35000000,2525,0,2,2,21,2793,9000000,35000000,1234,0,1,2023-08-01,22000000
1005649,2024/25,Murillo,Defender,left,2002-07-04,55000000,2159,2,0,2,22,3191,40000000,55000000,1598,1,0,2024-08-01,50000000
1005649,2025/26,Murillo,Defender,left,2002-07-04,50000000,1794,1,0,1,23,2133,55000000,50000000,1101,1,0,2025-08-01,55000000
1006411,2025/26,Jaydee Canvot,Defender,right,2006-07-29,28000000,1429,0,0,0,19,1334,20000000,28000000,113,0,0,2025-08-01,20000000
1009658,2025/26,Julio Soler,Defender,left,2005-02-16,8000000,1429,0,0,0,20,34,8000000,8000000,34,0,0,2025-08-01,8000000
1011131,2024/25,Josh King,Midfield,right,2007-01-03,1000000,1794,0,0,0,17,127,200000,1000000,73,0,0,2024-08-01,200000
1011131,2025/26,Josh King,Midfield,right,2007-01-03,25000000,1429,1,2,3,18,1304,10000000,25000000,874,0,1,2025-08-01,20000000
1011140,2025/26,Jack Fletcher,Midfield,left,2007-03-19,1000000,698,0,0,0,18,107,1000000,1000000,107,0,0,2025-08-01,1000000
1011147,2024/25,Mikey Moore,Attack,right,2007-08-11,18000000,2159,0,1,1,16,361,1000000,18000000,83,0,0,2024-08-01,10000000
1012534,2024/25,Yankuba Minteh,Attack,left,2004-07-22,30000000,1794,6,4,10,20,1844,28000000,30000000,590,2,1,2024-08-01,28000000
1012534,2025/26,Yankuba Minteh,Attack,left,2004-07-22,45000000,1429,3,4,7,21,2401,35000000,45000000,1551,1,4,2025-08-01,40000000
1031293,2023/24,Ryan Oné,Attack,,2006-06-26,200000,2160,0,0,0,17,7,200000,200000,7,0,0,2023-08-01,200000
1045123,2025/26,Trey Nyoni,Midfield,right,2007-06-30,8000000,1794,0,0,0,18,21,6000000,8000000,2,0,0,2025-08-01,6000000
1056993,2025/26,Estêvão,Attack,left,2007-04-24,80000000,2890,2,2,4,18,846,80000000,80000000,560,1,1,2025-08-01,80000000
1060087,2025/26,Charalampos Kostoulas,Attack,right,2007-05-30,25000000,1794,2,1,3,18,353,25000000,25000000,97,1,0,2025-08-01,25000000
1063329,2025/26,Andrés García,Defender,right,2003-02-07,6000000,1429,0,0,0,22,83,7000000,6000000,29,0,0,2025-08-01,7000000
1064471,2025/26,Fer López,Midfield,left,2004-05-24,16000000,1794,0,1,1,21,230,18000000,16000000,230,0,1,2025-08-01,16000000
1069512,2025/26,Jonah Kusi-Asare,Attack,right,2007-07-04,3000000,2159,0,0,0,18,49,4000000,3000000,23,0,0,2025-08-01,4000000
1078163,2025/26,Ayden Heaven,Defender,left,2006-09-22,30000000,1429,0,1,1,18,923,10000000,30000000,487,0,1,2025-08-01,10000000
1081995,2025/26,Mohamadou Kanté,Midfield,right,2005-09-20,1000000,2159,0,0,0,19,66,300000,1000000,15,0,0,2025-08-01,300000
1082850,2023/24,Deivid Washington,Attack,right,2005-06-05,9000000,2525,0,0,0,18,11,9000000,9000000,9,0,0,2023-08-01,9000000
1107733,2024/25,Harrison Armstrong,Midfield,right,2007-01-19,800000,1429,0,0,0,17,47,500000,800000,2,0,0,2024-08-01,500000
1107733,2025/26,Harrison Armstrong,Midfield,right,2007-01-19,12000000,1064,0,0,0,18,528,1200000,12000000,1,0,0,2025-08-01,1200000
1108466,2025/26,Rio Ngumoha,Attack,right,2008-08-29,30000000,1064,2,1,3,16,551,10000000,30000000,42,1,0,2025-08-01,15000000
1111589,2025/26,El Hadji Malick Diouf,Defender,left,2004-12-28,28000000,1794,0,5,5,20,2711,25000000,28000000,1388,0,3,2025-08-01,28000000
1124005,2025/26,Christantus Uche,Attack,both,2003-05-19,12000000,1064,0,1,1,22,159,15000000,12000000,83,0,1,2025-08-01,15000000
1141628,2024/25,Yunus Konak,Midfield,right,2006-01-10,4500000,1794,0,0,0,18,37,4500000,4500000,19,0,0,2024-08-01,4500000
1202361,2025/26,Bradley Burrowes,Attack,right,2008-03-04,2000000,698,0,0,0,17,16,2000000,2000000,16,0,0,2025-08-01,2000000
1230661,2025/26,Mateus Mané,Midfield,right,2007-09-16,20000000,1429,3,2,5,17,1790,250000,20000000,271,0,1,2025-08-01,250000
